ID,publication_date,extracted_url,best_common,best_common_prob,best_full,best_full_prob,best_name,best_name_prob,article_count,extracted_url_status,extracted_url_country,extracted_url_coordinates,wayback_url
28511181,2017-05-17,http://slsdb.manipal.edu/ocm,1-CMDb,0.992982775,one-carbon metabolism database,0.925644517,1-CMDb,0.992982775,1,,,,
24275494,2013-11-25,http://hsb.upf.edu,,0,1000 Genomes Selection Browser,0.770321417,1000 Genomes Selection Browser,0.770321417,1,,,,
30304689,2018-10-01,http://10kimmunomes.org,10KIP,0.928437392,"10,000 Immunomes Project",0.844234129,10KIP,0.928437392,1,,,,
21389154,2011-03-09,http://147.8.74.24/16SpathDB,16SpathDB,0.996311396,,0,16SpathDB,0.996311396,1,,,,
"33175170, 32102777, 33704069",2021-01-01,http://bigd.big.ac.cn,2019nCoVR,0.997189482,2019 Novel Coronavirus Resource,0.953625798,2019nCoVR,0.997189482,3,,,,
34244700,2021-07-09,http://2dprots.ncbr.muni.cz,2DProts,0.990597233,,0,2DProts,0.990597233,1,,,,
36480578,2022-12-08,http://materialsdb.cn/2dsdb/index.html,2DSdb,0.995554725,semiconductor database,0.909201384,2DSdb,0.995554725,1,,,,
"23203891, 26980515",2012-11-30,http://2p2idb.cnrs-mrs.fr,2P2I,0.99723657,,0,2P2I,0.99723657,2,,,,
27081154,2016-04-14,http://3cdb.big.ac.cn,3CDB,0.995992641,,0,3CDB,0.995992641,1,,,,
40308064,2025-04-29,http://www.3d-gdp.com,3D-GDP,0.995221829,genome,0.578920722,3D-GDP,0.995221829,1,,,,
27694207,2016-10-02,http://nucleus3d.cent.uw.edu.pl/influenza,3DFlu,0.99639225,,0,3DFlu,0.99639225,1,,,,
24526713,2014-02-12,http://3dgd.biosino.org,3DGD,0.996886671,Genome Database,0.968708754,3DGD,0.996886671,1,,,,
24081580,2013-09-29,http://3did.irbbarcelona.org,3did,0.997478525,interacting domains,0.710986495,3did,0.997478525,1,,,,
"33245777, 29106613",2021-01-01,http://3div.kr,3DIV,0.995887399,3D-genome Interaction Viewer and database,0.817636555,3DIV,0.995887399,2,,,,
23293959,2013-03-07,"http://www.genome.jp/kegg/compound/, http://www.3dmet.dna.affrc.go.jp",3DMET,0.974991322,Three-dimensional structure database of natural metabolites,0.861961424,3DMET,0.974991322,1,,,,
"34723317, 27789693",2022-01-01,http://omic.tech/3dsnpv2,3DSNP,0.99662596,,0,3DSNP,0.99662596,2,,,,
35501320,2022-05-02,http://data.4dnucleome.org,4DN,0.968712419,Nucleome,0.617621064,4DN,0.968712419,1,,,,
26490961,2015-10-20,http://combio.pl/5srnadb,5SRNAdb,0.94896158,,0,5SRNAdb,0.94896158,1,,,,
25465051,2014-12-03,http://bioinf.mind.meiji.ac.jp/a-wings,A-WINGS,0.987336159,,0,A-WINGS,0.987336159,1,,,,
33169878,2020-11-10,http://apeswiki.eva.mpg.de,A.P.E.S,0.811360155,,0,A.P.E.S,0.811360155,1,,,,
37797858,2023-10-04,http://acds.neist.res.in/a2idv2,A2ID,0.99742128,Aromatic-Aromatic Interactions Database,0.983424056,A2ID,0.99742128,1,,,,
28779078,2017-08-04,http://www.iictindia.org/A2MDB,A2MDB,0.993841752,Aspergillus Secondary Metabolites Database,0.987300144,A2MDB,0.993841752,1,,,,
35445695,2022-05-01,http://biocomp.chem.uw.edu.pl/A3D2/hproteome,A3D,0.833937526,,0,A3D,0.833937526,1,,,,
37716955,2023-09-16,http://biocomp.chem.uw.edu.pl/A3D2/yeast,A3DyDB,0.98839151,yeast database,0.942084551,A3DyDB,0.98839151,1,,,,
38100461,2023-12-15,http://www.lqlgroup.cn:3838/AAAKB,AAAKB,0.996765316,,0,AAAKB,0.996765316,1,,,,
40402563,2025-05-22,http://i.uestc.edu.cn/AACDB,AACDB,0.986964989,Antigen-Antibody Complex Database,0.927708305,AACDB,0.986964989,1,,,,
37279138,2023-09-01,http://www.acdb.plus/AADB,AADB,0.965810284,Antibiotic Adjuvant DataBase,0.826598577,AADB,0.965810284,1,,,,
"37183442, 27924021, 32162267",2023-05-14,http://biokb.ncpsb.org.cn/aagatlas_portal/index.php,AAgAtlas,0.991741061,Human Autoantigen Atlas,0.694618344,AAgAtlas,0.991741061,3,,,,
38470883,2024-03-01,http://project.iith.ac.in/cgntlab/aagingbase,AagingBase,0.99250412,,0,AagingBase,0.99250412,1,,,,
28977551,2018-01-01,http://bioinfo.wilmer.jhu.edu/AAgMarker,AAgMarker,0.988109291,,0,AAgMarker,0.988109291,1,,,,
24888382,2014-06-03,http://aair.cimed.ike.liu.se,AAIR,0.995133579,Allergic Airway Inflammation Repository,0.976998336,AAIR,0.995133579,1,,,,
37798675,2023-10-05,http://webapp.ufz.de/aamdb,AAMDB,0.995282829,Animal-Associated Metagenome Metadata Database,0.956911061,AAMDB,0.995282829,1,,,,
35771624,2022-08-01,http://web.iitm.ac.in/bioinfo2/ab-cov/home,Ab-CoV,0.996665657,,0,Ab-CoV,0.996665657,1,,,,
39395188,2024-10-01,http://abampdb.mgbio.tech,AbAMPdb,0.996243238,,0,AbAMPdb,0.996243238,1,,,,
"27242034, 32542109",2016-05-30,http://abasy.ccg.unam.mx,Abasy,0.987492204,acteria systems,0.613150299,Abasy,0.987492204,2,,,,
35920330,2023-01-01,http://abc.sklehabc.com,ABC portal,0.674647212,,0,ABC portal,0.674647212,1,,,,
37994699,2024-01-01,http://www.ccb.uni-saarland.de/abc_humi,ABC-HuMi,0.997026086,,0,ABC-HuMi,0.997026086,1,,,,
28365738,2017-01-01,http://abcm2.hegelab.org,ABCMdb,0.99738276,,0,ABCMdb,0.99738276,1,,,,
29156005,2018-01-01,http://bioinfo.imtech.res.in/manojk/abiofilm,aBiofilm,0.9043421,,0,aBiofilm,0.9043421,1,,,,
38844871,2024-01-01,http://naturalantibody.com/ngs,AbNGS,0.994563878,,0,AbNGS,0.994563878,1,,,,
39703430,2024-12-18,http://absd.pasteur.cloud,ABSD,0.994937181,AntiBody Sequence Database,0.982847822,ABSD,0.994937181,1,,,,
39162009,2024-09-01,http://discover.nci.nih.gov/acc_cellminercdb,ACC_CellMinerCDB,0.933717191,,0,ACC_CellMinerCDB,0.933717191,1,,,,
"35708586, 31832668",2022-06-01,http://acetobase.molbio.slu.se,AcetoBase,0.99637115,,0,AcetoBase,0.99637115,2,,,,
32702093,2020-12-01,"http://AciDB.cl, http://gitlab.com/Hawkline451/acidb",AciDB,0.99098736,,0,AciDB,0.99098736,1,,,,
34497528,2021-08-23,http://www.acnpd-fu.com,ACNPD,0.9954561,anti-cancer natural product database,0.887865017,ACNPD,0.9954561,1,,,,
35697698,2022-06-13,http://i.uestc.edu.cn/ACovPepDB,ACovPepDB,0.987743855,,0,ACovPepDB,0.987743855,1,,,,
25229122,2014-10-14,http://www.ats.amherst.edu/protein,ACPro,0.962495983,,0,ACPro,0.962495983,1,,,,
33137193,2021-01-01,http://pacrispr.erc.monash.edu/AcrHub,AcrHub,0.99744314,,0,AcrHub,0.99744314,1,,,,
20949389,2011-01-01,http://acsr.ucsf.edu,ACSR,0.963491698,AIDS and Cancer Specimen Resource,0.931551437,ACSR,0.963491698,1,,,,
22829726,2012-06-16,http://www.actinobase.in,Actinobase,0.993042409,,0,Actinobase,0.993042409,1,,,,
29126202,2018-01-01,http://www.ActiveDriverDB.org,ActiveDriverDB,0.994272113,,0,ActiveDriverDB,0.994272113,1,,,,
29956270,2018-01-01,http://www.molgen.vib-ua.be/FTDmutations,AD&FTD,0.950616956,,0,AD&FTD,0.950616956,1,,,,
35222847,2022-02-10,http://addagma.omicsbio.info,ADDAGMA,0.994934142,domestic animal gut microbiome atlas,0.881645232,ADDAGMA,0.994934142,1,,,,
25392412,2014-11-11,http://www.addgene.org,Addgene Repository,0.828912163,,0,Addgene Repository,0.828912163,1,,,,
34025933,2021-04-19,http://159.226.67.237/sun/addictgedb,AddictGene,0.997377753,,0,AddictGene,0.997377753,1,,,,
31648087,2019-09-11,http://www.rxnfinder.org/additivechem,AdditiveChem,0.995760739,,0,AdditiveChem,0.995760739,1,,,,
33401309,2021-09-01,http://ccsm.uth.edu/ADeditome,ADeditome,0.997124791,,0,ADeditome,0.997124791,1,,,,
37876351,2023-10-24,http://doi.org/10.34894/V0HBJ8,ADEPT,0.99176085,,0,ADEPT,0.99176085,1,,,,
22080511,2011-11-10,http://adhd.psych.ac.cn,ADHDgene,0.933751583,,0,ADHDgene,0.933751583,1,,,,
35617175,2023-03-01,http://www.biobdlab.cn/ADmeth,ADmeth,0.994930148,,0,ADmeth,0.994930148,1,,,,
23092397,2012-11-01,http://www.admetexp.org,admetSAR,0.990115881,,0,admetSAR,0.990115881,1,,,,
27507885,2016-08-09,http://ADPriboDB.leunglab.org,ADPriboDB,0.997497678,,0,ADPriboDB,0.997497678,1,,,,
25361966,2014-10-31,http://bioinf.xmu.edu.cn/ADReCS,ADReCS,0.995718002,Adverse Drug Reaction Classification System,0.979371885,ADReCS,0.995718002,1,,,,
35068457,2022-01-01,http://advp.niagads.org,ADVP,0.98153156,Alzheimer's Disease Variant Portal,0.960921812,ADVP,0.98153156,1,,,,
35471187,2022-04-26,http://aegyptiatlas.buchonlab.com,Aegypti-Atlas,0.98744604,,0,Aegypti-Atlas,0.98744604,1,,,,
32291734,2020-10-01,http://inetapps.nus.edu.sg/aelp,AELP,0.983020544,Auditory English Lexicon Project,0.609619483,AELP,0.983020544,1,,,,
40250417,2025-04-01,http://a-flavus-expression-db-jyqnpeuvta-uc.a.run.app,AFED,0.987117569,Aspergillus flavus expression database,0.98513934,AFED,0.987117569,1,,,,
22682155,2012-06-01,http://www.affinomics.org,AFFINOMICS,0.97896564,,0,AFFINOMICS,0.97896564,1,,,,
23993619,2013-07-11,http://www.fao.org/infoods/biodiversity/index_en.stm,aFiSh,0.991861537,NFOODS database on fish and shellfish,0.929391642,aFiSh,0.991861537,1,,,,
37947313,2023-11-01,http://proteininformatics.org/mkumar/afrbase,AFRbase,0.989475906,antifungal resistance database,0.712025821,AFRbase,0.989475906,1,,,,
25048123,2014-01-01,http://bioinfo.net.in/AgAbDb.htm,AgAbDb,0.995833278,Antigen-Antibody Interaction Database,0.982613113,AgAbDb,0.995833278,1,,,,
30239679,2018-01-01,http://www.agbiodata.org,AgBioData,0.996884644,,0,AgBioData,0.996884644,1,,,,
39224843,2024-08-19,http://cbcb.cdutcm.edu.cn/AGD,AGD,0.988301277,Asteraceae Genomics Database,0.970619678,AGD,0.988301277,1,,,,
36200838,2023-01-01,http://relab.xidian.edu.cn/AgeAnno,AgeAnno,0.998385131,,0,AgeAnno,0.998385131,1,,,,
37850649,2024-01-01,http://relab.xidian.edu.cn/AgeAnnoMO,AgeAnnoMO,0.998020887,,0,AgeAnnoMO,0.998020887,1,,,,
24217911,2013-11-11,http://agefactdb.jenage.de,AgeFactDB,0.997452736,JenAge Ageing Factor Database,0.809117585,AgeFactDB,0.997452736,1,,,,
38622098,2024-02-01,http://age-meta.com,AgeMeta,0.997973561,Database of Mammalian,0.637330472,AgeMeta,0.997973561,1,,,,
37889051,2024-01-01,http://agidb.pro,AGIDB,0.997780979,,0,AGIDB,0.997780979,1,,,,
26602690,2015-11-23,http://agingchart.org,Aging Chart,0.833349913,,0,Aging Chart,0.833349913,1,,,,
39695922,2024-12-18,http://210.37.77.200:8080/Aging2Cancer/index.jsp,Aging2Cancer,0.995824888,,0,Aging2Cancer,0.995824888,1,,,,
36239391,2022-11-01,http://bio-bigdata.hrbmu.edu.cn/AgingBank,AgingBank,0.995045781,,0,AgingBank,0.995045781,1,,,,
37805704,2023-10-01,http://bio.liclab.net/Aging-ReG,AgingReG,0.994641721,,0,AgingReG,0.994641721,1,,,,
40841691,2025-08-21,http://agmicrobiomebase.org/data,AgMicrobiomeBase,0.996726274,Crop Microbiome Cryobank,0.703105487,AgMicrobiomeBase,0.996726274,1,,,,
38319109,2024-02-06,http://dianalab.e-ce.uth.gr/agnodice,Agnodice,0.994411469,,0,Agnodice,0.994411469,1,,,,
36068786,2022-09-01,http://i.uestc.edu.cn/agodb,AGODB,0.994528651,database of Ago proteins,0.680158809,AGODB,0.994528651,1,,,,
38289057,2024-01-30,http://genomes.atcc.org,AGP,0.861773153,ATCC Genome Portal,0.839814484,AGP,0.861773153,1,,,,
37448872,2023-06-28,http://www.nbpgr.ernet.in:8080/AmaranthGRD,AGRDB,0.99208951,Amaranth Genomic Resource Database,0.950433041,AGRDB,0.99208951,1,,,,
30231853,2018-09-19,http://expression.latrobe.edu.au/agriseqdb,AgriSeqDB,0.997874022,,0,AgriSeqDB,0.997874022,1,,,,
22084200,2011-11-13,"http://ahdb.ee.ncku.edu.tw/, http://ahdb.csbb.ntu.edu.tw",AH-DB,0.99563925,Apo-Holo DataBase,0.77852336,AH-DB,0.99563925,1,,,,
28376796,2017-04-04,http://public.sylics.com,AHCODA-DB,0.993691454,,0,AHCODA-DB,0.993691454,1,,,,
38284936,2024-01-01,http://ahp.augusta.edu,AHP DB,0.953907371,Aqueous Humor Proteomics Database,0.942185773,AHP DB,0.953907371,1,,,,
25392419,2014-11-11,http://crdd.osdd.net/raghava/ahtpdb,AHTPDB,0.997885823,,0,AHTPDB,0.997885823,1,,,,
31123286,2019-05-23,http://956023.ichengyun.net/AICD/index.php,AICD,0.981977388,nti-Inflammatory Compounds Database,0.904850148,AICD,0.981977388,1,,,,
21148158,2011-01-01,http://www.aid-register.uk-essen.de,AID-Net,0.68992514,,0,AID-Net,0.68992514,1,,,,
"35899212, 35755024",2022-07-11,http://clinicaltrials.gov,AIDA,0.981406907,,0,AIDA,0.981406907,2,,,,
39192607,2024-08-01,http://ssbio.cau.ac.kr/databases/AiPD,AiPD,0.979876268,Autoinhibited Protein Database,0.945263231,AiPD,0.979876268,1,,,,
26644461,2015-12-07,http://alcodb.jp,ALCOdb,0.997920737,Algae Gene Coexpression database,0.973787616,ALCOdb,0.997920737,1,,,,
25853886,2015-04-08,http://res.xaut.edu.cn/aldb/index.jsp,ALDB,0.989124298,nimal,0.511159897,ALDB,0.989124298,1,,,,
30357390,2019-01-01,http://aledb.org,ALEdb,0.993111849,,0,ALEdb,0.993111849,1,,,,
24556904,2014-02-21,http://plantpathology.ba.ars.usda.gov/alfalfatfdb.html,AlfalfaTFDB,0.975518227,,0,AlfalfaTFDB,0.975518227,1,,,,
34361108,2021-08-03,http://bioinfo.usu.edu/alfanet,alfaNET,0.997048736,,0,alfaNET,0.997048736,1,,,,
22039151,2011-10-28,http://alfred.med.yale.edu,ALFRED,0.992198706,,0,ALFRED,0.992198706,1,,,,
28069893,2017-01-01,http://alga-pras.riken.jp,Alga-PrAS,0.994979988,Algal Protein Annotation Suite database,0.78106205,Alga-PrAS,0.994979988,1,,,,
24628857,2014-03-14,http://algaepath.itps.ncku.edu.tw,AlgaePath,0.996096075,,0,AlgaePath,0.996096075,1,,,,
40606149,2025-06-18,http://algicidedb.ocean-meta.com,AlgicideDB,0.996805012,,0,AlgicideDB,0.996805012,1,,,,
22659196,2012-05-30,http://alkamid.ugent.be,Alkamid,0.985504031,,0,Alkamid,0.985504031,1,,,,
23193282,2012-11-28,http://www.brain-map.org,Allen Brain Atlas,0.758832355,,0,Allen Brain Atlas,0.758832355,1,,,,
25097382,2014-06-30,http://nabic.rda.go.kr/allergen,AllergenPro,0.997101068,,0,AllergenPro,0.997101068,1,,,,
21498548,2011-04-15,http://allie.dbcls.jp,Allie,0.968772352,,0,Allie,0.968772352,1,,,,
38371639,2023-12-29,http://allium.qau.edu.cn,AlliumDB,0.995748699,,0,AlliumDB,0.995748699,1,,,,
22559261,2012-05-04,http://alliumgenetics.org,AlliumMap,0.986065328,,0,AlliumMap,0.986065328,1,,,,
30365033,2019-01-01,http://allomaps.bii.a-star.edu.sg,AlloMAPS,0.996572554,,0,AlloMAPS,0.996572554,1,,,,
33852582,2021-04-14,http://www.nipgr.ac.in/AlnC,AlnC,0.996692717,Catalogue,0.617510498,AlnC,0.996692717,1,,,,
38718922,2024-05-06,http://alpha-esmhfolds.biocomp.unibo.it,Alpha&ESMhFolds,0.969740672,,0,Alpha&ESMhFolds,0.969740672,1,,,,
40133787,2025-01-29,"http://alphafold.ebi.ac.uk/, http://www.ebi.ac.uk/pdbe/pdbe-kb/3dbeacons",AlphaFold,0.980505466,,0,AlphaFold,0.980505466,1,,,,
"37933859, 34791371",2024-01-01,http://alphafold.ebi.ac.uk,AlphaFold DB,0.993730307,AlphaFold Protein Structure Database,0.894862016,AlphaFold DB,0.993730307,2,,,,
36917599,2023-03-01,http://conglab.swmed.edu/AFTM,AFTM,0.899130523,AlphaFold Transmembrane proteins,0.931475423,AlphaFold Transmembrane proteins,0.931475423,1,,,,
"22753137, 21702733",2012-07-16,http://alsod.iop.kcl.ac.uk,ALSoD,0.907861531,Online Database,0.633407295,ALSoD,0.907861531,2,,,,
34316271,2021-07-13,"http://altaiflora.asu.ru/en/, http://altb.asu.ru",ALTB,0.855050087,,0,ALTB,0.855050087,1,,,,
21880703,2011-08-31,http://www.aluhunter.com,AluHunter,0.993216336,,0,AluHunter,0.993216336,1,,,,
25432889,2014-11-29,http://alz.big.ac.cn/alzBase,AlzBase,0.974508405,,0,AlzBase,0.974508405,1,,,,
38306039,2024-01-01,http://alzdatalens.partners.org,Alzheimer DataLENS,0.923006073,,0,Alzheimer DataLENS,0.923006073,1,,,,
22647208,2012-05-30,http://alzpathway.org,AlzPathway,0.996937859,,0,AlzPathway,0.996937859,1,,,,
34335304,2021-07-14,http://gift2disease.net/GIFTED,Amadis,0.995023131,,0,Amadis,0.995023131,1,,,,
25762455,2015-04-09,http://amamutdb.no,amamutdb.no,0.977049748,,0,amamutdb.no,0.977049748,1,,,,
32193422,2020-03-19,http://www.amazon-fish.com,AmazonFish,0.907141924,,0,AmazonFish,0.907141924,1,,,,
41257542,2025-11-18,http://bioinformatics.nwnu.edu.cn/AmDB,AmDB,0.992295802,database of Astragalus,0.610408584,AmDB,0.992295802,1,,,,
23317704,2012-11-07,http://www.amddatabase.info,AMDD,0.986542583,anti microbial drug database,0.958445907,AMDD,0.986542583,1,,,,
39615827,2024-11-28,http://amdgd.bioinf.org.cn/for,AMDGKB,0.996453583,,0,AMDGKB,0.996453583,1,,,,
39377391,2025-01-01,http://yanglab.hzau.edu.cn/AMIR,AMIR,0.979358077,Asteraceae Multi-omics Information Resource,0.958360621,AMIR,0.979358077,1,,,,
41389446,2025-12-05,http://amore-project.org,AMORE,0.904814005,Monitoring of Oxytocin Research Evidence,0.870869177,AMORE,0.904814005,1,,,,
37857659,2023-10-19,http://bblserver.org.in/ampdb,AMPDB,0.991376579,Anti-Microbial Peptide Database version 1Â¢Â¢Â¢Â¢Â¢Â¢Â¢Â¢,0.937014544,AMPDB,0.991376579,1,,,,
26828034,2016-01-01,http://www.amphibiachina.org,AmphibiaChina,0.995878279,,0,AmphibiaChina,0.995878279,1,,,,
30247677,2019-01-01,http://amtdb.org,AmtDB,0.998366475,,0,AmtDB,0.998366475,1,,,,
31094220,2019-05-16,http://bioinformatics.biol.uoa.gr/amyco,AmyCo,0.988337398,amyloidoses collection,0.742020524,AmyCo,0.988337398,1,,,,
26088800,2015-06-17,http://comprec-lin.iiar.pwr.edu.pl/amyload,AmyLoad,0.924672663,,0,AmyLoad,0.924672663,1,,,,
29040693,2018-01-01,http://amypro.net,AmyPro,0.99600482,,0,AmyPro,0.99600482,1,,,,
39342076,2024-09-28,http://anagenome.cn,ANAgdb,0.997683942,ANA-grade Genome Database,0.909666862,ANAgdb,0.997683942,1,,,,
32765587,2020-07-20,http://education.knoweng.org/abc-gwas,ABC-GWAS,0.923012972,Analysis of Breast Cancer GWAS,0.94699221,Analysis of Breast Cancer GWAS,0.94699221,1,,,,
30371900,2019-01-01,http://ancestralgenomes.org,Ancestral Genomes,0.586193487,,0,Ancestral Genomes,0.586193487,1,,,,
31347432,2019-07-26,http://arecanut.icmr.org.in,ANDB,0.951109529,Areca nut database,0.914340153,ANDB,0.951109529,1,,,,
27582018,2016-09-01,http://angiogenes.uni-frankfurt.de,ANGIOGENES,0.997215807,,0,ANGIOGENES,0.997215807,1,,,,
35232080,2022-02-01,http://animalaudiograms.org,,0,Animal Audiogram Database,0.682225436,Animal Audiogram Database,0.682225436,1,,,,
30937442,2019-05-01,http://www.ccb.uni-saarland.de/asra,ASRA,0.944391489,Animal sncRNA Atlas,0.959473997,Animal sncRNA Atlas,0.959473997,1,,,,
32986825,2021-01-01,http://gong_lab.hzau.edu.cn/Animal-APAdb,Animal-APAdb,0.993082929,,0,Animal-APAdb,0.993082929,1,,,,
34551433,2022-01-01,http://gong_lab.hzau.edu.cn/Animal-eRNAdb,Animal-eRNAdb,0.992497991,,0,Animal-eRNAdb,0.992497991,1,,,,
31584087,2020-01-01,http://gong_lab.hzau.edu.cn/Animal_ImputeDB,Animal-ImputeDB,0.997726774,,0,Animal-ImputeDB,0.997726774,1,,,,
36300636,2023-01-01,http://gong_lab.hzau.edu.cn/Animal_SNPAtlas,Animal-SNPAtlas,0.997035573,,0,Animal-SNPAtlas,0.997035573,1,,,,
37897361,2024-01-01,http://yanglab.hzau.edu.cn/animalmetaomics,AnimalMetaOmics,0.997925917,Animal Meta-omics landscape database,0.885119428,AnimalMetaOmics,0.997925917,1,,,,
"36268869, 25262351, 30204897, 22080564",2023-01-01,http://bioinfo.life.hust.edu.cn/AnimalTFDB4,AnimalTFDB,0.989919841,Animal Transcription Factor Database,0.946069503,AnimalTFDB,0.989919841,4,,,,
31680137,2020-01-01,http://www.aniseed.cnrs.fr,ANISEED,0.995582819,,0,ANISEED,0.995582819,1,,,,
39937661,2025-02-01,http://anncovdb.app.bio-it.tech,AnnCovDB,0.993958294,,0,AnnCovDB,0.993958294,1,,,,
"33326073, 32406920",2021-01-01,http://annolnc1.gao-lab.org,AnnoLnc,0.998637438,,0,AnnoLnc,0.998637438,2,,,,
21904438,2011-08-20,http://bioinfopresidencycollegekolkata.edu.in/antagomirs.html,Antagomir,0.96470964,,0,Antagomir,0.96470964,1,,,,
35653350,2022-06-01,http://139.224.212.120:18095,AnthraxKP,0.907631814,,0,AnthraxKP,0.907631814,1,,,,
37120901,2023-03-01,http://www.ammpdb.com,AMMPDB,0.985954976,Anti Mtb medicinal plant database,0.990030547,Anti Mtb medicinal plant database,0.990030547,1,,,,
35348649,2022-03-01,http://guolab.whu.edu.cn/anti-CRISPRdb,Anti-CRISPRdb,0.994663129,,0,Anti-CRISPRdb,0.994663129,1,,,,
34718689,2022-01-01,http://arts-db.ziemertlab.com,ARTS,0.609794259,Antibiotic Resistant Target Seeker,0.790353626,Antibiotic Resistant Target Seeker,0.790353626,1,,,,
33996073,2021-01-01,http://antifungalinteractions.org/was,,0,antifungal drug interactions database,0.586464763,antifungal drug interactions database,0.586464763,1,,,,
32584882,2020-06-25,http://amdr.amu.ac.in/acd,ACD,0.987468759,Antimicrobial chemotherapeutics database,0.987474948,Antimicrobial chemotherapeutics database,0.987474948,1,,,,
30639529,2019-01-09,http://www.ceb.uminho.pt/aecd,,0,Antimicrobial Enzyme Combinations Database,0.657052189,Antimicrobial Enzyme Combinations Database,0.657052189,1,,,,
"34529321, 37695921",2021-09-24,http://aps.unmc.edu,APD,0.664892316,antimicrobial peptide database,0.933922029,antimicrobial peptide database,0.933922029,2,,,,
"37904617, 27924032, 30395294, 33152079",2024-01-01,http://antismash-db.secondarymetabolites.org,antiSMASH,0.958897054,,0,antiSMASH,0.958897054,4,,,,
27671474,2016-09-26,http://www.antistaphybase.com,ANTISTAPHYBASE,0.932832658,,0,ANTISTAPHYBASE,0.932832658,1,,,,
40932285,2025-09-11,http://www.antiviraldb.com,AntiviralDB,0.997535825,,0,AntiviralDB,0.997535825,1,,,,
36159991,2022-09-08,http://bioinfo.imtech.res.in/manojk/antivirmir,AntiVIRmiR,0.944081157,,0,AntiVIRmiR,0.944081157,1,,,,
36702059,2023-01-19,http://aocd.swmd.co.in,AOCD,0.996473864,Anti-obesity compound database,0.985789309,AOCD,0.996473864,1,,,,
28784999,2017-08-07,http://lin.uestc.edu.cn/AODdatabase/index.aspx,AOD,0.994940579,Antioxidant Database,0.930749983,AOD,0.994940579,1,,,,
37001349,2023-03-25,http://aodb.idruglab.cn,AODB,0.992513955,antioxidant database,0.631445616,AODB,0.992513955,1,,,,
31978081,2020-01-24,http://aoe.dbcls.jp,AOE,0.969555974,,0,AOE,0.969555974,1,,,,
35295213,2022-02-14,http://aopwiki.org,AOP-DB,0.947153851,Pathway,0.499669313,AOP-DB,0.947153851,1,,,,
31586392,2020-01-01,http://hanlab.uth.edu/apa,APAatlas,0.997015476,,0,APAatlas,0.997015476,1,,,,
25052703,2014-07-22,http://tools.genxpro.net/apadb,APADB,0.981904626,,0,APADB,0.981904626,1,,,,
25378337,2014-11-06,http://mosas.sysu.edu.cn/utr,APASdb,0.995926738,,0,APASdb,0.995926738,1,,,,
"26602694, 25555720",2015-11-23,http://aps.unmc.edu/AP,APD3,0.988607168,The antimicrobial peptide database,0.915424158,APD3,0.988607168,2,,,,
37450416,2023-07-01,http://apdb.di.univr.it,APDB,0.99430114,,0,APDB,0.99430114,1,,,,
41052717,2025-10-04,http://tagr.bio2db.com/index.html,TAGR,0.882881775,Apiales Genome Resources Database,0.905242801,Apiales Genome Resources Database,0.905242801,1,,,,
30715274,2019-01-01,http://apid.dep.usal.es,APID,0.780257463,,0,APID,0.780257463,1,,,,
36494486,2022-12-09,http://bioinf.modares.ac.ir/software/ApInAPDB,ApInAPDB,0.99384892,Apoptosis-Inducing Anticancer Peptides Database,0.962792307,ApInAPDB,0.99384892,1,,,,
28413782,2017-03-30,http://deepaklab.com/aphidmicrodb,APMicroDB,0.996813858,microsatellite repeat database of the pea aphid,0.969031361,APMicroDB,0.996813858,1,,,,
26861916,2016-02-10,http://crdd.osdd.net/raghava/apocand,ApoCanD,0.977928281,,0,ApoCanD,0.977928281,1,,,,
22067098,2011-11-08,http://apoptoproteomics.uio.no,ApoptoProteomics,0.990143538,,0,ApoptoProteomics,0.990143538,1,,,,
31695717,2019-10-22,http://bioinformatics.cau.edu.cn/AppleMDO,AppleMDO,0.992001891,,0,AppleMDO,0.992001891,1,,,,
37968063,2023-11-16,http://apprise.biogrid.org.au,APPRISE,0.902844772,Australian Partnership for Preparedness Research on InfectiouS disease Emergencies,0.751553573,APPRISE,0.902844772,1,,,,
33643383,2021-02-12,http://lms.snu.edu.in/APRegNet,APRegNet,0.974425733,,0,APRegNet,0.974425733,1,,,,
34556150,2021-09-23,http://apricotgpd.com,AprGPD,0.988473594,apricot,0.7814821,AprGPD,0.988473594,1,,,,
38164624,2024-02-16,http://lmmd.ecust.edu.cn/aptadb,AptaDB,0.996735513,,0,AptaDB,0.996735513,1,,,,
22434840,2012-03-20,http://aptamer.freebase.com,Aptamer Base,0.971290752,,0,Aptamer Base,0.971290752,1,,,,
36243967,2023-01-01,http://aquila.cheunglab.org,Aquila,0.988964498,,0,Aquila,0.988964498,1,,,,
28095775,2017-01-17,http://www.biw.kuleuven.be/CSB/ARA-PEPs,ARA-PEPs,0.987573981,,0,ARA-PEPs,0.987573981,1,,,,
24272250,2013-11-21,http://rarge-v2.psc.riken.jp,RARGE II,0.89071492,Arabidopsis Genome Encyclopedia II,0.959254963,Arabidopsis Genome Encyclopedia II,0.959254963,1,,,,
22345505,2012-02-16,http://gmdd.shgmo.org/Computational-Biology/ANAP,ANAP,0.893375516,Arabidopsis Network Analysis Pipeline,0.910027817,Arabidopsis Network Analysis Pipeline,0.910027817,1,,,,
41170337,2025-07-17,http://www.araceaedb.com,AraceaeDB,0.984830737,,0,AraceaeDB,0.984830737,1,,,,
29069336,2018-03-01,http://arachnoserver.org,ArachnoServer,0.996285319,,0,ArachnoServer,0.996285319,1,,,,
29059333,2018-01-01,http://aragwas.1001genomes.org,AraGWAS,0.865443408,,0,AraGWAS,0.865443408,1,,,,
25487439,2014-12-10,http://aralip.plantbiology.msu.edu,ARALIP,0.893481195,,0,ARALIP,0.893481195,1,,,,
25355510,2014-10-29,http://www.inetbio.org/aranet,AraNet,0.987630188,,0,AraNet,0.987630188,1,,,,
22760305,2012-07-03,http://bioinformatics.sdstate.edu/arapath,AraPath,0.983345628,,0,AraPath,0.983345628,1,,,,
"31642487, 27924043",2020-01-01,"http://arapheno.1001genomes.org, http://aragwas.1001genomes.org",AraPheno,0.992314994,,0,AraPheno,0.992314994,2,,,,
25414324,2014-11-20,http://www.araport.org,Araport,0.875419378,,0,Araport,0.875419378,1,,,,
27995664,2017-02-13,http://www.bioinformatics.nl/Ara,AraQTL,0.994779587,,0,AraQTL,0.994779587,1,,,,
24265221,2013-11-21,http://sbi.imim.es/archdb,ArchDB,0.988814056,,0,ArchDB,0.988814056,1,,,,
29077946,2018-01-01,http://brp.kfshrc.edu.sa/ared,ARED-Plus,0.983083916,AU-Rich Element Database,0.900331807,ARED-Plus,0.983083916,1,,,,
26602692,2015-11-23,http://rna.tbi.univie.ac.at/AREsite,AREsite2,0.991525769,,0,AREsite2,0.991525769,1,,,,
41165274,2025-10-30,http://armagnhac.laas.fr,ARMAGNHAC,0.73493439,,0,ARMAGNHAC,0.73493439,1,,,,
34738791,2021-11-05,http://www.pharmbioinf.uni-freiburg.de/arocagedb,AroCageDB,0.994719088,Aromatic Cage Database,0.872022057,AroCageDB,0.994719088,1,,,,
30150996,2018-08-13,http://bioinfo.cimap.res.in/aromadb,AromaDb,0.996747673,,0,AromaDb,0.996747673,1,,,,
25468931,2014-12-01,http://aromadeg.siona.helmholtz-hzi.de,AromaDeg,0.997393668,,0,AromaDeg,0.997393668,1,,,,
"33211879, 23193272, 25361974, 30357387",2021-01-01,"http://www.ebi.ac.uk/arrayexpress, http://www.ebi.ac.uk/biostudies",ArrayExpress,0.994881332,,0,ArrayExpress,0.994881332,4,,,,
25428357,2014-11-26,http://www.arraymap.org,arrayMap,0.994105458,,0,arrayMap,0.994105458,1,,,,
27242037,2016-05-30,http://arthropodacyc.cycadsys.org,ArthropodaCyc,0.994480968,,0,ArthropodaCyc,0.994480968,1,,,,
32507889,2020-01-01,http://slim.icr.ac.uk/articles,articles.ELM,0.941570143,,0,articles.ELM,0.941570143,1,,,,
40116496,2025-03-21,http://artsymbiocyc.cycadsys.org,ArtSymbioCyc,0.991388261,,0,ArtSymbioCyc,0.991388261,1,,,,
36299508,2022-10-21,http://www.arvirind.co.in,ArVirInd,0.996439159,,0,ArVirInd,0.996439159,1,,,,
32449934,2020-07-01,http://asap.epfl.ch,ASAP,0.72770232,Automated Single-cell Analysis Portal,0.707243107,ASAP,0.72770232,1,,,,
36318242,2023-01-01,http://ngdc.cncb.ac.cn/ascancer,ASCancer Atlas,0.978319228,,0,ASCancer Atlas,0.978319228,1,,,,
"37870448, 31665428, 31707700",2024-01-01,http://mdl.shsmu.edu.cn/ASD,ASD,0.992668907,The Allosteric Database,0.877874815,ASD,0.992668907,3,,,,
24475134,2014-01-24,http://ASDCD.amss.ac.cn,ASDCD,0.993572259,Antifungal Synergistic Drug Combination Database,0.987889366,ASDCD,0.993572259,1,,,,
34839012,2021-11-25,http://aser.ihb.ac.cn,ASER,0.987263083,Animal Sex Reversal Database,0.97150902,ASER,0.987263083,1,,,,
32294195,2020-01-01,http://asfvdb.popgenetics.net,ASFVdb,0.996319771,African swine fever virus database,0.897414913,ASFVdb,0.996319771,1,,,,
29321052,2018-01-10,http://www.asgdb.org,ASGDB,0.969647527,sinensis genome database,0.934053496,ASGDB,0.969647527,1,,,,
27193158,2017-04-01,http://asl-lex.org,ASL-LEX,0.995315278,,0,ASL-LEX,0.995315278,1,,,,
31036810,2019-04-29,http://bansallab.github.io/asnr,ASNR,0.994962871,Animal Social Network Repository,0.941487324,ASNR,0.994962871,1,,,,
39530217,2025-01-01,http://biodataai.uth.edu/ASpdb,ASpdb,0.997888744,,0,ASpdb,0.997888744,1,,,,
29106599,2018-01-01,http://combio.snu.ac.kr/aspedia,ASpedia,0.996890545,,0,ASpedia,0.996890545,1,,,,
"22080559, 24194595",2013-11-04,http://www.aspgd.org,AspGD,0.997273564,Aspergillus Genome Database,0.978452827,AspGD,0.997273564,2,,,,
31843802,2019-12-16,http://ipf.sustech.edu.cn/pub/asrd,ASRD,0.982676625,Arabidopsis Small RNA Database,0.980507145,ASRD,0.982676625,1,,,,
23904744,2013-07-12,http://121.241.218.70/ASRDb,ASRDb,0.997044563,Archaeal Stress Response Database,0.98826167,ASRDb,0.997044563,1,,,,
39602824,2024-11-01,http://as-fmmdb.shinyapps.io/asssrdb,AsSSRdb,0.985115433,SSR database,0.938465834,AsSSRdb,0.985115433,1,,,,
40063927,2025-03-10,http://bddg.hznu.edu.cn/asvirus,ASVirus,0.995126665,,0,ASVirus,0.995126665,1,,,,
38011719,2023-11-01,http://asynpepdb.ppmclab.com,aSynPEP-DB,0.98969243,,0,aSynPEP-DB,0.98969243,1,,,,
29987736,2018-01-01,http://at-chloro.prabi.fr/at_chloro,AT_CHLORO,0.995981574,,0,AT_CHLORO,0.995981574,1,,,,
31535335,2019-09-18,http://www.atacamadb.cl,Atacama,0.921638429,,0,Atacama,0.921638429,1,,,,
33125076,2021-01-01,http://www.licpathway.net/ATACdb,ATACdb,0.997429222,chromatin accessibility database,0.808434457,ATACdb,0.997429222,1,,,,
28968841,2019-01-01,http://genome.sdau.edu.cn/circRNA,AtCircDB,0.993186295,,0,AtCircDB,0.993186295,1,,,,
30239683,2018-01-01,http://auto2disease.nwsuaflmz.com,ATD,0.981130342,Autophagy To Disease,0.913275957,ATD,0.981130342,1,,,,
32681639,2020-01-01,http://www.bigzju.com/ATdb,ATdb,0.992148757,Autophagy and Tumor Database,0.977843061,ATdb,0.992148757,1,,,,
30624648,2019-01-01,http://www.nipgr.res.in/AtFusionDB,AtFusionDB,0.996401966,,0,AtFusionDB,0.996401966,1,,,,
22800758,2012-07-16,http://www.athamap.de,AthaMap,0.989823103,,0,AthaMap,0.989823103,1,,,,
39514415,2024-11-01,http://www.nipgr.ac.in/athisomiRDB,athisomiRDB,0.994966626,,0,athisomiRDB,0.994966626,1,,,,
39689042,2024-12-01,http://bis.zju.edu.cn/athribonc,AthRiboNC,0.997146666,,0,AthRiboNC,0.997146666,1,,,,
22876890,2012-08-09,http://www.t4ss.lncc.br,AtlasT4SS,0.984139264,,0,AtlasT4SS,0.984139264,1,,,,
33219693,2021-01-01,http://www.megabionet.org/atmad,AtMAD,0.989043355,Arabidopsis thaliana Multi-omics Association Database,0.988037554,AtMAD,0.989043355,1,,,,
25972521,2015-05-13,http://AtmiRNET.itps.ncku.edu.tw,AtmiRNET,0.997909009,,0,AtmiRNET,0.997909009,1,,,,
37699323,2023-09-09,http://bio-bigdata.hrbmu.edu.cn/ATOdb/index.jsp,ATOdb,0.997500002,,0,ATOdb,0.997500002,1,,,,
39977983,2025-02-14,http://cslodordatabase.7fx.cn,Atomevo-Odor,0.93737641,,0,Atomevo-Odor,0.93737641,1,,,,
22397531,2012-03-08,http://AtPAN.itps.ncku.edu.tw,AtPAN,0.98359412,Arabidopsis thaliana Promoter Analysis Net,0.875704557,AtPAN,0.98359412,1,,,,
27899679,2016-11-28,http://www.megabionet.org/atpid,AtPID,0.997839749,Arabidopsis thaliana Protein Interactome Database,0.974847411,AtPID,0.997839749,1,,,,
30534948,2019-08-01,http://atsnp.biostat.wisc.edu,atSNP,0.982023239,,0,atSNP,0.982023239,1,,,,
"35353884, 21217125, 24334350, 26546318, 29216398",2022-06-01,http://atted.jp,ATTED-II,0.954756707,,0,ATTED-II,0.954756707,5,,,,
39936323,2025-02-13,http://108.161.138.77:8096,AUGcontext DB,0.965833336,Nacional,0.547082841,AUGcontext DB,0.965833336,1,,,,
"22057158, 26779400",2014-01-29,http://aura.science.unitn.it,AURA,0.97320962,Atlas of UTR Regulatory Activity,0.889621913,AURA,0.97320962,2,,,,
29198880,2017-11-24,http://aureowiki.med.uni-greifswald.de,AureoWiki,0.996498525,,0,AureoWiki,0.996498525,1,,,,
29186576,2018-01-01,http://autism.mindspec.org/autdb/Welcome.do,AutDB,0.997044206,,0,AutDB,0.997044206,1,,,,
23774715,2013-06-18,http://fcon_1000.projects.nitrc.org/indi/abide,ABIDE,0.968805671,Autism Brain Imaging Data Exchange,0.98496213,Autism Brain Imaging Data Exchange,0.98496213,1,,,,
22139918,2011-12-01,http://autismkb.cbi.pku.edu.cn,AutismKB,0.762071371,,0,AutismKB,0.762071371,1,,,,
22753780,2012-07-02,"http://autobind.csie.ncku.edu.tw/, http://autobind.mc.ntu.edu.tw",AutoBind,0.98091805,,0,AutoBind,0.98091805,1,,,,
39298565,2024-09-01,http://autophagy3d.igib.res.in,Autophagy3D,0.988600701,,0,Autophagy3D,0.988600701,1,,,,
37589496,2023-08-17,http://autophagynet.org.abbreviations,AutophagyNet,0.977660656,Regulatory Network,0.511571646,AutophagyNet,0.977660656,1,,,,
30669929,2019-02-03,http://www.autophagysmdb.org,AutophagySMDB,0.995587846,Autophagy Small Molecule Database,0.9487999,AutophagySMDB,0.995587846,1,,,,
33176685,2020-11-12,http://avimm.ab.mpg.de,AVIMM,0.990362942,Avian Immunome DB,0.966759622,AVIMM,0.990362942,1,,,,
39353863,2024-09-01,http://www.bio-bigdata.center/AVM,AVM,0.92204392,,0,AVM,0.92204392,1,,,,
24285301,2013-11-26,http://crdd.osdd.net/servers/avpdb,AVPdb,0.996542871,,0,AVPdb,0.996542871,1,,,,
30215764,2019-01-01,http://www.awesome-hust.com,AWESOME,0.993797898,Exhibits SNP,0.626161829,AWESOME,0.993797898,1,,,,
39043628,2024-07-01,http://projectportal.gri.msstate.edu/awir,AWIR,0.895343259,Repository,0.596171498,AWIR,0.895343259,1,,,,
30893420,2019-01-01,http://lmse.github.io/aybrah,AYbRAH,0.996119797,Analyzing Yeasts by Reconstructing Ancestry of Homologs,0.874202971,AYbRAH,0.996119797,1,,,,
"36329825, 34976872",2022-10-18,http://b-amp.karishmakaushiklab.com,B-AMP,0.991384625,,0,B-AMP,0.991384625,2,,,,
21335611,2011-02-18,http://www.b2gfar.org,B2G-FAR,0.91893776,Annotation Repository,0.673282564,B2G-FAR,0.91893776,1,,,,
34269889,2021-07-16,http://webs.iiitd.edu.in/raghava/b3pdb,B3Pdb,0.996475801,,0,B3Pdb,0.996475801,1,,,,
"39470737, 34718743, 24214959, 26424852, 30256983",2025-01-01,http://bacdive.dsmz.de,BacDive,0.997053862,Bacterial Diversity Metadatabase,0.693979033,BacDive,0.997053862,5,,,,
22135301,2011-12-01,http://bacmap.wishartlab.com,BacMap,0.990752041,,0,BacMap,0.990752041,1,,,,
24304895,2013-12-03,http://bacmet.biomedicine.gu.se)--a,BacMet,0.994012475,,0,BacMet,0.994012475,1,,,,
34838806,2021-11-25,http://bacteria.guru,bacteria.guru,0.995123416,,0,bacteria.guru,0.995123416,1,,,,
30272193,2019-01-01,http://bactome.helmholtz-hzi.de,BACTOME,0.997656286,,0,BACTOME,0.997656286,1,,,,
25377257,2014-11-06,"http://bactpepdb.rpbs.univ-paris-diderot.fr, http://www.yeastgenome.org",BactPepDB,0.998118401,,0,BactPepDB,0.998118401,1,,,,
36084380,2022-09-02,http://webs.iiitd.edu.in/raghava/bacvacdb,BacVacDB,0.993949413,,0,BacVacDB,0.993949413,1,,,,
"26433226, 30715167, 33010178",2021-01-01,http://bacdb.org/BacWGSTdb,BacWGSTdb,0.994153142,,0,BacWGSTdb,0.994153142,3,,,,
39475723,2024-10-01,http://bakrep.computational.bio,BakRep,0.888410568,,0,BakRep,0.888410568,1,,,,
24602877,2014-03-05,"http://www.bamboogdb.org/, http://www.bamboogdb.org",BambooGDB,0.996197879,,0,BambooGDB,0.996197879,1,,,,
25336620,,http://www.barcdb.org,BARCdb,0.997212112,The Biobanking Analysis Resource Catalogue,0.877752744,BARCdb,0.997212112,1,,,,
25477388,2014-12-04,http://bard.nih.gov,BARD,0.990859985,BioAssay Research Database,0.854191172,BARD,0.990859985,1,,,,
33247932,2020-11-01,http://146.118.64.11/BarleyVar,BarleyVarDB,0.997781932,,0,BarleyVarDB,0.997781932,1,,,,
34264745,2021-07-14,http://sbcb.inf.ufrgs.br/barracurda,BARRA:CuRDa,0.988691002,Benchmarking of ARtificial intelligence Research,0.805160913,BARRA:CuRDa,0.988691002,1,,,,
37904598,2024-01-01,http://bionet.ncpsb.org.cn/batman-tcm,BATMAN-TCM,0.986067176,,0,BATMAN-TCM,0.986067176,1,,,,
41092354,2025-10-01,"http://bav-llps-db.bioinformatica.org/, http://bav-llps-db.bioinformatica.org/download",BAV-LLPS,0.922309577,,0,BAV-LLPS,0.922309577,1,,,,
34615485,2021-10-06,http://www.bayberrybase.cn,Bayberry,0.680092216,,0,Bayberry,0.680092216,1,,,,
31665503,2020-01-01,http://bbcancer.renlab.org,BBCancer,0.997065306,,0,BBCancer,0.997065306,1,,,,
24250117,2013-10-16,http://bioinformatics.towson.edu/BBGD454,BBGD454,0.995709896,blueberry genomic database,0.90938741,BBGD454,0.995709896,1,,,,
24077841,2013-09-27,http://bbgre.org,BBGRE,0.97111398,Brain and Body Genetic Resource Exchange,0.924002247,BBGRE,0.97111398,1,,,,
39874126,2025-01-01,http://202.203.179.115:3838/oarsnpdb,BbGSD,0.995009482,Black-boned Sheep Genome SNP Database,0.937070979,BbGSD,0.995009482,1,,,,
39149420,2024-08-01,http://124.222.145.44,BBSdb,0.997647583,,0,BBSdb,0.997647583,1,,,,
33599248,2021-02-01,http://bcgenex.ico.unicancer.fr,bc-GenExMiner,0.983812017,Breast cancer gene-expression miner,0.969961941,bc-GenExMiner,0.983812017,1,,,,
33882119,2021-04-01,http://www.dqweilab-sjtu.com/index.php,BC-TFdb,0.990113586,Breast Cancer Transcription Factors database,0.960293174,BC-TFdb,0.990113586,1,,,,
27161011,2016-05-09,http://www.biocreative.org/tasks/biocreative-v/track-3-cdr,BC5CDR,0.981737942,,0,BC5CDR,0.981737942,1,,,,
27376128,2016-01-07,"http://www.bccluster.org/, http://rubyonrails.org",BcCluster,0.995449245,,0,BcCluster,0.995449245,1,,,,
25332396,2014-10-20,http://bioinformatics.breastcancertissue,BCCTBbp,0.998296082,Breast Cancer Campaign Tissue Bank,0.761125972,BCCTBbp,0.998296082,1,,,,
32786900,2020-09-01,http://mmb.irbbarcelona.org/BCE,BCE,0.897705595,bioactive conformational,0.562582284,BCE,0.897705595,1,,,,
37776561,2023-09-01,http://www.oncoimmunobank.cn/bcedbindex,BCEDB,0.987857819,,0,BCEDB,0.987857819,1,,,,
34144671,2021-06-18,http://soft.bioinfo-minzhao.org/bcgene,BCGene,0.99187088,brain cancer gene database,0.777056694,BCGene,0.99187088,1,,,,
28327601,2017-03-22,http://omics.bmi.ac.cn/bcancer,BCIP,0.996045272,Breast Cancer Integrative Platform,0.955718553,BCIP,0.996045272,1,,,,
24608034,2014-03-06,http://bcl2db.ibcp.fr,BCL2DB,0.997701004,,0,BCL2DB,0.997701004,1,,,,
37227514,2023-05-25,http://sls.uohyd.ac.in/new/bclncrdb_v1,BCLncRDB,0.993681788,,0,BCLncRDB,0.993681788,1,,,,
40621063,2025-06-20,http://lifeome.net/database/bcma,BCMA,0.996194005,Breast Cancer Molecular Atlas,0.980961472,BCMA,0.996194005,1,,,,
34736471,2021-11-04,http://t21omics.cngb.org,BDdb,0.995132804,birth defect multi-omics database,0.690108945,BDdb,0.995132804,1,,,,
23764453,2013-06-10,http://bdgene.psych.ac.cn,BDgene,0.972416461,,0,BDgene,0.972416461,1,,,,
39407093,2024-10-15,http://be-datahive.com,BE-dataHIVE,0.948015046,,0,BE-dataHIVE,0.948015046,1,,,,
34081565,2021-06-02,http://bike-bee.snu.ac.kr,BEE,0.989852111,Biomedical Entity Explorer,0.810965747,BEE,0.989852111,1,,,,
40731321,2025-07-29,http://www.beebiome.org,BeeBiome,0.996583045,,0,BeeBiome,0.996583045,1,,,,
39237197,2024-03-06,http://www.beetleatlas.org,BeetleAtlas,0.99441278,,0,BeetleAtlas,0.99441278,1,,,,
22238270,2012-01-11,http://besckb.ornl.gov,BESC,0.902424991,,0,BESC,0.902424991,1,,,,
32655358,2020-06-23,http://bci.med.tsinghua.edu.cn/download.html,BETA,0.910390854,BCI,0.519562721,BETA,0.910390854,1,,,,
24399916,2013-12-01,http://barleyflc.dna.affrc.go.jp/bexdb/index.html,bex-db,0.995140064,Barley Gene Expression Database,0.958310401,bex-db,0.995140064,1,,,,
22250003,2012-01-15,http://bfgr.plantbiology.msu.edu,BFGR,0.983292729,Biofuel Feedstock Genomics Resource,0.972530476,BFGR,0.983292729,1,,,,
22125386,2011-09-28,http://www.bfluenza.info,BFluenza,0.856544018,,0,BFluenza,0.856544018,1,,,,
24570022,2014-02-26,http://www.bgbx.com.br,BGBX,0.957761586,Brazilian Genetic Database of Chromosome X,0.940487146,BGBX,0.957761586,1,,,,
39470730,2025-01-01,http://bgc-atlas.cs.uni-tuebingen.de,BGC,0.919317007,,0,BGC,0.919317007,1,,,,
40625145,2025-01-01,http://bgdb.daasbioinfromaticsteam.in/index.php,BgDB,0.997130275,Bitter Gourd Resource Database,0.913302585,BgDB,0.997130275,1,,,,
23894186,2013-07-26,http://dailab.sysu.edu.cn/bgdb,BGDB,0.981280982,,0,BGDB,0.981280982,1,,,,
36131236,2022-09-21,http://barleygfdb.com,BGFD,0.994630098,Barley Gene Family Database,0.951987648,BGFD,0.994630098,1,,,,
31807141,2019-11-15,http://seqBEACON.genomics.cn:443/home.html,BGISEQ-500,0.996839881,,0,BGISEQ-500,0.996839881,1,,,,
40123802,2025-02-27,http://bgmdb.online/bgmdb,BGMDB,0.997363758,Brain Disease Gut Microbiota Database,0.986604784,BGMDB,0.997363758,1,,,,
40414739,2025-05-24,http://bloodgmp.org,BGMP,0.99791348,,0,BGMP,0.99791348,1,,,,
22084196,2011-11-13,http://www.ncbi.nlm.nih.gov/projects/gv/rbc/xslcgi.fcgi?cmd=bgmut,BGMUT,0.994283319,Blood Group Antigen Gene Mutation Database,0.958958909,BGMUT,0.994283319,1,,,,
34897852,2021-12-13,http://clingen.igib.res.in/bgvar,BGvar,0.97764498,Blood Group Associated Genomic Variant Resource,0.957016902,BGvar,0.97764498,1,,,,
32540200,2020-04-01,http://animal.nwsuaf.edu.cn/BosVar,BGVD,0.991665125,Bovine Genome Variation Database,0.976398796,BGVD,0.991665125,1,,,,
40896735,2025-08-13,http://bhdb.camh.ca,BHDB,0.868915007,Databank,0.554255545,BHDB,0.868915007,1,,,,
36263784,2023-01-01,http://bic.jhlab.tw,BIC,0.937889814,,0,BIC,0.937889814,1,,,,
33010170,2021-01-01,http://bigfam.bioinformatics.nl,BiG-FAM,0.988548267,biosynthetic gene cluster families,0.828322877,BiG-FAM,0.988548267,1,,,,
"26476456, 31696234",2015-10-17,http://bigg.ucsd.edu,BiGG,0.950149775,,0,BiGG,0.950149775,2,,,,
40170958,2025-03-13,http://www.cryst.ehu.es,Bilbao Crystallographic,0.676125417,,0,Bilbao Crystallographic,0.676125417,1,,,,
21233089,2011-01-12,http://download.baderlab.org/BINDTranslation,BIND,0.947274288,Biomolecular Interaction Network Database,0.91527611,BIND,0.947274288,1,,,,
25378330,2014-11-06,http://www.BindingMOAD.org,Binding MOAD,0.90315028,,0,Binding MOAD,0.90315028,1,,,,
31405382,2019-08-12,http://bio.tools,bio.tools,0.987343351,,0,bio.tools,0.987343351,1,,,,
40880880,2025-08-13,http://biobricks.ai,BioBricks.ai,0.995016253,,0,BioBricks.ai,0.995016253,1,,,,
28708831,2017-07-14,http://biochem4j.org,biochem4j,0.994090736,,0,biochem4j,0.994090736,1,,,,
25516260,2014-12-17,http://www.nd.edu,Bioclock,0.913504779,Aedes aegypti Circadian Database,0.621617784,Bioclock,0.913504779,1,,,,
22359433,2012-01-06,http://www.biodenzdatabase.in,BiodEnz,0.967340887,,0,BiodEnz,0.967340887,1,,,,
28875065,2017-08-28,"http://metabiosys.iiserb.ac.in/biofueldb, http://metagenomics.iiserb.ac.in/biofueldb",BioFuelDB,0.865778863,,0,BioFuelDB,0.865778863,1,,,,
21904428,2011-08-02,http://www.tnaugenomics.com/biogenbase/casava.php,Biogen base,0.733742376,IOGEN BASE,0.716412246,Biogen base,0.733742376,1,,,,
"26578587, 23175613",2015-11-17,http://biogps.org,BioGPS,0.973907888,,0,BioGPS,0.973907888,2,,,,
"30476227, 28077563, 25428363, 27980099",2019-01-01,"http://thebiogrid.org, http://orcs.thebiogrid.org",BioGRID,0.997427076,Biological General Repository for Interaction Datasets,0.975577229,BioGRID,0.997427076,4,,,,
27246819,2016-06-01,http://biohub.cs.manchester.ac.uk/ontology/biohub-kb.owl,BioHub,0.989485323,,0,BioHub,0.989485323,1,,,,
35189131,2022-02-18,http://www.ebi.ac.uk/bioimage-archive,BioImage,0.63198781,,0,BioImage,0.63198781,1,,,,
26401099,2015-09-10,http://bioimg.org,BioImg,0.641896486,,0,BioImg,0.641896486,1,,,,
21715385,2011-07-01,http://bioinformatics.ca/links_directory,Bioinformatics Links,0.632332242,,0,Bioinformatics Links,0.632332242,1,,,,
37843156,2024-01-01,http://ngdc.cncb.ac.cn/bioka,BioKA,0.997268438,Biomarker Knowledgebase for Animals,0.979218622,BioKA,0.997268438,1,,,,
38161244,2023-12-31,http://120.55.161.230:88,BioKinVis,0.754120469,,0,BioKinVis,0.754120469,1,,,,
23087378,2012-10-18,http://zhanglab.ccmb.med.umich.edu/BioLiP,BioLiP,0.991326213,,0,BioLiP,0.991326213,1,,,,
37522378,2024-01-01,http://zhanggroup.org/BioLiP,BioLiP2,0.99664706,,0,BioLiP2,0.99664706,1,,,,
28605773,2017-01-01,http://www.bio-bigdata.com/BioM2MetDisease,BioM2MetDisease,0.99300829,,0,BioM2MetDisease,0.99300829,1,,,,
38593479,2024-04-05,http://biomarkersatlas.com,Biomarkers ATLAS,0.775093504,,0,Biomarkers ATLAS,0.775093504,1,,,,
33552037,2021-01-21,http://www.biomaster-uestc.cn,BioMaster,0.990046203,,0,BioMaster,0.990046203,1,,,,
31599923,2020-03-01,http://kobic.re.kr/biomenet,BiomeNet,0.979145229,,0,BiomeNet,0.979145229,1,,,,
"25414348, 31701150",2020-01-01,http://www.ebi.ac.uk/biomodels,BioModels,0.990961909,,0,BioModels,0.990961909,2,,,,
30053270,2018-01-01,"http://hive.biochemistry.gwu.edu/biomuta, http://hive.biochemistry.gwu.edu/bioxpress",BioMuta,0.790885687,,0,BioMuta,0.790885687,1,,,,
24244913,2013-10-29,http://bionames.org,BioNames,0.997415423,,0,BioNames,0.997415423,1,,,,
29637199,2017-10-04,http://onto-apps.stanford.edu/bionic,BiOnIC,0.997383654,,0,BiOnIC,0.997383654,1,,,,
29529902,2018-03-12,http://bis.zju.edu.cn/biopepdbr,BioPepDB,0.996458948,,0,BioPepDB,0.996458948,1,,,,
25360160,2014-10-11,http://ab-openlab.csir.res.in/biophytmol,BioPhytMol,0.970525742,,0,BioPhytMol,0.970525742,1,,,,
31133849,2019-04-26,http://tripod.nih.gov/bioplanet,BioPlanet,0.989541769,,0,BioPlanet,0.989541769,1,,,,
22139929,2011-12-01,"http://www.ncbi.nlm.nih.gov/bioproject, http://www.ncbi.nlm.nih.gov/biosample",BioProject,0.682163715,,0,BioProject,0.682163715,1,,,,
"30407529, 24265224, 22096232",2019-01-01,"http://www.ebi.ac.uk/biosamples, http://www.ebi.ac.uk/about/terms-of-use",BioSamples,0.893052816,BioSample Database,0.469798426,BioSamples,0.893052816,3,,,,
27189610,2016-05-17,"http://www.biosharing.org, http://www.biosharing.org",BioSharing,0.98941499,,0,BioSharing,0.98941499,1,,,,
26820405,2016-01-28,http://brd.bsvgateway.org/brd,ARD,0.646821141,Biosurveillance Analytics Resource Directory,0.863397956,Biosurveillance Analytics Resource Directory,0.863397956,1,,,,
23550138,2013-04-09,http://arup.utah.edu/database/BTD/BTD_welcome.php,,0,Biotinidase Gene Variants Registry,0.961240504,Biotinidase Gene Variants Registry,0.961240504,1,,,,
28423831,2017-01-01,http://purl.org/biotop,BioTop,0.992148519,,0,BioTop,0.992148519,1,,,,
38157107,2023-12-20,http://biotreasury.rjmart.cn,BioTreasury,0.994001567,,0,BioTreasury,0.994001567,1,,,,
39423319,2024-10-18,http://www.synbiohealth.cn/biotry,BioTRY,0.996878624,,0,BioTRY,0.996878624,1,,,,
32369809,2020-05-06,http://sites.unipampa.edu.br/birdchromosomedatabase,BCD,0.883974791,Bird Chromosome Database,0.89551114,Bird Chromosome Database,0.89551114,1,,,,
23390356,2013-01-18,http://www.bioterrorism.biowaves.org,BIRS,0.993844032,BIRS - Bioterrorism Information Retrieval System,0.7868629,BIRS,0.993844032,1,,,,
38506570,2023-11-01,http://www.godac.jamstec.go.jp/bismal/e,BISMaL,0.995663345,arine biodiversity database,0.862078567,BISMaL,0.995663345,1,,,,
"39535052, 30357384, 21940398",2025-01-01,http://bitterdb.agri.huji.ac.il,BitterDB,0.998117387,,0,BitterDB,0.998117387,3,,,,
24264865,2013-11-22,http://agknapp.chemie.fu-berlin.de/bivalbind,Bival-Bind,0.987922519,,0,Bival-Bind,0.987922519,1,,,,
37221044,2023-05-01,http://110.40.139.2:18095,BLAB2CancerKD,0.785074251,actic acid bacteria to Cancer Knowledge graph Database,0.761443098,BLAB2CancerKD,0.785074251,1,,,,
41107735,2025-10-17,http://black-pepper-genomic-resource.vercel.app,BlackPepKB,0.995922506,Black pepper knowledge base,0.752596915,BlackPepKB,0.995922506,1,,,,
41334179,2025-11-15,http://bmdb.jflab.ac.cn:8084,BMDB,0.998387456,,0,BMDB,0.998387456,1,,,,
27623959,2016-09-13,http://gene.cqu.edu.cn/BmncRNAdb/index.php,BmncRNAdb,0.86746788,,0,BmncRNAdb,0.86746788,1,,,,
36478084,2023-01-01,http://bmrb.io,BMRB,0.99822247,Biological Magnetic Resonance Data Bank,0.979251067,BMRB,0.99822247,1,,,,
38561543,2024-04-01,http://bigmsdata.org,BMSD,0.992954612,Big Multiple Sclerosis Data,0.969153416,BMSD,0.992954612,1,,,,
23886610,2013-07-25,http://gene.cqu.edu.cn/BmTEdb,BmTEdb,0.981323123,,0,BmTEdb,0.981323123,1,,,,
28365726,2017-01-01,http://sites.biology.duke.edu/windhamlab,BMW,0.984817743,Boechera Microsatellite Website,0.962700583,BMW,0.984817743,1,,,,
24214957,2013-11-07,http://bNAber.org,bNAber,0.994556367,,0,bNAber,0.994556367,1,,,,
33399824,2021-01-05,http://rapeseed.biocloud.net/home,BnaGVD,0.99503864,rapeseed genomic variation database,0.979584813,BnaGVD,0.99503864,1,,,,
36919242,2023-03-14,http://yanglab.hzau.edu.cn/BnIR,BnIR,0.997214615,rapeseed multi-omics database,0.970089833,BnIR,0.997214615,1,,,,
41542089,2025-08-05,http://bodymeta.omicsbio.info,BodyMeta,0.983540297,Body Metagenome Database,0.864657909,BodyMeta,0.983540297,1,,,,
24079801,2013-09-30,http://ocri-genomics.org/bolbase,Bolbase,0.990760982,,0,Bolbase,0.990760982,1,,,,
28453653,2017-07-01,http://bar.biocomp.unibo.it/bar3,,0,Bologna Annotation Resource,0.698403805,Bologna Annotation Resource,0.698403805,1,,,,
31958638,2020-01-17,http://bomiprot.org,BoMiProt,0.996749759,,0,BoMiProt,0.996749759,1,,,,
23203889,2012-11-29,http://www.ncbi.nlm.nih.gov/books,Bookshelf,0.957379818,,0,Bookshelf,0.957379818,1,,,,
24994456,2014-07-03,http://borreliabase.org,BorreliaBase,0.995369911,,0,BorreliaBase,0.995369911,1,,,,
35089481,2022-01-28,http://www.farmacia.ufmg.br/qf/downloads,BraCoLi,0.989858419,Brazilian Compound Library,0.744217299,BraCoLi,0.989858419,1,,,,
36251776,2022-10-01,http://www.bracs.icar.cnr.it,BRACS,0.993604481,BReAst Carcinoma Subtyping,0.594121936,BRACS,0.993604481,1,,,,
"34755871, 26589635, 21995777",2022-01-01,http://brassicadb.cn,BRAD,0.977056324,Brassica database,0.716363907,BRAD,0.977056324,3,,,,
36243988,2023-01-01,http://ngdc.cncb.ac.cn/braincatalog,Brain Catalog,0.93508029,,0,Brain Catalog,0.93508029,1,,,,
25784642,2015-03-01,http://tumorsdatabase.altervista.org,Brain Tumor,0.489937514,Brain Tumor Database,0.788560754,Brain Tumor Database,0.788560754,1,,,,
34528715,2021-09-28,http://www.brain-uk.org,BRAIN UK,0.898930291,,0,BRAIN UK,0.898930291,1,,,,
34718720,2022-01-01,http://ngdc.cncb.ac.cn/brainbase,BrainBase,0.997458935,,0,BrainBase,0.997458935,1,,,,
29985970,2019-01-01,http://www.brainexp.org,BrainEXP,0.997224808,Brain EXPression Database,0.938273266,BrainEXP,0.997224808,1,,,,
26794641,2016-01-18,"http://www.brainsimagebank.ac.uk, http://dicom.nema.org",BRAINS,0.985277057,Brain Images of Normal Subjects,0.966778862,BRAINS,0.985277057,1,,,,
24259684,2013-11-19,http://brassibase.cos.uni-heidelberg.de,BrassiBase,0.991759181,,0,BrassiBase,0.991759181,1,,,,
24948109,2014-06-20,http://im-crop.snu.ac.kr/BrassicaTED/index.php,BrassicaTED,0.992530644,,0,BrassicaTED,0.992530644,1,,,,
29136180,2018-01-01,http://bioinformatics.breastcancertissuebank.org,BCNTB,0.615942299,Breast Cancer Now Tissue Bank bioinformatics,0.752365947,Breast Cancer Now Tissue Bank bioinformatics,0.752365947,1,,,,
28821760,2017-08-18,http://bioinformatics.cimap.res.in/sharma/boss,BOSS,0.972771386,Breast Oncogenic Specific siRNAs,0.987298205,Breast Oncogenic Specific siRNAs,0.987298205,1,,,,
26586806,2015-11-19,http://brecandb.igib.res.in,BreCAN-DB,0.997648492,,0,BreCAN-DB,0.997648492,1,,,,
"23203881, 25378310, 33211880",2021-01-01,http://www.brenda-enzymes.org,BRENDA,0.997791767,BRaunschweig ENzyme DAtabase,0.770335999,BRENDA,0.997791767,3,,,,
39740512,2024-12-30,http://brevamir3.web.app/index.html,BreVamiR3,0.995544374,,0,BreVamiR3,0.995544374,1,,,,
27164438,2016-05-07,"http://www.dbtbrucellosis.in/brucellabase.html, http://59.99.226.203/brucellabase/homepage.html",BrucellaBase,0.996022701,,0,BrucellaBase,0.996022701,1,,,,
36334360,2022-10-19,http://drive.google.com/drive/folders/1DOBkLXgQeREQjF-nQIGNBBzPCb5s7RNu?usp=sharing,BS-80K,0.981420517,,0,BS-80K,0.981420517,1,,,,
33539279,2021-02-01,http://rth.dk/resources/bsgatlas,BSGatlas,0.995428026,,0,BSGatlas,0.995428026,1,,,,
32026396,2020-02-05,http://bsma.pdbj.org,BSM-Arc,0.996515274,Biological Structure Model Archive,0.965628356,BSM-Arc,0.996515274,1,,,,
23203879,2012-11-29,http://kwanlab.bio.cuhk.edu.hk/BSRD,BSRD,0.995059371,,0,BSRD,0.995059371,1,,,,
21210251,2011-03-01,http://cmbteg.childrensmemorial.org,BTECH,0.996129572,,0,BTECH,0.996129572,1,,,,
25656309,2015-01-17,http://www.gurupi.uft.edu.br/btoxdb,BtoxDB,0.996941984,,0,BtoxDB,0.996941984,1,,,,
39854213,2025-01-01,http://46.202.167.198/buffex,BuffExDb,0.992590904,,0,BuffExDb,0.992590904,1,,,,
35480326,2022-04-11,http://backlin.cabgrid.res.in/buffgr,BuffGR,0.93102773,resource of buffalo,0.667975307,BuffGR,0.93102773,1,,,,
23336431,2013-01-19,http://cabindb.iasri.res.in/buffsatdb,BuffSatDB,0.98745203,Buffalo MicroSatellite Database,0.644897648,BuffSatDB,0.98745203,1,,,,
38971820,2024-07-06,http://zenodo.org/records/10605646,BULL,0.99509573,,0,BULL,0.99509573,1,,,,
"38819571, 36350631",2024-01-01,http://www.bv-brc.org,BV-BRC,0.966423537,Bacterial and Viral Bioinformatics Resource Center,0.902027715,BV-BRC,0.966423537,2,,,,
22080550,2011-11-12,http://bykdb.ibcp.fr,BYKdb,0.956137955,Bacterial protein tYrosine Kinase database,0.903621137,BYKdb,0.956137955,1,,,,
22621612,2012-05-23,http://sites.google.com/site/tecatalog,C-GATE,0.988704075,affected by transposable,0.630219376,C-GATE,0.988704075,1,,,,
27050421,2016-04-06,http://cterminome.bio-toolkit.com,C-terminome,0.84958427,,0,C-terminome,0.84958427,1,,,,
39246384,2024-08-16,http://pengyonglab.com/c2cdb,C2CDB,0.991407856,CircRNA to Cancer Database,0.95013777,C2CDB,0.991407856,1,,,,
37244568,2023-05-25,http://c4s.site,C4S,0.978218714,Comprehensive Collection and Comparison for ChIP-Seq Database,0.939553998,C4S,0.978218714,1,,,,
31649674,2019-10-09,http://cab-rep.c2b2.columbia.edu,cAb-Rep,0.99714224,,0,cAb-Rep,0.99714224,1,,,,
22584068,2012-05-11,http://cgc.kribb.re.kr/map,CACG,0.998239875,,0,CACG,0.998239875,1,,,,
37789571,2023-10-03,http://acds.neist.res.in/cadv2,CAD,0.992791772,Cation-Aromatic Database,0.953825422,CAD,0.992791772,1,,,,
22080563,2011-11-12,http://www.cadre-genomes.org.uk,CADRE,0.994582891,Central Aspergillus Data REpository,0.973802202,CADRE,0.994582891,1,,,,
36526439,2022-12-01,http://zenodo.org/record/6683798,CafeteriaSA,0.993024647,,0,CafeteriaSA,0.993024647,1,,,,
36922546,2023-03-15,http://caf.zbiolab.cn,CAFrgDB,0.997324407,CAF related Gene DataBase,0.806434163,CAFrgDB,0.997324407,1,,,,
36694725,2023-01-23,http://relab.xidian.edu.cn/CAFuncAPA,CAFuncAPA,0.998106956,,0,CAFuncAPA,0.998106956,1,,,,
30329086,2019-01-01,http://www.cagmdb.org,CAGm,0.991939008,Comparative Analysis of Germline Microsatellites,0.97115584,CAGm,0.991939008,1,,,,
33444113,2021-01-14,http://www.dsimb.inserm.fr/CALR-ET,CALR-ETdb,0.93914603,,0,CALR-ETdb,0.93914603,1,,,,
38589396,2024-04-08,http://pandoradata.earth/organization/cambio,CAMBIO,0.987463009,The Caribbean and Mesoamerica Biogeochemical Isotope Overview,0.932034793,CAMBIO,0.987463009,1,,,,
37337236,2023-06-19,http://camhred.org,CAMHRED,0.988834667,Cameroon Health Research and Evidence Database,0.95493861,CAMHRED,0.988834667,1,,,,
24265220,2013-11-21,http://www.camp.bicnirrh.res.in,CAMP,0.997035444,Collection of Antimicrobial Peptide,0.979017951,CAMP,0.997035444,1,,,,
40664906,2025-07-15,http://campaignview.org,CampaignView,0.995476961,,0,CampaignView,0.995476961,1,,,,
36370097,2023-01-01,http://camp.bicnirrh.res.in,CAMPR4,0.996928573,,0,CAMPR4,0.996928573,1,,,,
22213543,2011-12-28,http://webclu.bio.wzw.tum.de/CAMPS2.0,CAMPS,0.880289257,,0,CAMPS,0.880289257,1,,,,
33306801,2020-12-01,http://camregbase.org,CamRegBase,0.996998787,,0,CamRegBase,0.996998787,1,,,,
30367574,2018-10-15,http://bioinformatics.iasi.cnr.it/camurweb,CamurWeb,0.970218897,,0,CamurWeb,0.970218897,1,,,,
40634835,2025-07-09,http://bioinfor.nefu.edu.cn/CanASM,CanASM,0.997625828,,0,CanASM,0.997625828,1,,,,
35646870,2022-05-12,http://cad.bio-it.cn,CAD,0.701188544,Cancer Antigens Database,0.973548532,Cancer Antigens Database,0.973548532,1,,,,
28453651,2017-07-01,http://panoromics.irbbarcelona.org,Cancer PanorOmics,0.830598618,,0,Cancer PanorOmics,0.830598618,1,,,,
34903605,2021-12-13,http://bioinfo.vanderbilt.edu/database/Cancer-Immu,Cancer-Immu,0.998258367,,0,Cancer-Immu,0.998258367,1,,,,
"25392415, 30407596",2019-01-01,http://www.cancer3d.org,Cancer3D,0.993081719,,0,Cancer3D,0.993081719,2,,,,
23486013,2013-01-01,http://crdd.osdd.net/raghava/cancerdr,CancerDR,0.992159104,cancer drug resistance database,0.807872832,CancerDR,0.992159104,1,,,,
32360910,2020-05-01,http://webs.iiitd.edu.in/raghava/cancerend,CancerEnD,0.998435497,,0,CancerEnD,0.998435497,1,,,,
31598703,2020-01-01,http://signor.uniroma2.it/CancerGeneNet,CancerGeneNet,0.994320154,,0,CancerGeneNet,0.994320154,1,,,,
26074488,2015-06-15,http://lsp.nwsuaf.edu.cn/CancerHSP.php,CancerHSP,0.992445946,anticancer herbs database of,0.878181517,CancerHSP,0.992445946,1,,,,
33010176,2021-01-01,http://www.cancerimmunityqtl-hust.com,CancerImmunityQTL,0.99584347,,0,CancerImmunityQTL,0.99584347,1,,,,
38613826,2024-04-01,http://www.positionprediction.cn,CancerMHL,0.985801399,,0,CancerMHL,0.985801399,1,,,,
31110280,2019-05-20,http://bionlp.bcgsc.ca/cancermine,CancerMine,0.981553555,,0,CancerMine,0.981553555,1,,,,
34500460,2022-01-01,http://bioinfo.jialab-ucr.org/CancerMIRNome,CancerMIRNome,0.996290505,,0,CancerMIRNome,0.996290505,1,,,,
26690544,2015-12-21,http://bis.zju.edu.cn/CancerNet,CancerNet,0.995466173,,0,CancerNet,0.995466173,1,,,,
28473704,2017-05-04,http://crdd.osdd.net/raghava/cancerpdf,CancerPDF,0.993715048,Cancer Peptidome Database of bioFluids,0.919792932,CancerPDF,0.993715048,1,,,,
25270878,2014-09-30,http://crdd.osdd.net/raghava/cancerppd,CancerPPD,0.996373594,,0,CancerPPD,0.996373594,1,,,,
40338521,2025-05-01,"http://webs.iiitd.edu.in/raghava/cancerppd2/, http://webs.iiitd.edu.in/raghava/cancerppd2/api/rest.html",CancerPPD2,0.987914085,,0,CancerPPD2,0.987914085,1,,,,
37823596,2024-01-01,http://bio-bigdata.hrbmu.edu.cn/CancerProteome,CancerProteome,0.997465014,,0,CancerProteome,0.997465014,1,,,,
22659240,2012-05-31,http://cancerproview.dmb.med.keio.ac.jp/php/cpv.html,CancerProView,0.997434795,,0,CancerProView,0.997434795,1,,,,
"39460627, 34643725",2025-01-01,http://ngdc.cncb.ac.cn/cancerscem,CancerSCEM,0.994019389,Cancer Single-cell Expression Map,0.908486416,CancerSCEM,0.994019389,2,,,,
30329142,2019-01-01,"http://biocc.hrbmu.edu.cn/CancerSEA/, http://202.97.205.69/CancerSEA",CancerSEA,0.997147083,,0,CancerSEA,0.997147083,1,,,,
30329095,2019-01-01,http://www.cancersplicingqtl-hust.com,CancerSplicingQTL,0.997213602,,0,CancerSplicingQTL,0.997213602,1,,,,
27832200,2016-11-10,http://www.imtech.res.in/raghava/cancertope,Cancertope,0.991436124,,0,Cancertope,0.991436124,1,,,,
31701131,2020-01-01,http://cailab.labshare.cn/cancertracer,CancerTracer,0.997136056,,0,CancerTracer,0.997136056,1,,,,
41205027,2025-11-08,http://candres.bicnirrh.res.in,CanDRes,0.996405065,,0,CanDRes,0.996405065,1,,,,
21718534,2011-06-30,http://code.google.com/p/cangsdb,CANGS,0.988113701,Analyzing Next Generation Sequences DataBase,0.793947458,CANGS,0.988113701,1,,,,
34345532,2021-07-16,http://www.biomedical-web.com/cancerit,CanImmunother,0.998033106,,0,CanImmunother,0.998033106,1,,,,
37351774,2023-06-23,http://canismitosnp.pl,Canis MitoSNP,0.901335915,,0,Canis MitoSNP,0.901335915,1,,,,
37828501,2023-10-13,http://www.kobic.re.kr/caniso,CanISO,0.994156539,,0,CanISO,0.994156539,1,,,,
39416656,2024-10-08,"http://icgrc.info/cannseek, http://icgrc.info/genotype_viewer",CannSeek,0.980755746,,0,CannSeek,0.980755746,1,,,,
33942873,2021-05-01,http://cannusedb.csic.es,CANNUSE,0.991508305,,0,CANNUSE,0.991508305,1,,,,
41286496,2025-11-24,http://www.canrisk-ai.com,CanRisk-DB,0.997075629,,0,CanRisk-DB,0.997075629,1,,,,
36624665,2023-01-01,http://cansar.ai,canSAR,0.990496933,,0,canSAR,0.990496933,1,,,,
"26657895, 30945201",2019-01-01,"http://cantata.amu.edu.pl, http://yeti.amu.edu.pl/CANTATA",CANTATAdb,0.954158604,,0,CANTATAdb,0.954158604,2,,,,
34174131,2021-07-06,http://ithaka.rrp.demokritos.gr/CanVaS,CanVaS,0.996876478,Cancer Variation,0.886106948,CanVaS,0.996876478,1,,,,
38204924,2024-01-09,http://violinet.org/canvaxkb,CanVaxKB,0.99832952,,0,CanVaxKB,0.99832952,1,,,,
22021380,2011-10-22,http://www.bioinsilico.org/CAPSDB,CAPS-DB,0.997070983,,0,CAPS-DB,0.997070983,1,,,,
38335248,2024-04-01,http://web.iitm.ac.in/bioinfo2/carbdismut,CarbDisMut,0.989966452,,0,CarbDisMut,0.989966452,1,,,,
29509874,2018-07-01,http://digbio.missouri.edu/CarbonylDB,CarbonylDB,0.994347632,,0,CarbonylDB,0.994347632,1,,,,
"31665441, 23650175, 27789705",2020-01-01,http://card.mcmaster.ca,CARD,0.996455212,Comprehensive Antibiotic Resistance Database,0.990965346,CARD,0.996455212,3,,,,
29939204,2019-09-01,"http://bio-bigdata.hrbmu.edu.cn/CARDIO-LNCRNAS/, http://www.bio-bigdata.net/CARDIO-LNCRNAS",CARDIO-LNCRNAS,0.93584047,,0,CARDIO-LNCRNAS,0.93584047,1,,,,
39609860,2024-11-28,http://bio-bigdata.hrbmu.edu.cn/CardioAtlas,CardioAtlas,0.993335366,,0,CardioAtlas,0.993335366,1,,,,
38752292,2024-05-01,http://genomics-hub.pros.dsic.upv.es:3099,CardioHotspots,0.99115932,,0,CardioHotspots,0.99115932,1,,,,
27635320,2016-08-23,http://www.cardiosignal.org/database/cardiotf.html,CardioTF,0.989912987,,0,CardioTF,0.989912987,1,,,,
23794735,2013-06-21,http://carlsbad.health.unm.edu/carlsbad,CARLSBAD,0.99360311,,0,CARLSBAD,0.99360311,1,,,,
26040787,2015-07-01,http://bioinfo.sibs.ac.cn/carmo,CARMO,0.95898664,comprehensive annotation of rice multi-omics data,0.74433168,CARMO,0.95898664,1,,,,
28365725,2017-01-01,http://carotenoiddb.jp,,0,Carotenoid,0.51871109,Carotenoid,0.51871109,1,,,,
25267795,2014-09-29,"http://apiaceae.njau.edu.cn/car, http://apiaceae.njau.edu.cn/carrotdb",CarrotDB,0.99532944,,0,CarrotDB,0.99532944,1,,,,
36069936,2022-09-01,"http://carrotomics.org/, http://www.bioinfo.wsu.edu",CarrotOmics,0.995228946,,0,CarrotOmics,0.995228946,1,,,,
"37676599, 35898309",2024-01-01,http://carsdb.ppmclab.com,CARs-DB,0.946241498,,0,CARs-DB,0.946241498,2,,,,
35559614,2022-05-13,http://commonchemistry.cas.org,CAS Common Chemistry,0.831865092,,0,CAS Common Chemistry,0.831865092,1,,,,
36266726,2022-10-20,http://www.splicedb.net/casa,CASA,0.977477968,COVID-19 Alternative Splicing Atlas,0.765869759,CASA,0.977477968,1,,,,
31024751,2019-01-01,http://biokinet.belozersky.msu.ru/casbench,CASBench,0.995392978,,0,CASBench,0.995392978,1,,,,
37889041,2024-01-01,http://caspedia.org,CasPEDIA,0.982229769,Cas Protein Effector Database,0.742879796,CasPEDIA,0.982229769,1,,,,
39484850,2025-01-01,http://casrdb.mgh.harvard.edu,CASRdb,0.987260282,,0,CASRdb,0.987260282,1,,,,
35134148,2020-01-01,http://www.xiejjlab.bio/cata,CATA,0.994815171,chromatin accessibility database,0.624158442,CATA,0.994815171,1,,,,
25392409,2014-11-11,http://urgv.evry.inra.fr/CATdb,CATdb,0.994086862,,0,CATdb,0.994086862,1,,,,
"39565206, 30398663",2025-01-01,http://www.cathdb.info,CATH,0.967545748,,0,CATH,0.967545748,2,,,,
23493402,2013-03-14,http://www.cathacyc.org,CathaCyc,0.995314121,,0,CathaCyc,0.995314121,1,,,,
37162753,2023-05-01,http://www.cavidb.org,CaviDB,0.997833788,,0,CaviDB,0.997833788,1,,,,
"23514094, 24270786",2013-11-21,http://www.cazy.org,CAZy,0.99791199,Carbohydrate-Active Enzymes database,0.980871044,CAZy,0.99791199,2,,,,
39961523,2025-02-16,http://pro.unl.edu/CAZyme3D,CAZyme3D,0.996718907,,0,CAZyme3D,0.996718907,1,,,,
29040563,2018-12-01,http://www.cazypedia.org,CAZypedia,0.9983778,,0,CAZypedia,0.9983778,1,,,,
26660198,2016-12-01,http://search.bwh.harvard.edu/new/CBDatabase.html,CB,0.666790307,Blindness,0.491330385,CB,0.666790307,1,,,,
"38868513, 30717315",2023-12-04,http://www.eyeseeworld.com/cbd,CBD,0.993405302,Colorectal Cancer Biomarker Database,0.990861446,CBD,0.993405302,2,,,,
39213392,2024-08-01,http://cbgda.zhounan.org/main,CBGDA,0.994856477,CRISPR-Based Gene-Disease Associations,0.666245021,CBGDA,0.994856477,1,,,,
"23550210, 31308250",2019-07-15,http://cbioportal.org,cBioPortal,0.992826402,,0,cBioPortal,0.992826402,2,,,,
29020642,2017-10-03,http://cbit.maastrichtuniversity.nl,cBiT,0.986032426,Compendium for Biomaterial Transcriptomics,0.794626407,cBiT,0.986032426,1,,,,
29753807,2018-05-26,http://cabgrid.res.in/cblncrnadb,CbLncRNAdb,0.888481498,,0,CbLncRNAdb,0.888481498,1,,,,
25475113,2014-12-03,http://14.139.227.92/mkumar/lactamasedb,CBMAR,0.971514285,,0,CBMAR,0.971514285,1,,,,
37435612,2023-07-09,http://cbp60db.wlu.ca,CBP60-DB,0.922940004,,0,CBP60-DB,0.922940004,1,,,,
23228284,2012-12-10,http://compfly.bio.ub.es/CBS,CBS,0.998403251,Conserved regulatory Binding Sites,0.973923177,CBS,0.998403251,1,,,,
37646942,2023-01-01,http://ccdb.tau.ac.il,CCDB,0.986441493,Chromosome Counts Database,0.940668821,CCDB,0.986441493,1,,,,
29126148,2018-01-01,http://www.ncbi.nlm.nih.gov/CCDS/CcdsBrowse.cgi,CCDS,0.956499179,Consensus Coding Sequence,0.615940392,CCDS,0.956499179,1,,,,
32386544,2020-05-07,http://atlas.brain-map.org,CCFv3,0.989022076,Mouse Brain Common Coordinate Framework,0.890492062,CCFv3,0.989022076,1,,,,
28147217,2016-12-01,http://ccg.xingene.net,CCG,0.97024858,Catalogue of Cancer Genes,0.896562586,CCG,0.97024858,1,,,,
25190456,2014-09-04,http://ccgd-starrlab.oit.umn.edu,CCGD,0.979682426,Candidate Cancer Gene Database,0.891004175,CCGD,0.979682426,1,,,,
30208340,2018-08-01,http://db.cbi.pku.edu.cn/ccgd/ESCCdb,CCGD-ESCC,0.976696948,Chinese Cancer Genomic Database-Esophageal Squamous Cell Carcinoma,0.954146482,CCGD-ESCC,0.976696948,1,,,,
37399096,2023-07-01,http://design.rxnfinder.org/cosing,CCIBP,0.992186785,ingredients bioinformatics platform,0.612721463,CCIBP,0.992186785,1,,,,
37566630,2023-08-01,http://ccidb.sysmed.kr,CCIDB,0.963730991,interaction database,0.557569385,CCIDB,0.963730991,1,,,,
36881355,2023-03-07,http://www.learn2read.cn/ccloow,CCLOOW,0.997488737,Chinese Children's Lexicon of Oral Words,0.990867697,CCLOOW,0.997488737,1,,,,
35776384,2022-07-01,http://www.learn2read.cn/database,CCLOWW,0.997921417,Chinese Children's Lexicon of Written Words,0.987351172,CCLOWW,0.997921417,1,,,,
26519468,2015-10-30,http://bioinfo.mc.vanderbilt.edu/ccmGDB,ccmGDB,0.998047173,Cancer Cell Metabolism Gene DataBase,0.980098925,ccmGDB,0.998047173,1,,,,
28053168,2016-10-07,http://structuralbiology.cau.edu.cn/gossypium,ccNET,0.994896412,,0,ccNET,0.994896412,1,,,,
"30689843, 22139939",2019-01-01,http://webs.iiitd.edu.in/raghava/ccpdb,ccPDB,0.997259557,,0,ccPDB,0.997259557,2,,,,
26868054,2016-02-11,http://songyanglab.sysu.edu.cn/ccsi,CCSI,0.997085452,chromatin-chromatin spatial interaction,0.910043742,CCSI,0.997085452,1,,,,
38385146,2024-02-21,http://aw.iimas.unam.mx/cdbprom,CDBProm,0.987356246,Comprehensive Directory of Bacterial Promoters,0.852334014,CDBProm,0.987356246,1,,,,
"36477806, 23197659, 25414356, 27899674, 31777944, 31851420",2023-01-01,http://www.ncbi.nlm.nih.gov/Structure/cdd/cdd.shtml,CDD,0.996487617,Conserved Domain Database,0.861336619,CDD,0.996487617,6,,,,
29997612,2018-06-27,http://lab.rockefeller.edu/casanova/CDG,CDG,0.988353372,,0,CDG,0.988353372,1,,,,
23537399,2013-04-10,http://celldeathproteomics.uio.no,CDP,0.828693906,death proteomics,0.697402914,CDP,0.828693906,1,,,,
30759968,2019-02-12,http://cdrgator.ewha.ac.kr,CDRgator,0.994814634,Cancer Drug Resistance navigator,0.785553472,CDRgator,0.994814634,1,,,,
37889038,2024-01-01,http://cdsdb.ncpsb.org.cn,CDS-DB,0.99438714,Cancer Drug-induced gene expression Signature DataBase,0.959050881,CDS-DB,0.99438714,1,,,,
23893318,2013-07-25,http://cancer.digitalslidearchive.net,CDSA,0.964991828,Cancer Digital Slide Archive,0.8173123,CDSA,0.964991828,1,,,,
24580755,2014-02-28,http://hazeslab.med.ualberta.ca/CDSbank,CDSbank,0.99717778,,0,CDSbank,0.99717778,1,,,,
"34751388, 27899660",2022-01-01,http://cebs.niehs.nih.gov/cebs,CEBS,0.996447543,Chemical Effects in Biological Systems database,0.990120093,CEBS,0.996447543,2,,,,
25392417,2014-11-11,http://www.cecafdb.org,CeCaFDB,0.99858432,Central Carbon Metabolic Flux Database,0.983667357,CeCaFDB,0.99858432,1,,,,
36250634,2023-01-01,http://cedar.iedb.org,CEDAR,0.993439063,Cancer Epitope Database and Analysis Resource,0.930713661,CEDAR,0.993439063,1,,,,
34634794,2022-01-01,http://ngdc.cncb.ac.cn/cedr,CeDR,0.997851014,,0,CeDR,0.997851014,1,,,,
"33306800, 24209780",2020-12-01,http://cefg.uestc.cn/ceg,CEG,0.956548989,Clusters of Essential Genes,0.888208412,CEG,0.956548989,2,,,,
26527719,2015-11-02,http://cega.ezlab.org,CEGA,0.962110519,Conserved Elements from Genomic Alignments,0.852080087,CEGA,0.962110519,1,,,,
29992323,2018-01-01,http://apiaceae.njau.edu.cn/celerydb,CeleryDB,0.992402375,,0,CeleryDB,0.992402375,1,,,,
36161321,2023-01-01,http://ngdc.cncb.ac.cn/celltaxonomy,Cell Taxonomy,0.992246628,,0,Cell Taxonomy,0.992246628,1,,,,
37850657,2024-01-01,http://www.inbirg.com/cellcommunet,CellCommuNet,0.997070313,,0,CellCommuNet,0.997070313,1,,,,
34971674,2021-12-28,http://celldepot.bxgenomics.com,CellDepot,0.996150434,,0,CellDepot,0.996150434,1,,,,
24304896,2013-12-03,http://www.cellfinder.org,CellFinder,0.99684298,,0,CellFinder,0.99684298,1,,,,
33471060,2021-01-20,http://www.rna-society.org/cellinker,Cellinker,0.993874848,,0,Cellinker,0.993874848,1,,,,
23251048,2012-11-13,http://dev.pubgene.com/cellmine,CellLineMiner,0.992360115,,0,CellLineMiner,0.992360115,1,,,,
"36300619, 30289549",2023-01-01,"http://bio-bigdata.hrbmu.edu.cn/CellMarker, http://117.50.127.228/CellMarker",CellMarker,0.992818952,,0,CellMarker,0.992818952,2,,,,
33086069,2020-10-01,http://discover.nci.nih.gov/SclcCellMinerCDB,CellMiner-SCLC,0.997686309,,0,CellMiner-SCLC,0.997686309,1,,,,
24016071,2013-09-09,http://www.medicalgenomics.org/cellminerhcc,CellMinerHCC,0.941295445,,0,CellMinerHCC,0.941295445,1,,,,
36760531,2023-01-24,http://cellpalmseq.med.ubc.ca,CellPalmSeq,0.997925758,,0,CellPalmSeq,0.997925758,1,,,,
22039163,2011-10-29,http://cellpedia.cbrc.jp,CELLPEDIA,0.998041213,,0,CELLPEDIA,0.998041213,1,,,,
37855686,2024-01-01,http://idrblab.org/cellstar,CellSTAR,0.996119499,cell transcriptomic annotation resource,0.854097833,CellSTAR,0.996119499,1,,,,
33147626,2021-07-01,http://tcm.zju.edu.cn/celltalkdb,CellTalkDB,0.99723649,,0,CellTalkDB,0.99723649,1,,,,
36243976,2023-01-01,http://bio-bigdata.hrbmu.edu.cn/CellTracer,CellTracer,0.996495783,,0,CellTracer,0.996495783,1,,,,
25592564,2015-01-01,http://cellx.sourceforge.net,CELLX,0.997325838,Cell Index Database,0.766975661,CELLX,0.997325838,1,,,,
25970778,2015-07-01,http://www.cemtdd.com/index.html,CEMTDD,0.996073186,Chinese Ethnic Minority Traditional Drug Database,0.91564708,CEMTDD,0.996073186,1,,,,
27701074,2016-10-03,http://www.elegansvariation.org,CeNDR,0.993216455,elegans Natural Diversity Resource,0.823794746,CeNDR,0.993216455,1,,,,
37207350,2023-05-01,http://cenhancer.chenzxlab.cn,CenhANCER,0.994331717,,0,CenhANCER,0.994331717,1,,,,
24270791,2013-11-21,http://centrosome.cnb.csic.es,CentrosomeDB,0.996333599,,0,CentrosomeDB,0.996333599,1,,,,
21247929,2011-01-18,http://www.cerealab.unimore.it/jws/cerealab.jnlp,CEREALAB,0.995646238,,0,CEREALAB,0.995646238,1,,,,
35281847,2022-02-24,http://cabgrid.res.in/CerealESTDb,CerealESTdb,0.995376468,,0,CerealESTdb,0.995376468,1,,,,
32754757,2020-01-01,http://www.cerealsdb.uk.net/cerealgenomics/CerealsDB/indexNEW.php,CerealsDB,0.996999264,,0,CerealsDB,0.996999264,1,,,,
41426962,2025-11-25,http://cestaan.princeton.edu,CeSTAAN,0.986888429,elegans Single-nucleus Transcriptomic Atlas of Adult Neurons,0.979744331,CeSTAAN,0.986888429,1,,,,
31428785,2020-01-01,http://www.bio-data.cn/CFEA,CFEA,0.997379303,,0,CFEA,0.997379303,1,,,,
23193288,2012-11-27,http://cfgp.snu.ac.kr,CFGP,0.979907155,Comparative Fungal Genomics Platform,0.961724751,CFGP,0.979907155,1,,,,
41091842,2025-10-14,http://cfmethdb.hzau.edu.cn/home,cfMethDB,0.994327068,,0,cfMethDB,0.994327068,1,,,,
37757861,2024-01-01,http://cfomics.ncrnalab.org,cfOmics,0.996988714,,0,cfOmics,0.996988714,1,,,,
28603918,2017-06-28,http://cftr.iurc.montp.inserm.fr/cftr,CFTR-France,0.977899387,ystic fibrosis transmembrane,0.618076883,CFTR-France,0.977899387,1,,,,
26160459,2015-07-10,http://cgmd.in,CGMD,0.992433429,Cancer Gene Marker Database,0.956503713,CGMD,0.992433429,1,,,,
23486613,2013-03-13,http://cgob.ucd.ie,CGOB,0.997058729,Candida Gene Order Browser,0.948766589,CGOB,0.997058729,1,,,,
25518738,2014-12-18,http://www.nipgr.res.in/CGWR/home.php,CGWR,0.983098507,Chickpea Genomic Web Resource,0.932702328,CGWR,0.983098507,1,,,,
37221041,2023-05-01,http://chagasdb.tagc.univ-amu.fr,ChagasDB,0.995455801,,0,ChagasDB,0.995455802,1,,,,
36304304,2022-07-25,http://www.chanfad.org,ChanFAD,0.99639225,Channel Functional Annotation Database,0.909423598,ChanFAD,0.99639225,1,,,,
22232598,2011-12-30,http://channelpedia.net,Channelpedia,0.995265245,,0,Channelpedia,0.995265245,1,,,,
39349222,2024-09-28,http://www.unilim.fr/cnr-herpesvirus/outils/codexmv/includes,CHARMD,0.98367542,Comprehensive Herpesviruses Antiviral drug Resistance Mutation Database,0.953562562,CHARMD,0.98367542,1,,,,
22140108,2011-12-02,http://www.jcvi.org/charprotdb,CharProtDB,0.996790111,,0,CharProtDB,0.996790111,1,,,,
24498619,2013-08-19,http://www.cdc.gov/hemophiliamutations,CHBMP,0.899794623,Hemophilia B mutation project,0.751574079,CHBMP,0.899794623,1,,,,
28651548,2017-06-26,http://chd.vnbiology.com,CHD,0.82080698,Canis mtDNA HV1,0.562380518,CHD,0.82080698,1,,,,
23818526,2013-07-01,http://tcm.zju.edu.cn/chd,CHD@ZJU,0.971079409,,0,CHD@ZJU,0.971079409,1,,,,
35961607,2022-08-10,http://chddb.fwgenetics.org,CHDbase,0.998028874,,0,CHDbase,0.998028874,1,,,,
32608479,2020-01-01,http://www.sysbio.org.cn/CHDGKB,CHDGKB,0.63245517,,0,CHDGKB,0.63245517,1,,,,
28383342,2017-06-01,http://chearprogram.org,CHEAR,0.995191038,Children's Health Exposure Analysis Resource,0.965028177,CHEAR,0.995191038,1,,,,
"23180789, 26467479",2015-10-13,http://www.ebi.ac.uk/chebi,ChEBI,0.998489141,,0,ChEBI,0.998489141,2,,,,
39436046,2025-01-01,http://idrblab.org/chemprosquare,Chem(Pro)2,0.993269846,,0,Chem(Pro)2,0.993269846,1,,,,
36164975,2022-09-01,http://chembioport.thesgc.org,ChemBioPort,0.990776598,,0,ChemBioPort,0.990776598,1,,,,
"37933841, 24214965, 27899562, 30398643, 25883136, 21936816",2024-01-01,http://www.ebi.ac.uk/chembl,ChEMBL,0.997582018,,0,ChEMBL,0.997582018,6,,,,
36305829,2023-01-01,http://www.chemfont.ca,ChemFOnt,0.996296823,Chemical Functional Ontology,0.775129616,ChemFOnt,0.996296823,1,,,,
33970229,2021-05-10,http://www.rxnfinder.org/chemhub,ChemHub,0.996807337,,0,ChemHub,0.996807337,1,,,,
36200827,2023-01-01,http://chempert.uni.lu,ChemPert,0.996918321,,0,ChemPert,0.996918321,1,,,,
26876982,2016-02-13,http://potentia.cbs.dtu.dk/ChemProt,ChemProt,0.998003364,,0,ChemProt,0.998003364,1,,,,
23185041,2012-11-26,http://www.cbs.dtu.dk/services/ChemProt-2.0,ChemProt-2.0,0.885878646,,0,ChemProt-2.0,0.885878646,1,,,,
36103300,2022-09-14,http://chematlas.chimie.unistra.fr,ChemScape Atlas,0.978444666,,0,ChemScape Atlas,0.978444666,1,,,,
24470572,2014-01-27,http://chepimod.org,ChEpiMod,0.997203112,,0,ChEpiMod,0.997203112,1,,,,
"37904256, 30486838",2023-10-30,http://ccb.jhu.edu/chess,CHESS,0.993582785,,0,CHESS,0.993582785,2,,,,
33068420,2021-01-01,http://chewbbaca.online,chewie-NS,0.992993156,Chewie Nomenclature Server,0.940701187,chewie-NS,0.992993156,1,,,,
31210271,2019-01-01,http://geneatlas.arl.arizona.edu,Chickspress,0.997966588,,0,Chickspress,0.997966588,1,,,,
24997141,2014-07-04,http://ento.njau.edu.cn/ChiloDB,ChiloDB,0.997956932,,0,ChiloDB,0.997956932,1,,,,
"31680157, 27899563",2020-01-01,http://www.kobic.re.kr/chimerdb,ChimerDB,0.995721757,,0,ChimerDB,0.995721757,2,,,,
33662628,2021-02-01,http://www.cgga.org.cn,CGGA,0.972158313,Chinese Glioma Genome Atlas,0.975209602,Chinese Glioma Genome Atlas,0.975209602,1,,,,
"36399495, 23161675",2023-01-01,http://rnasysu.com/chipbase3,ChIPBase,0.99755013,,0,ChIPBase,0.99755013,2,,,,
30202990,2019-01-01,"http://umiamihealth.org/bascom-palmer-eye-institute/research/clinical-and-laboratory-research/ocular-oncology-laboratory/chip-primers, http://www.chipprimers.com",ChIPprimersDB,0.948491991,,0,ChIPprimersDB,0.948491991,1,,,,
31942977,2020-01-01,http://summit.med.unideb.hu/summitdb,ChIPSummitDB,0.995177627,,0,ChIPSummitDB,0.995177627,1,,,,
35070499,2022-01-13,http://www.chirovox.org,ChiroVox,0.995782614,,0,ChiroVox,0.995782614,1,,,,
31665454,2020-01-01,http://chlamdb.ch,ChlamDB,0.998569787,,0,ChlamDB,0.998569787,1,,,,
22904610,2012-08-01,http://ioda.univ-provence.fr,chordate proteome history,0.743933582,,0,chordate proteome history,0.743933582,1,,,,
23405067,2013-02-06,http://www1.i2r.a-star.edu.sg/xlli/CHPC2012/CHPC2012.htm,CHPC2012,0.927504778,Catalogue of Human Protein Complexes,0.88755808,CHPC2012,0.927504778,1,,,,
36243984,2023-01-01,http://3dgenomics.hzau.edu.cn/chromloops,ChromLoops,0.993139148,,0,ChromLoops,0.993139148,1,,,,
22718786,2012-06-19,http://www.thesgc.org/chromohub,ChromoHub,0.996145904,,0,ChromoHub,0.996145904,1,,,,
"26722116, 29564831",2018-01-01,http://cgma.scu.edu.cn/ChromothripsisDB,ChromothripsisDB,0.99702704,,0,ChromothripsisDB,0.99702704,2,,,,
23139595,2012-09-11,http://ibsd.gov.in/cibman,CIBMAN,0.99584347,,0,CIBMAN,0.99584347,1,,,,
24952649,2014-06-21,http://cicarmisatdb.icrisat.org,CicArMiSatDB,0.988039034,Chickpea Microsatellite Database,0.596938559,CicArMiSatDB,0.988039034,1,,,,
26289427,2015-08-19,"http://cicarvardb.icrisat.org/, http://cicarvardb.icrisat.org",CicArVarDB,0.995038033,,0,CicArVarDB,0.995038033,1,,,,
"37646938, 34762703",2023-01-01,http://cicersptedb.easyomics.org/index.php,CicerSpTEdb,0.994646966,Cicer Species Transposable,0.66194131,CicerSpTEdb,0.994646966,2,,,,
27472917,2016-07-29,http://www.cicertransdb.esy.es,CicerTransDB,0.995746732,Cicer Transcription Factor Database,0.750756256,CicerTransDB,0.995746732,1,,,,
39609715,2024-11-28,http://cidalsdb.streamlit.app,CidalsDB,0.997636318,,0,CidalsDB,0.997636318,1,,,,
22809392,2012-07-18,http://mips.helmholtz-muenchen.de/cider,CIDeR,0.997793913,,0,CIDeR,0.997793913,1,,,,
30045691,2018-07-25,http://soft.bioinfo-minzhao.org/cigene,CIGene,0.99484241,,0,CIGene,0.99484241,1,,,,
"23203874, 23203874",2012-11-29,http://www.cellimagelibrary.org,CIL-CCDB,0.996889138,an image library-CCDB,0.696443155,CIL-CCDB,0.996889138,2,,,,
31095607,2019-05-16,http://bioinformatics.bio.uu.nl/john/syscilia/ciliacarta,CiliaCarta,0.935106993,,0,CiliaCarta,0.935106993,1,,,,
37542408,2023-07-01,"http://kaplanlab.shinyapps.io/ciliaminer, http://kaplanlab.shinyapps.io/ciliaminer",CiliaMiner,0.992480516,,0,CiliaMiner,0.992480516,1,,,,
38989623,2024-08-01,http://ciliogenics.com,CilioGenics,0.964963436,,0,CilioGenics,0.964963436,1,,,,
36871844,2023-03-05,http://chemyang.ccnu.edu.cn/ccb/database/CIPDB,CIPDB,0.993706226,Interaction in Protein Data Bank,0.981677363,CIPDB,0.993706226,1,,,,
30004104,2018-06-28,http://www.citogenetica.ufes.br,CIPEMAB,0.996844947,,0,CIPEMAB,0.996844947,1,,,,
38481028,2024-04-01,http://phenomics.va.ornl.gov,CIPHER,0.98532325,Centralized Interactive Phenomics Resource,0.902779241,CIPHER,0.98532325,1,,,,
24339831,2013-12-10,http://gyanxet-beta.com/circdb,Circ2Traits,0.996000826,,0,Circ2Traits,0.996000826,1,,,,
32219412,2020-01-01,http://clingen.igib.res.in/circad,circad,0.970793426,,0,circad,0.970793426,1,,,,
35657089,2022-07-01,http://circadiomics.igb.uci.edu,CircadiOmics,0.996561885,,0,CircadiOmics,0.996561885,1,,,,
40353835,2025-07-01,http://circage.kiz.ac.cn,CircAge,0.989436388,,0,CircAge,0.989436388,1,,,,
39329269,2025-01-01,http://cdsic.njau.edu.cn/CircaKB,CircaKB,0.997754991,,0,CircaKB,0.997754991,1,,,,
41329497,2025-12-02,http://reprod.njmu.edu.cn/cgi-bin/circASbase,circASbase,0.996864915,,0,circASbase,0.996864915,1,,,,
25234927,2014-09-18,http://www.circbase.org,circBase,0.970117331,,0,circBase,0.970117331,1,,,,
34296749,2021-07-01,"http://soft.bioinfo-minzhao.org/circexp, http://soft.bioinfominzhao.org/circexp",circExp,0.985390902,,0,circExp,0.985390902,1,,,,
29194536,2018-01-01,http://app.cgu.edu.tw/circlnc,circlncRNAnet,0.996753991,,0,circlncRNAnet,0.996753991,1,,,,
34530446,2022-01-01,"http://hpcc.siat.ac.cn/circmine, http://www.biomedical-web.com/circmine",circMine,0.990795016,,0,circMine,0.990795016,1,,,,
"27365365, 30172046",2018-08-29,http://www.picb.ac.cn/rnomics/circpedia,CIRCpedia,0.990549028,,0,CIRCpedia,0.990549028,2,,,,
33181824,2020-01-01,http://www.biobdlab.cn:8000,circR2Cancer,0.993368697,,0,circR2Cancer,0.993368697,1,,,,
34856391,2021-11-29,http://bioinfo.snnu.edu.cn/CircR2Disease_v2.0,CircR2Disease,0.969459782,,0,CircR2Disease,0.969459782,1,,,,
27725737,2016-10-11,http://reprod.njmu.edu.cn/circrnadb,circRNADb,0.975911617,,0,circRNADb,0.975911617,1,,,,
37897359,2024-01-01,"http://cgga.org.cn/circRNADisease/, http://cgga.org.cn:9091/circRNADisease",circRNADisease,0.968849123,,0,circRNADisease,0.968849123,1,,,,
33121433,2020-10-29,http://soft.bioinfo-minzhao.org/circvar,circVAR,0.893169641,,0,circVAR,0.893169641,1,,,,
29059379,2018-01-01,http://cirgrdb.biols.ac.cn,CirGRDB,0.997688591,,0,CirGRDB,0.997688591,1,,,,
41377120,2025-11-22,http://bioinf.org.cn:9876,CirRFKB,0.997754514,Circadian-Related Risk Factor Knowledgebase for Cancer,0.956611592,CirRFKB,0.997754514,1,,,,
37637211,2023-07-27,http://www.licpathway.net/Cis-Cardio/index.html,Cis-Cardio,0.997375357,,0,Cis-Cardio,0.997375357,1,,,,
29092931,2017-11-01,http://cistrome.org/CistromeCancer,Cistrome Cancer,0.990812868,,0,Cistrome Cancer,0.990812868,1,,,,
23508969,2013-03-18,http://cistrome.org/finder,CistromeFinder,0.990140975,,0,CistromeFinder,0.990140975,1,,,,
29688375,2018-01-01,http://citgenedb.yubiolab.org,CITGeneDB,0.997810602,,0,CITGeneDB,0.997810602,1,,,,
32025315,2020-02-01,http://citgvd.cric.cn/home,CitGVD,0.992236495,citrus genomic variation database,0.845783427,CitGVD,0.992236495,1,,,,
24489955,2014-01-28,http://citrus.hzau.edu.cn,,0,Citrus sinensis annotation project,0.768495091,Citrus sinensis annotation project,0.768495091,1,,,,
33181825,2020-01-01,http://bioinfo.deinfo.uepg.br/citrus,CitrusKB,0.99783051,,0,CitrusKB,0.99783051,1,,,,
33109630,2020-10-01,http://www.ckttdb.org,CKTTD,0.997114658,Checkpoint therapeutic target database,0.942019236,CKTTD,0.997114658,1,,,,
40181386,2025-04-03,http://compbio.sjtu.edu.cn/services/clc-db,CLC-DB,0.997379854,Chiral Ligand and Catalyst Database,0.979790471,CLC-DB,0.997379854,1,,,,
24678985,2014-03-28,http://clearedleavesdb.org,ClearedLeavesDB,0.982267678,Cleared Leaf Image Database,0.655172122,ClearedLeavesDB,0.982267678,1,,,,
22916227,2012-08-20,http://clearpond.northwestern.edu,CLEARPOND,0.993278623,Resource for,0.694889188,CLEARPOND,0.993278623,1,,,,
39404758,2024-10-15,http://www.clinicalgenome.org/start,ClinGen,0.995141417,Genome Resource,0.955249051,ClinGen,0.995141417,1,,,,
"26582918, 29165669, 31777943",2020-01-01,http://www.ncbi.nlm.nih.gov/clinvar,ClinVar,0.996684611,,0,ClinVar,0.996684611,3,,,,
25652745,2015-02-05,http://clipdb.ncrnalab.org,CLIPdb,0.996144474,,0,CLIPdb,0.996144474,1,,,,
23193260,2012-11-27,http://www.ncbi.nlm.nih.gov/clone,Clone,0.87266922,,0,Clone,0.87266922,1,,,,
25913159,2015-04-23,http://bif.uohyd.ac.in/closindb,ClosIndb,0.993508637,,0,ClosIndb,0.993508637,1,,,,
33735471,2021-04-17,"http://physics.carleton.ca/clrp/eye_plaque_v2, http://doi.org/10.22215/clrp/EPv2",CLRP,0.958588719,,0,CLRP,0.958588719,1,,,,
23104377,2012-10-26,http://www.clustermine360.ca,ClusterMine360,0.942080637,,0,ClusterMine360,0.942080637,1,,,,
23661693,2013-05-09,http://www.complement.us/cmap,CMAP,0.981967479,Complement Map Database,0.876230553,CMAP,0.981967479,1,,,,
30357356,2019-01-01,http://bidd2.nus.edu.sg/CMAUP,CMAUP,0.998420835,Collective Molecular Activities of Useful Plants,0.974408348,CMAUP,0.998420835,1,,,,
33693668,2021-03-01,http://www.sysbio.org.cn/CMBD,CMBD,0.997389793,,0,CMBD,0.997389793,1,,,,
35871305,2023-01-01,http://db.cngb.org/cmdb,CMDB,0.993587136,Chinese Millionome Database,0.950759113,CMDB,0.993587136,1,,,,
30668638,2019-09-01,http://syslab5.nchu.edu.tw/CMEP,CMEP,0.926891863,Circulating MicroRNA Expression Profiling,0.608082005,CMEP,0.926891863,1,,,,
"39085735, 36287286",2024-08-01,http://slsdb.manipal.edu/cmirclust,CmirC,0.977652252,,0,CmirC,0.977652252,2,,,,
25885062,2015-04-17,http://65.181.125.102/cmmdb2/index.html,CmMDb,0.993868947,Cucumis melo L,0.824225145,CmMDb,0.993868947,1,,,,
32986829,2021-01-01,http://www.cmnpd.org,CMNPD,0.998440802,,0,CMNPD,0.998440802,1,,,,
25398898,2014-11-14,http://cgbc.cgu.edu.tw/cmpd,CMPD,0.993044734,cancer mutant proteome database,0.959299552,CMPD,0.993044734,1,,,,
26062809,2015-06-11,http://lgcm.icb.ufmg.br/cmregnet,CMRegNet,0.995652676,,0,CMRegNet,0.995652676,1,,,,
23630576,2013-04-22,http://cbbiweb.uthscsa.edu/KMethylomes,CMS,0.961046875,Cancer methylome system,0.863095567,CMS,0.961046875,1,,,,
31813095,2019-12-07,"http://shaktisahislab.com/include/CMV/, http://weislab.com/WeiDOCK/include/content/CMV",CMVdb,0.988853097,CytoMegaloVirus Infection Database,0.726735294,CMVdb,0.988853097,1,,,,
31901979,2020-01-04,http://cailab.labshare.cn/CNAdbCC,CNAdbCC,0.992988825,,0,CNAdbCC,0.992988825,1,,,,
33095860,2021-01-01,http://cncdatabase.med.cornell.edu,CNCDatabase,0.997600734,Cornell Non-coding Cancer driver Database,0.958675064,CNCDatabase,0.997600734,1,,,,
33010163,2021-01-01,http://www.rna-society.org/cncrnadb,cncRNAdb,0.991504371,,0,cncRNAdb,0.991504371,1,,,,
32952115,2020-08-01,http://db.cngb.org,CNGBdb,0.99559629,China National GeneBank DataBase,0.846177836,CNGBdb,0.99559629,1,,,,
39991480,2025-01-18,http://www.cnpkb.com.cn,CNPKB,0.861022919,Chinese Pharmacogenomic Knowledge Base,0.851259589,CNPKB,0.861022919,1,,,,
"40224325, 32705130",2025-02-06,http://db.cngb.org/cnsa,CNSA,0.969382127,China National GeneBank Sequence Archive,0.780384163,CNSA,0.969382127,2,,,,
22826268,2012-07-23,http://bioinfo.hrbmu.edu.cn/CNVD,CNVD,0.973126009,Copy Number Variation in Disease database,0.926422502,CNVD,0.973126009,1,,,,
30598077,2018-12-31,http://cnv.gtxlab.com,CNVdigest,0.993451834,,0,CNVdigest,0.993451834,1,,,,
34259866,2021-07-01,http://cnvintegrate.cgm.ntu.edu.tw,CNVIntegrate,0.995991111,,0,CNVIntegrate,0.995991111,1,,,,
39066515,2024-07-01,http://www.co-19pdb.habdsk.org,CO-19 PDB,0.970707774,COVID-19 Pandemic Database,0.702724048,CO-19 PDB,0.970707774,1,,,,
41399279,2025-12-15,http://doi.org/10.1111/1365-2656.70154,Co-BreeD,0.996099496,Cooperative-Breeding Database,0.854330218,Co-BreeD,0.996099496,1,,,,
41031637,2025-01-01,http://datatools.sjri.res.in/VBG,CobVar,0.976961181,Cobalamin Associated Genetic Variant,0.88229695,CobVar,0.976961181,1,,,,
32392296,2020-07-01,http://milton.cshl.edu/CoCoCoNet,CoCoCoNet,0.998220623,,0,CoCoCoNet,0.998220623,1,,,,
"39588778, 33423696",2025-01-01,http://coconut.naturalproducts.net,COCONUT,0.993007143,COlleCtion of Open Natural,0.851275808,COCONUT,0.993007143,2,,,,
22070882,2011-11-08,http://www.crystallography.net,COD,0.984296083,Crystallography Open Database,0.856681943,COD,0.984296083,1,,,,
25270877,2014-09-30,http://codex.stemcells.cam.ac.uk,CODEX,0.997284114,,0,CODEX,0.997284114,1,,,,
23846747,2013-07-11,http://www.codnas.com.ar,CoDNaS,0.99604851,Conformational Diversity of Native State,0.846067939,CoDNaS,0.99604851,1,,,,
"34954795, 34954795",2022-03-01,"http://ufq.unq.edu.ar/codnasrna, http://codnas-rna.bioinformatica.org",CoDNaS-RNA,0.989147276,,0,CoDNaS-RNA,0.989147276,2,,,,
31029701,2019-04-26,http://hive.biochemistry.gwu.edu/review/codon2,CoCoPUTs,0.973919183,Codon and Codon-Pair Usage Tables,0.987904727,Codon and Codon-Pair Usage Tables,0.987904727,1,,,,
30357342,2019-01-01,http://phylodb.unil.ch/CoevDB,CoevDB,0.997794569,,0,CoevDB,0.997794569,1,,,,
28334239,2018-09-01,http://www.bioapp.org/coexpressMAP,coexpressMAP,0.980166078,human-mouse general co-expression difference database,0.907979217,coexpressMAP,0.980166078,1,,,,
32436316,2020-05-20,http://bioinformatics.fafu.edu.cn/fly,CoFly,0.555579185,,0,CoFly,0.555579185,1,,,,
39176867,2024-08-01,http://forschungsdb.cofoni.de,COFONI,0.990745783,Network,0.679946303,COFONI,0.990745783,1,,,,
35502202,2022-03-18,http://sars2.cvr.gla.ac.uk/cog-uk/-last,COG-UK-ME,0.985307207,COG-UK Mutation Explorer,0.956903807,COG-UK-ME,0.985307207,1,,,,
25428365,2014-11-26,http://www.ncbi.nlm.nih.gov/COG,COGs,0.89940232,Clusters of Orthologous Groups of proteins,0.764110201,COGs,0.89940232,1,,,,
34964846,2021-12-01,http://www.cogvic.vip,COGVIC,0.994361281,Catalog of Germline Variants in,0.96474456,COGVIC,0.994361281,1,,,,
36162821,2023-01-01,http://cohesindb.iqb.u-tokyo.ac.jp,CohesinDB,0.996298671,,0,CohesinDB,0.996298671,1,,,,
22275896,2011-12-23,http://coins.mrn.org,COINS,0.97806251,and,0.496829301,COINS,0.97806251,1,,,,
37861121,2023-10-01,http://colabfit.org,ColabFit,0.981471002,,0,ColabFit,0.981471002,1,,,,
"27114493, 24234444",2016-04-25,http://www.collectf.org,CollecTF,0.998359561,,0,CollecTF,0.998359561,2,,,,
32073269,2020-03-04,http://spin.ccic.osu.edu/index.php/colmarm/index2,COLMAR Lipids,0.91474843,,0,COLMAR Lipids,0.91474843,1,,,,
37941154,2024-01-01,http://ngdc.cncb.ac.cn/colocdb,COLOCdb,0.998269737,,0,COLOCdb,0.998269737,1,,,,
"26586805, 24214998",2015-11-19,http://colombos.net,COLOMBOS,0.998174131,,0,COLOMBOS,0.998174131,2,,,,
33181822,2020-01-01,http://data.color.com,Color Data,0.852575928,,0,Color Data,0.852575928,1,,,,
33313674,2021-07-01,http://rna.sysu.edu.cn/colorcells,ColorCells,0.997294188,,0,ColorCells,0.997294188,1,,,,
26496946,2015-10-22,http://www.colonatlas.org,Colorectal Cancer Atlas,0.970538229,,0,Colorectal Cancer Atlas,0.970538229,1,,,,
38469247,2024-02-29,http://colptmscape.iitmandi.ac.in,ColPTMScape,0.973195016,,0,ColPTMScape,0.973195016,1,,,,
40580317,2025-06-28,http://coma.metabolomics.fgu.cas.cz,COMA,0.993135571,Circadian Ontogenetic Metabolomics Atlas,0.989821341,COMA,0.993135571,1,,,,
36353986,2023-01-01,http://db.combat.ox.ac.uk,COMBATdb,0.996870697,Multi-omics Blood ATlas,0.641979064,COMBATdb,0.996870697,1,,,,
36207780,2022-10-07,http://pcatools.shinyapps.io/CTPC_V2,CTPC,0.961509208,Combined Transcriptome dataset of PCa Cell lines,0.968740609,Combined Transcriptome dataset of PCa Cell lines,0.968740609,1,,,,
21177655,2011-01-01,"http://www.oxfordjournals.org/nar/database/a/, http://nar.oxfordjournals.org",COMBREX,0.983597279,Acids,0.534308016,COMBREX,0.983597279,1,,,,
26051695,2015-06-01,http://comirnet.di.uniba.it,ComiRNet,0.991619289,Co-clustered miRNA Regulatory Networks,0.947112972,ComiRNet,0.991619289,1,,,,
24225386,2013-11-13,http://commode.i-med.ac.at,COMMODE,0.942243874,,0,COMMODE,0.942243874,1,,,,
22836712,2012-07-27,http://genomics.brocku.ca/ccmbl,,0,Comparative Cellular and Molecular Biology of Longevity Database,0.74333477,Comparative Cellular and Molecular Biology of Longevity Database,0.74333477,1,,,,
25333826,2014-11-05,http://spin.ccic.ohio-state.edu/index.php/hsqc/index,COLMAR,0.561694831,Complex Mixture Analysis by NMR,0.879976043,Complex Mixture Analysis by NMR,0.879976043,1,,,,
34718745,2022-01-01,http://ngdc.cncb.ac.cn/compodynamics,CompoDynamics,0.997495294,,0,CompoDynamics,0.997495294,1,,,,
25348397,2014-10-27,http://ComPPI.LinkGroup.hu,ComPPI,0.99763155,,0,ComPPI,0.99763155,1,,,,
36355452,2023-01-01,http://www.innovebioinfo.com/Database/CoMutDB/Home.php,CoMutDB,0.996100914,Cancer co-mutation database,0.980455468,CoMutDB,0.996100915,1,,,,
37266406,2023-05-12,http://www.nipgr.ac.in/CoNCRAtlas,CoNCRAtlas,0.99451685,,0,CoNCRAtlas,0.99451685,1,,,,
32754758,2020-01-01,http://conomode.qnlm.ac/conomode/conomode/index,ConoMode,0.997492313,,0,ConoMode,0.997492313,1,,,,
22058133,2011-11-03,http://www.conoserver.org,ConoServer,0.996880889,,0,ConoServer,0.996880889,1,,,,
"34850110, 27606777, 23143270",2022-01-01,http://consensuspathdb.org,ConsensusPathDB,0.997402191,,0,ConsensusPathDB,0.997402191,3,,,,
31702846,2019-11-22,http://consurfdb.tau.ac.il,ConSurf,0.988563061,,0,ConSurf,0.988563061,1,,,,
27980519,2016-11-02,http://strube.cbrc.kaust.edu.sa/contaminer,ContaMiner,0.980479717,,0,ContaMiner,0.980479717,1,,,,
33798715,2021-03-30,http://convida.inf.um.es,COnVIDa,0.995118141,,0,COnVIDa,0.995118141,1,,,,
31269035,2019-07-03,http://landslides.nasa.gov,COOLR,0.98030597,Cooperative Open Online Landslide Repository,0.584065162,COOLR,0.98030597,1,,,,
27242036,2016-05-30,"http://cosbi.ee.ncku.edu.tw/CoopTFD/, http://cosbi2.ee.ncku.edu.tw/CoopTFD",CoopTFD,0.997820497,Cooperative Transcription Factors Database,0.965329289,CoopTFD,0.997820497,1,,,,
21544197,2011-04-22,http://microbiome.osu.edu,CORE,0.780686021,,0,CORE,0.780686021,1,,,,
33382885,2020-12-01,http://corkoakdb.org,CorkOakDB,0.994003475,Genome,0.661612511,CorkOakDB,0.994003475,1,,,,
40270708,2025-04-03,http://qinlab.sysu.edu.cn/corn/home,CORN,0.967278302,riented Regulatory Networks,0.804332149,CORN,0.967278302,1,,,,
34016708,2021-06-01,http://coronacentral.ai,CoronaCentral,0.994874954,,0,CoronaCentral,0.994874954,1,,,,
24991954,2014-07-01,http://cortecon.neuralsci.org,CORTECON,0.730165362,,0,CORTECON,0.730165362,1,,,,
"39526397, 36382402, 30357367",2025-01-01,http://mips.helmholtz-muenchen.de/corum,CORUM,0.997224689,of mammalian protein complexes,0.598213032,CORUM,0.997224689,3,,,,
24466021,2014-01-17,http://corynebacterium.um.edu.my,CoryneBase,0.996892035,,0,CoryneBase,0.996892035,1,,,,
22080556,2011-11-12,http://www.coryneregnet.de,CoryneRegNet,0.996991575,,0,CoryneRegNet,0.996991575,1,,,,
38803273,2024-05-01,http://210.22.121.250:8888/CoSFISH/home/indexPage,CoSFISH,0.996188819,,0,CoSFISH,0.996188819,1,,,,
28595571,2017-06-08,http://cottonfgd.org,CottonFGD,0.992367327,Cotton Functional Genomic Database,0.977265196,CottonFGD,0.992367327,1,,,,
24203703,2013-11-06,http://www.cottongen.org,CottonGen,0.994491816,,0,CottonGen,0.994491816,1,,,,
34992626,2021-12-21,"http://120.78.174.209/, http://db.cngb.org/cottonGVD",CottonGVD,0.994645226,cotton genomic variation database,0.905625567,CottonGVD,0.994645226,1,,,,
36215030,2023-01-01,http://yanglab.hzau.edu.cn/CottonMD,CottonMD,0.991544008,,0,CottonMD,0.991544008,1,,,,
36094905,2022-09-01,"http://cotton.zju.edu.cn/, http://cotton.zju.edu.cn",COTTONOMICS,0.995148659,,0,COTTONOMICS,0.995148659,1,,,,
25758743,2015-03-11,http://www.cottonqtldb.org,CottonQTLdb,0.928469539,,0,CottonQTLdb,0.928469539,1,,,,
37897356,2024-01-01,http://biomedbdc.wchscu.cn/COV2Var,COV2Var,0.997677997,,0,COV2Var,0.997677997,1,,,,
32890396,2021-01-01,http://cov3d.ibbr.umd.edu,CoV3D,0.995971898,,0,CoV3D,0.995971898,1,,,,
"39441070, 33068433",2025-01-01,http://cadd.zju.edu.cn/cidb,CovalentInDB,0.996971965,Covalent Inhibitor Database,0.987251094,CovalentInDB,0.996971965,2,,,,
33009914,2021-08-01,http://covdb.popgenetics.net,CoVdb,0.996979177,coronavirus database,0.904240698,CoVdb,0.996979177,1,,,,
38653491,2024-03-01,http://pgx.zju.edu.cn/covepiab,CovEpiAb,0.994608343,,0,CovEpiAb,0.994608343,1,,,,
32665542,2020-07-14,http://exbio.wzw.tum.de/covex,CoVex,0.995960653,,0,CoVex,0.995960653,1,,,,
36763096,2023-02-01,http://covicdb.lji.org,COVIC-DB,0.99146838,Coronavirus Immunotherapeutic Consortium Database,0.91216473,COVIC-DB,0.99146838,1,,,,
35468755,2022-04-25,http://phgkb.cdc.gov/PHGKB/coVInfoStartPage.action,COVID-GPH,0.935377192,Health database,0.767975777,COVID-GPH,0.935377192,1,,,,
34554255,2022-01-01,"http://hpcc.siat.ac.cn/covid19db, http://www.biomedical-web.com/covid19db",COVID19db,0.996315807,,0,COVID19db,0.996315807,1,,,,
37497545,2023-07-11,http://biomedbdc.wchscu.cn/COVIDanno,COVIDanno,0.995449424,,0,COVIDanno,0.995449424,1,,,,
34585731,2021-09-29,http://kraza.in/covidium,COVIDium,0.977083564,,0,COVIDium,0.977083564,1,,,,
37555633,2023-08-09,http://www.guomics.com/covidPro,COVIDpro,0.997946143,,0,COVIDpro,0.997946143,1,,,,
36200814,2023-01-01,http://idrblab.org/covinter,CovInter,0.98508811,,0,CovInter,0.98508811,1,,,,
34581813,2022-01-01,http://www.pharmbioinf.uni-freiburg.de/covpdb,CovPDB,0.997268796,,0,CovPDB,0.997268796,1,,,,
34931882,2021-12-21,http://coxbase.q-gaps.de,CoxBase,0.994834006,,0,CoxBase,0.994834006,1,,,,
"36350658, 23203868, 25392420, 30462320",2023-01-01,http://coxpresdb.jp,COXPRESdb,0.98220855,,0,COXPRESdb,0.98220855,4,,,,
"31979981, 27043825",2020-01-24,http://web.iitm.ac.in/bioinfo2/cpad2/index.html,CPAD,0.964463413,Curated Protein Aggregation Database,0.924321791,CPAD,0.964463413,2,,,,
21269480,2011-01-26,http://cpass.unl.edu,CPASS,0.901464581,ite Structures,0.53467082,CPASS,0.901464581,1,,,,
37566336,2023-08-11,http://tinyurl.com/4este73c,CPB-LEX,0.994592762,The Children's Picture Books Lexicon,0.91968246,CPB-LEX,0.994592762,1,,,,
28962356,2015-01-02,http://actor.epa.gov/cpcat,CPCat,0.98875711,Chemical/Product Categories Database,0.958640075,CPCat,0.98875711,1,,,,
38912124,2024-05-15,http://saveplants.org/reintroduction-database,CPCRD,0.983890235,Center for Plant Conservation Reintroduction Database,0.9681447,CPCRD,0.983890235,1,,,,
25861964,2015-04-09,http://www.ebi.ac.uk/fg/sym,CPD,0.994626105,Cellular Phenotype Database,0.898467913,CPD,0.994626105,1,,,,
39253058,2024-08-12,http://t38webservices.nat.tum.de/cpepmatch,cPEPmatch,0.997689188,,0,cPEPmatch,0.997689188,1,,,,
22120664,2011-11-26,http://cpgr.plantbiology.msu.edu,CPGR,0.99133648,Comprehensive Phytopathogen Genomics Resource,0.985549808,CPGR,0.99133648,1,,,,
"34581824, 24214993",2022-01-01,http://cplm.biocuckoo.cn,CPLM,0.995593056,Compendium of Protein Lysine Modifications,0.978943653,CPLM,0.995593056,2,,,,
36006844,2022-08-01,http://cpmcp.top,CPMCP,0.919861078,,0,CPMCP,0.919861078,1,,,,
41029413,2025-09-30,http://nscc.zzu.edu.cn/CPMOAD,CPMOAD,0.997505546,Comprehensive Preeclampsia Multi-Omics Analysis Database,0.946004905,CPMOAD,0.997505546,1,,,,
"33186582, 26586798",2020-11-10,http://webs.iiitd.edu.in/raghava/cppsite,CPPsite,0.992566049,,0,CPPsite,0.992566049,2,,,,
41334181,2025-11-15,http://www.yzbio.top/CPRCSdb,CPRCSdb,0.998415887,,0,CPRCSdb,0.998415887,1,,,,
24253304,2013-11-18,"http://compbio.tongji.edu.cn/cr, http://cistrome.org/cr",CR Cistrome,0.879878566,,0,CR Cistrome,0.879878566,1,,,,
29036683,2018-01-01,http://cis.hku.hk/CR2Cancer,CR2Cancer,0.981912553,,0,CR2Cancer,0.981912553,1,,,,
37181287,2022-11-28,http://crac.oncoatlas.ru,CRAC,0.994566441,Clinical Relevance of Alterations in Cancer,0.977115964,CRAC,0.994566441,1,,,,
31725864,2017-01-01,http://bionlp-corpora.sourceforge.net/CRAFT/index.shtml,CRAFT,0.874941985,Annotated,0.625489712,CRAFT,0.874941985,1,,,,
26862144,2016-02-08,http://14.139.227.92/mkumar/cragdb,CrAgDb,0.977069199,haperone repertoire in Archaeal,0.644523211,CrAgDb,0.977069199,1,,,,
36318246,2023-01-01,http://www.ehbio.com/CRAMdb,CRAMdb,0.997866273,,0,CRAMdb,0.997866273,1,,,,
26450948,2015-10-08,http://bioinfo.au-kbc.org.in/ngs/ngshome.html,CRCDA,0.995928064,resources for cancer NGS data analysis,0.909173157,CRCDA,0.995928064,1,,,,
37131406,2023-03-24,http://www.licpathway.net/crcdb/index.html,CRCdb,0.971810341,,0,CRCdb,0.971810341,1,,,,
38974887,2024-06-02,http://crcdb-hust.com,CRCDB,0.995430887,,0,CRCDB,0.995430887,1,,,,
23019048,2012-09-26,http://www.chs.med.ed.ac.uk/CRCgene,CRCgene,0.993980265,,0,CRCgene,0.993980265,1,,,,
36318256,2023-01-01,http://cr.liclab.net/crdb,CRdb,0.995674849,,0,CRdb,0.995674849,1,,,,
36259664,2023-01-01,http://creammist.mtms.dev,CREAMMIST,0.986540794,,0,CREAMMIST,0.986540794,1,,,,
23868908,2013-07-18,http://www-cryst.bioc.cam.ac.uk/credo,CREDO,0.997011185,,0,CREDO,0.997011185,1,,,,
34482425,2021-09-04,http://www.informatics.jax.org/home/recombinase,CrePortal,0.977086961,,0,CrePortal,0.977086961,1,,,,
26855883,2015-09-01,http://cressint.cchmc.org,CressInt,0.996792436,,0,CressInt,0.996792436,1,,,,
23668932,2013-05-13,http://crezoo.crt-dresden.de,CreZoo,0.978289962,,0,CreZoo,0.978289962,1,,,,
33010154,2021-01-01,http://crispview.weililab.org,CRISP-view,0.996309042,,0,CRISP-view,0.996309042,1,,,,
41171707,2025-08-01,http://crispr-gate.daasbioinfromaticsteam.in,CRISPR-GATE,0.853296409,CRISPR-Gateway for Accessing Tools and Resources,0.831276367,CRISPR-GATE,0.853296409,1,,,,
35891797,2022-07-18,http://crispr-surfaceome.siais.shanghaitech.edu.cn/home,CRISPR-Surfaceome,0.986585149,,0,CRISPR-Surfaceome,0.986585149,1,,,,
31624845,2020-01-01,http://crisprcas.i2bc.paris-saclay.fr,CRISPRCasdb,0.988769293,,0,CRISPRCasdb,0.988769293,1,,,,
30285246,2019-01-01,"http://www.crisprlnc.org, http://crisprlnc.xtbg.ac.cn",CRISPRlnc,0.995125651,,0,CRISPRlnc,0.995125651,1,,,,
39526384,2025-01-01,http://ccsm.uth.edu/CRISPRoffT,CRISPRoffT,0.993508339,,0,CRISPRoffT,0.993508339,1,,,,
33084893,2021-01-01,http://www.crisprsql.com,crisprSQL,0.997429252,,0,crisprSQL,0.997429252,1,,,,
26438539,2015-10-04,http://research.nhgri.nih.gov/CRISPRz,CRISPRz,0.997380316,,0,CRISPRz,0.997380316,1,,,,
30598113,2018-12-31,http://crlnc.xtbg.ac.cn,CRlncRNA,0.995219409,,0,CRlncRNA,0.995219409,1,,,,
33529633,2021-01-30,http://crmarker.hnnu.edu.cn,CRMarker,0.994199812,,0,CRMarker,0.994199812,1,,,,
37743473,2023-09-25,http://bio-gateway.aigene.org.cn/g/CrMP,CrMP-Sol,0.993337691,,0,CrMP-Sol,0.993337691,1,,,,
26602695,2015-11-23,http://syslab4.nchu.edu.tw/CRN,CRN,0.987320423,Cancer RNA-Seq Nexus,0.908770829,CRN,0.987320423,1,,,,
30967897,2019-03-22,http://bioinformatics.cau.edu.cn/croFGD,croFGD,0.99771744,Catharanthus roseus Functional Genomics Database,0.82261859,croFGD,0.99771744,1,,,,
37646943,2023-01-01,"http://www.cromo.cat/, http://biodiver.bio.ub.es",CromoCat,0.997049093,Catalan Biodiversity Database,0.577475405,CromoCat,0.997049093,1,,,,
38346982,2024-02-12,http://crop-gpa.aielab.net,Crop-GPA,0.997406363,,0,Crop-GPA,0.997406363,1,,,,
40899639,2025-01-01,http://www2.tezu.ernet.in/cropcs,CroPCS,0.997163653,Crop Plants Combined Stress Knowledgebase,0.884785082,CroPCS,0.997163653,1,,,,
38000385,2024-01-01,http://iagr.genomics.cn/CropGS,CropGS-Hub,0.993551612,,0,CropGS-Hub,0.993551612,1,,,,
38818975,2024-05-31,http://www.cropmetabolome.com,CropMetabolome,0.976486325,,0,CropMetabolome,0.976486325,1,,,,
26556651,2015-11-09,http://crop-PAL.org,cropPAL,0.991583467,crop Proteins with Annotated Locations,0.932682865,cropPAL,0.991583467,1,,,,
30548723,2019-01-28,http://snpdb.appliedbioinformatics.com.au,CropSNPdb,0.997403085,,0,CropSNPdb,0.997403085,1,,,,
28724888,2017-07-19,http://proteinguru.com/crosscheck,CrossCheck,0.990276933,,0,CrossCheck,0.990276933,1,,,,
23396301,2013-02-08,http://www.crosstope.com.br,CrossTope,0.991143823,,0,CrossTope,0.991143823,1,,,,
37791883,2024-01-01,http://ngdc.cncb.ac.cn/crost,CROST,0.993975103,,0,CROST,0.993975103,1,,,,
"34927675, 34927675, 34927675, 34927675",2022-03-01,http://www.sysbio.org.cn/CRPMKB,CRPMKB,0.995024562,cancer risk prediction model,0.801454693,CRPMKB,0.995024562,4,,,,
29178828,2017-11-25,http://qinlab.sls.cuhk.edu.hk/CrusTF,CrusTF,0.992500782,,0,CrusTF,0.992500782,1,,,,
32928113,2020-09-14,http://crustybase.org,CrustyBase,0.661278129,,0,CrustyBase,0.661278129,1,,,,
37275273,2023-06-01,http://www.maherlab.com/crypticproteindb,CrypticProteinDB,0.622615993,,0,CrypticProteinDB,0.622615993,1,,,,
31452162,2020-01-01,"http://cryptodb.org/, http://eupathdb.org",CryptoDB,0.997344255,,0,CryptoDB,0.997344255,1,,,,
40109263,2025-04-02,http://actuatelab.ie/CrystalDFT,CrystalDFT,0.98227185,,0,CrystalDFT,0.98227185,1,,,,
25264971,2014-10-01,http://cs.psych.ac.cn,CS-DEGs,0.965403174,,0,CS-DEGs,0.965403174,1,,,,
24319146,2013-12-06,http://www.ebi.ac.uk/thornton-srv/databases/CSA,CSA,0.969528695,Catalytic Site Atlas,0.905872226,CSA,0.969528695,1,,,,
39267259,2024-09-01,http://www.csamldb.com,CSAMLdb,0.98124665,,0,CSAMLdb,0.98124665,1,,,,
29036403,2018-01-01,http://gb.whu.edu.cn/CSCD,CSCD,0.997561216,pecific circRNA database,0.575147778,CSCD,0.997561216,1,,,,
34551437,2022-01-01,"http://geneyun.net/CSCD2, http://gb.whu.edu.cn/CSCD2",CSCD2,0.993660927,cancer-specific circRNA database,0.962067594,CSCD2,0.993660927,1,,,,
26989154,2016-03-17,http://bioinformatics.ustc.edu.cn/cscdb,CSCdb,0.995143592,CSCs database,0.68326959,CSCdb,0.995143592,1,,,,
28191780,2016-10-11,http://www.csctt.org,CSCTT,0.99582231,Cancer Stem Cells Therapeutic Target Database,0.993961447,CSCTT,0.99582231,1,,,,
"35354826, 25753703, 26286194, 24680503",2022-03-30,http://csdb.glycoscience.ru,CSDB,0.980909228,Carbohydrate Structure Database,0.955112576,CSDB,0.980909228,4,,,,
"28011601, 33242091, 30759212",2021-06-01,http://csdb.glycoscience.ru/gt.html,CSDB_GT,0.99439846,Carbohydrate Structure Glycosyltransferase DatabaseÂ¢Â¢Â¢Â¢Â¢Â¢Â¢Â¢Â¢Â¢Â¢Â¢Â¢Â¢Â¢Â¢Â¢Â¢Â¢Â¢Â¢Â¢Â¢Â¢Â¢Â¢Â¢Â¢Â¢Â¢Â¢Â¢Â¢ Â¢Â¢Â¢Â¢Â¢Â¢Â¢Â¢Â¢Â¢Â¢Â¢Â¢Â¢Â¢Â¢Â¶Â¢Â¢Â¢Â¢Â¢Â¢Â¢Â¢Â¢Â¢Â¢Â¢Â¢Â¢Â¢Â¢Â¢Â¢Â¢Â¢Â¢Â¢Â¢Â¢Â¢Â¢Â¢Â¢Â¢Â¢Â¢Â¢Â¢Â¢Â¢Â¢Â¢Â¢Â¢Â¢Â¢Â¢Â¢Â¢Â¢Â¢Â¢Â¢Â¢Â¢Â¢Â¢Â¢Â¢Â¢Â¢Â¢Â¢Â¢Â¢Â¢Â¢Â¢Â¢Â¢Â¨Â¢Â¢Â¢Â¢Â¢Â¢Â¢Â¢Â¢Â¢Â¢Â¢Â¢Â¢Â¢Â¢Â¢Â¢Â¢Â¢Â¢Â¢Â¢Â¢Â¢Â¢Â¢Â¢Â¢Â¢Â¢Â¢Â¢Â¢Â¢Â¢Â¢Â¢Â¢Â¢Â¢Â¢Â¢Â¢Â¢Â¢Â¢Â¢Â¢Â¢Â¢Â¢Â¢Â¢Â¢Â¢Â¢Â¢Â¢Â¢Â¢Â¢Â¢Â¢Â¢Â¢ Â¢Â¢Â¢Â¢Â¢Â¢Â¢Â¢Â¢Â¢Â¢Â¢Â¢Â¢Â¢Â¢Â¶Â¢Â¢Â¢Â¢Â¢Â¢Â¢Â¢Â¢Â¢Â¢Â¢Â¢Â¢Â¢Â¢Â¢Â¢Â¢Â¢Â¢Â¢Â¢Â¢Â¢Â¢Â¢Â¢Â¢Â¢Â¢Â¢Â¡Â¢Â¢Â¢Â¢Â¢Â¢Â¢Â¢Â¢Â¢Â¢Â¢Â¢Â¢Â¢Â¢Â¢Â¢Â¢Â¢Â¢Â¢Â¢Â¢Â¢Â¢Â¢Â¢Â¢Â¢Â¢Â¢Â¨Â¢Â¢Â¢Â¢Â¢Â¢Â¢Â¢Â¢Â¢Â¢Â¢Â¢Â¢Â¢Â¢Â¢Â¢Â¢Â¢Â¢Â¢Â¢Â¢Â¢Â¢Â¢Â¢Â¢Â¢Â¢Â¢Â¢Â¢Â¢Â¢Â¢Â¢Â¢Â¢Â¢Â¢Â¢Â¢Â¢Â¢Â¢Â¢Â¢Â¢Â¢Â¢Â¢Â¢Â¢Â¢Â¢Â¢Â¢Â¢Â¢Â¢Â¢Â¢Â¢Â¢ Â¢Â¢Â¢Â¢Â¢Â¢Â¢Â¢Â¢Â¢Â¢Â¢Â¢Â¢Â¢Â¢Â¶Â¢Â¢Â¢Â¢Â¢Â¢Â¢Â¢Â¢Â¢Â¢Â¢Â¢Â¢Â¢Â¢Â¢Â¢Â¢Â¢Â¢Â¢Â¢Â¢Â¢Â¢Â¢Â¢Â¢Â¢Â¢Â¢Â¢Â¢Â¢Â¢Â¢Â¢Â¢Â¢Â¢Â¢Â¢Â¢Â¢Â¢Â¢Â¢Â¢Â¢Â¢Â¢Â¢Â¢Â¢Â¢Â¢Â¢Â¢Â¢Â¢Â¢Â¢Â¢Â¢Â¨Â¢Â¢Â¢Â¢Â¢Â¢Â¢Â¢Â¢Â¢Â¢Â¢Â¢Â¢Â¢Â¢Â¢Â¢Â¢Â¢Â¢Â¢Â¢Â¢Â¢Â¢Â¢Â¢Â¢Â¢Â¢Â¢Â¡Â¢Â¢Â¢Â¢Â¢Â¢Â¢Â¢Â¢Â¢Â¢Â¢Â¢Â¢Â¢Â¢Â¢Â¢Â¢Â¢Â¢Â¢Â¢Â¢Â¢Â¢Â¢Â¢Â¢Â¢Â¢Â¢Â¢ Â¢Â¢Â¢Â¢Â¢Â¢Â¢Â¢Â¢Â¢Â¢Â¢Â¢Â¢Â¢Â¢Â¶Â¢Â¢Â¢Â¢Â¢Â¢Â¢Â¢Â¢Â¢Â¢Â¢Â¢Â¢Â¢Â¢Â¢Â¢Â¢Â¢Â¢Â¢Â¢Â¢Â¢Â¢Â¢Â¢Â¢Â¢Â¢Â¢Â¡Â¢Â¢Â¢Â¢Â¢Â¢Â¢Â¢Â¢Â¢Â¢Â¢Â¢Â¢Â¢Â¢Â¢Â¢Â¢Â¢Â¢Â¢Â¢Â¢Â¢Â¢Â¢Â¢Â¢Â¢Â¢Â¢Â¨Â¢Â¢Â¢Â¢Â¢Â¢Â¢Â¢Â¢Â¢Â¢Â¢Â¢Â¢Â¢Â¢Â¢Â¢Â¢Â¢Â¢Â¢Â¢Â¢Â¢Â¢Â¢Â¢Â¢Â¢Â¢Â¢Â¢Â¢Â¢Â¢Â¢Â¢Â¢Â¢Â¢Â¢Â¢Â¢Â¢Â¢Â¢Â¢Â¢Â¢Â¢Â¢Â¢Â¢Â¢Â¢Â¢Â¢Â¢Â¢Â¢Â¢Â¢Â¢Â¢Â¢ Â¢Â¢Â¢Â¢Â¢Â¢Â¢Â¢Â¢Â¢Â¢Â¢Â¢Â¢Â¢Â¢Â¶Â¢Â¢Â¢Â¢Â¢Â¢Â¢Â¢Â¢Â¢Â¢Â¢Â¢Â¢Â¢Â¢Â¢Â¢Â¢Â¢Â¢Â¢Â¢Â¢Â¢Â¢Â¢Â¢Â¢Â¢Â¢Â¢Â¢Â¢Â¢Â¢Â¢Â¢Â¢Â¢Â¢Â¢Â¢Â¢Â¢Â¢Â¢Â¢Â¢Â¢Â¢Â¢Â¢Â¢Â¢Â¢Â¢Â¢Â¢Â¢Â¢Â¢Â¢Â¢Â¢Â¨Â¢Â¢Â¢Â¢Â¢Â¢Â¢Â¢Â¢Â¢Â¢Â¢Â¢Â¢Â¢Â¢Â¢Â¢Â¢Â¢Â¢Â¢Â¢Â¢Â¢Â¢Â¢Â¢Â¢Â¢Â¢Â¢Â¢Â¢Â¢Â¢Â¢Â¢Â¢Â¢Â¢Â¢Â¢Â¢Â¢Â¢Â¢Â¢Â¢Â¢Â¢Â¢Â¢Â¢Â¢Â¢Â¢Â¢Â¢Â¢Â¢Â¢Â¢Â¢Â¢Â¢ Â¢Â¢Â¢Â¢Â¢Â¢Â¢Â¢Â¢Â¢Â¢Â¢Â¢Â¢Â¢Â¢Â¶Â¢Â¢Â¢Â¢Â¢Â¢Â¢Â¢Â¢Â¢Â¢Â¢Â¢Â¢Â¢Â¢Â¢Â¢Â¢Â¢Â¢Â¢Â¢Â¢Â¢Â¢Â¢Â¢Â¢Â¢Â¢Â¢Â¡Â¢Â¢Â¢Â¢Â¢Â¢Â¢Â¢Â¢Â¢Â¢Â¢Â¢Â¢Â¢Â¢Â¢Â¢Â¢Â¢Â¢Â¢Â¢Â¢Â¢Â¢Â¢Â¢Â¢Â¢Â¢Â¢Â¨Â¢Â¢Â¢Â¢Â¢Â¢Â¢Â¢Â¢Â¢Â¢Â¢Â¢Â¢Â¢Â¢Â¢Â¢Â¢Â¢Â¢Â¢Â¢Â¢Â¢Â¢Â¢Â¢Â¢Â¢Â¢Â¢Â¡Â¢Â¢Â¢Â¢Â¢Â¢Â¢Â¢Â¢Â¢Â¢Â¢Â¢Â¢Â¢Â¢Â¢Â¢Â¢Â¢Â¢Â¢Â¢Â¢Â¢Â¢Â¢Â¢Â¢Â¢Â¢Â¢Â¢ Â¢Â¢Â¢Â¢Â¢Â¢Â¢Â¢Â¢Â¢Â¢Â¢Â¢Â¢Â¢Â¢Â¶Â¢Â¢Â¢Â¢Â¢Â¢Â¢Â¢Â¢Â¢Â¢Â¢Â¢Â¢Â¢Â¢Â¢Â¢Â¢Â¢Â¢Â¢Â¢Â¢Â¢Â¢Â¢Â¢Â¢Â¢Â¢Â¢Â¢Â¢Â¢Â¢Â¢Â¢Â¢Â¢Â¢Â¢Â¢Â¢Â¢Â¢Â¢Â¢Â¢Â¢Â¢Â¢Â¢Â¢Â¢Â¢Â¢Â¢Â¢Â¢Â¢Â¢Â¢Â¢Â¢Â¨Â¢Â¢Â¢Â¢Â¢Â¢Â¢Â¢Â¢Â¢Â¢Â¢Â¢Â¢Â¢Â¢Â¢Â¢Â¢Â¢Â¢Â¢Â¢Â¢Â¢Â¢Â¢Â¢Â¢Â¢Â¢Â¢Â¡Â¢Â¢Â¢Â¢Â¢Â¢Â¢Â¢Â¢Â¢Â¢Â¢Â¢Â¢Â¢Â¢Â¢Â¢Â¢Â¢Â¢Â¢Â¢Â¢Â¢Â¢Â¢Â¢Â¢Â¢Â¢Â¢Â¢ Â¢Â¢Â¢Â¢Â¢Â¢Â¢Â¢Â¢Â¢Â¢Â¢Â¢Â¢Â¢Â¢Â¶Â¢Â¢Â¢Â¢Â¢Â¢Â¢Â¢Â¢Â¢Â¢Â¢Â¢Â¢Â¢Â¢Â¢Â¢Â¢Â¢Â¢Â¢Â¢Â¢Â¢Â¢Â¢Â¢Â¢Â¢Â¢Â¢Â¡Â¢Â¢Â¢Â¢Â¢Â¢Â¢Â¢Â¢Â¢Â¢Â¢Â¢Â¢Â¢Â¢Â¢Â¢Â¢Â¢Â¢Â¢Â¢Â¢Â¢Â¢Â¢Â¢Â¢Â¢Â¢Â¢Â¨Â¢Â¢Â¢Â¢Â¢Â¢Â¢Â¢Â¢Â¢Â¢Â¢Â¢Â¢Â¢Â¢Â¢Â¢Â¢Â¢Â¢Â¢Â¢Â¢Â¢Â¢Â¢Â¢Â¢Â¢Â¢Â¢Â¢Â¢Â¢Â¢Â¢Â¢Â¢Â¢Â¢Â¢Â¢Â¢Â¢Â¢Â¢Â¢Â¢Â¢Â¢Â¢Â¢Â¢Â¢Â¢Â¢Â¢Â¢Â¢Â¢Â¢Â¢Â¢Â¢Â¢ Â¢Â¢Â¢Â¢Â¢Â¢Â¢Â¢Â¢Â¢Â¢Â¢Â¢Â¢Â¢Â¢Â¶Â¢Â¢Â¢Â¢Â¢Â¢Â¢Â¢Â¢Â¢Â¢Â¢Â¢Â¢Â¢Â¢Â¢Â¢Â¢Â¢Â¢Â¢Â¢Â¢Â¢Â¢Â¢Â¢Â¢Â¢Â¢Â¢Â¢Â¢Â¢Â¢Â¢Â¢Â¢Â¢Â¢Â¢Â¢Â¢Â¢Â¢Â¢Â¢Â¢Â¢Â¢Â¢Â¢Â¢Â¢Â¢Â¢Â¢Â¢Â¢Â¢Â¢Â¢Â¢Â¢Â¨Â¢Â¢Â¢Â¢Â¢Â¢Â¢Â¢Â¢Â¢Â¢Â¢Â¢Â¢Â¢Â¢Â¢Â¢Â¢Â¢Â¢Â¢Â¢Â¢Â¢Â¢Â¢Â¢Â¢Â¢Â¢Â¢Â¢Â¢Â¢Â¢Â¢Â¢Â¢Â¢Â¢Â¢Â¢Â¢Â¢Â¢Â¢Â¢Â¢Â¢Â¢Â¢Â¢Â¢Â¢Â¢Â¢Â¢Â¢Â¢Â¢Â¢Â¢Â¢Â¢Â¢ Â¢Â¢Â¢Â¢Â¢Â¢Â¢Â¢Â¢Â¢Â¢Â¢Â¢Â¢Â¢Â¢Â¶Â¢Â¢Â¢Â¢Â¢Â¢Â¢Â¢Â¢Â¢Â¢Â¢Â¢Â¢Â¢Â¢Â¢Â¢Â¢Â¢Â¢Â¢Â¢Â¢Â¢Â¢Â¢Â¢Â¢Â¢Â¢Â¢Â¡Â¢Â¢Â¢Â¢Â¢Â¢Â¢Â¢Â¢Â¢Â¢Â¢Â¢Â¢Â¢Â¢Â¢Â¢Â¢Â¢Â¢Â¢Â¢Â¢Â¢Â¢Â¢Â¢Â¢Â¢Â¢Â¢Â¨Â¢Â¢Â¢Â¢Â¢Â¢Â¢Â¢Â¢Â¢Â¢Â¢Â¢Â¢Â¢Â¢Â¢Â¢Â¢Â¢Â¢Â¢Â¢Â¢Â¢Â¢Â¢Â¢Â¢Â¢Â¢Â¢Â¢Â¢Â¢Â¢Â¢Â¢Â¢Â¢Â¢Â¢Â¢Â¢Â¢Â¢Â¢Â¢Â¢Â¢Â¢Â¢Â¢Â¢Â¢Â¢Â¢Â¢Â¢Â¢Â¢Â¢Â¢Â¢Â¢Â¢ Â¢Â¢Â¢Â¢Â¢Â¢Â¢Â¢Â¢Â¢Â¢Â¢Â¢Â¢Â¢Â¢Â¶Â¢Â¢Â¢Â¢Â¢Â¢Â¢Â¢Â¢Â¢Â¢Â¢Â¢Â¢Â¢Â¢Â¢Â¢Â¢Â¢Â¢Â¢Â¢Â¢Â¢Â¢Â¢Â¢Â¢Â¢Â¢Â¢Â¢Â¢Â¢Â¢Â¢Â¢Â¢Â¢Â¢Â¢Â¢Â¢Â¢Â¢Â¢Â¢Â¢Â¢Â¢Â¢Â¢Â¢Â¢Â¢Â¢Â¢Â¢Â¢Â¢Â¢Â¢Â¢Â¢Â¨Â¢Â¢Â¢Â¢Â¢Â¢Â¢Â¢Â¢Â¢Â¢Â¢Â¢Â¢Â¢Â¢Â¢Â¢Â¢Â¢Â¢Â¢Â¢Â¢Â¢Â¢Â¢Â¢Â¢Â¢Â¢Â¢Â¡Â¢Â¢Â¢Â¢Â¢Â¢Â¢Â¢Â¢Â¢Â¢Â¢Â¢Â¢Â¢Â¢Â¢Â¢Â¢Â¢Â¢Â¢Â¢Â¢Â¢Â¢Â¢Â¢Â¢Â¢Â¢Â¢Â¢ Â¢Â¢Â¢Â¢Â¢Â¢Â¢Â¢Â¢Â¢Â¢Â¢Â¢Â¢Â¢Â¢Â¶Â¢Â¢Â¢Â¢Â¢Â¢Â¢Â¢Â¢Â¢Â¢Â¢Â¢Â¢Â¢Â¢Â¢Â¢Â¢Â¢Â¢Â¢Â¢Â¢Â¢Â¢Â¢Â¢Â¢Â¢Â¢Â¢Â¡Â¢Â¢Â¢Â¢Â¢Â¢Â¢Â¢Â¢Â¢Â¢Â¢Â¢Â¢Â¢Â¢Â¢Â¢Â¢Â¢Â¢Â¢Â¢Â¢Â¢Â¢Â¢Â¢Â¢Â¢Â¢Â¢Â¨Â¢Â¢Â¢Â¢Â¢Â¢Â¢Â¢Â¢Â¢Â¢Â¢Â¢Â¢Â¢Â¢Â¢Â¢Â¢Â¢Â¢Â¢Â¢Â¢Â¢Â¢Â¢Â¢Â¢Â¢Â¢Â¢Â¡Â¢Â¢Â¢Â¢Â¢Â¢Â¢Â¢Â¢Â¢Â¢Â¢Â¢Â¢Â¢Â¢Â¢Â¢Â¢Â¢Â¢Â¢Â¢Â¢Â¢Â¢Â¢Â¢Â¢Â¢Â¢Â¢Â¢ Â¢Â¢Â¢Â¢Â¢Â¢Â¢Â¢Â¢Â¢Â¢Â¢Â¢Â¢Â¢Â¢Â¶Â¢Â¢Â¢Â¢Â¢Â¢Â¢Â¢Â¢Â¢Â¢Â¢Â¢Â¢Â¢Â¢Â¢Â¢Â¢Â¢Â¢Â¢Â¢Â¢Â¢Â¢Â¢Â¢Â¢Â¢Â¢Â¢Â¢Â¢Â¢Â¢Â¢Â¢Â¢Â¢Â¢Â¢Â¢Â¢Â¢Â¢Â¢Â¢Â¢Â¢Â¢Â¢Â¢Â¢Â¢Â¢Â¢Â¢Â¢Â¢Â¢Â¢Â¢Â¢Â¢Â¨Â¢Â¢Â¢Â¢Â¢Â¢Â¢Â¢Â¢Â¢Â¢Â¢Â¢Â¢Â¢Â¢Â¢Â¢Â¢Â¢Â¢Â¢Â¢Â¢Â¢Â¢Â¢Â¢Â¢Â¢Â¢Â¢Â¢Â¢Â¢Â¢Â¢Â¢Â¢Â¢Â¢Â¢Â¢Â¢Â¢Â¢Â¢Â¢Â¢Â¢Â¢Â¢Â¢Â¢Â¢Â¢Â¢Â¢Â¢Â¢Â¢Â¢Â¢Â¢Â¢Â¢ Â¢Â¢Â¢Â¢Â¢Â¢Â¢Â¢Â¢Â¢Â¢Â¢Â¢Â¢Â¢Â¢Â¶Â¢Â¢Â¢Â¢Â¢Â¢Â¢Â¢Â¢Â¢Â¢Â¢Â¢Â¢Â¢Â¢Â¢Â¢Â¢Â¢Â¢Â¢Â¢Â¢Â¢Â¢Â¢Â¢Â¢Â¢Â¢Â¢Â¡Â¢Â¢Â¢Â¢Â¢Â¢Â¢Â¢Â¢Â¢Â¢Â¢Â¢Â¢Â¢Â¢Â¢Â¢Â¢Â¢Â¢Â¢Â¢Â¢Â¢Â¢Â¢Â¢Â¢Â¢Â¢Â¢Â¨Â¢Â¢Â¢Â¢Â¢Â¢Â¢Â¢Â¢Â¢Â¢Â¢Â¢Â¢Â¢Â¢Â¢Â¢Â¢Â¢Â¢Â¢Â¢Â¢Â¢Â¢Â¢Â¢Â¢Â¢Â¢Â¢Â¡Â¢Â¢Â¢Â¢Â¢Â¢Â¢Â¢Â¢Â¢Â¢Â¢Â¢Â¢Â¢Â¢Â¢Â¢Â¢Â¢Â¢Â¢Â¢Â¢Â¢Â¢Â¢Â¢Â¢Â¢Â¢Â¢Â¢ Â¢Â¢Â¢Â¢Â¢Â¢Â¢Â¢Â¢Â¢Â¢Â¢Â¢Â¢Â¢Â¢Â¶Â¢Â¢Â¢Â¢Â¢Â¢Â¢Â¢Â¢Â¢Â¢Â¢Â¢Â¢Â¢Â¢Â¢Â¢Â¢Â¢Â¢Â¢Â¢Â¢Â¢Â¢Â¢Â¢Â¢Â¢Â¢Â¢Â¢Â¢Â¢Â¢Â¢Â¢Â¢Â¢Â¢Â¢Â¢Â¢Â¢Â¢Â¢Â¢Â¢Â¢Â¢Â¢Â¢Â¢Â¢Â¢Â¢Â¢Â¢Â¢Â¢Â¢Â¢Â¢Â¢Â¨Â¢Â¢Â¢Â¢Â¢Â¢Â¢Â¢Â¢Â¢Â¢Â¢Â¢Â¢Â¢Â¢Â¢Â¢Â¢Â¢Â¢Â¢Â¢Â¢Â¢Â¢Â¢Â¢Â¢Â¢Â¢Â¢Â¡Â¢Â¢Â¢Â¢Â¢Â¢Â¢Â¢Â¢Â¢Â¢Â¢Â¢Â¢Â¢Â¢Â¢Â¢Â¢Â¢Â¢Â¢Â¢Â¢Â¢Â¢Â¢Â¢Â¢Â¢Â¢Â¢Â¢ Â¢Â¢Â¢Â¢Â¢Â¢Â¢Â¢Â¢Â¢Â¢Â¢Â¢Â¢Â¢Â¢Â¶Â¢Â¢Â¢Â¢Â¢Â¢Â¢Â¢Â¢Â¢Â¢Â¢Â¢Â¢Â¢Â¢Â¢Â¢Â¢Â¢Â¢Â¢Â¢Â¢Â¢Â¢Â¢Â¢Â¢Â¢Â¢Â¢Â¡Â¢Â¢Â¢Â¢Â¢Â¢Â¢Â¢Â¢Â¢Â¢Â¢Â¢Â¢Â¢Â¢Â¢Â¢Â¢Â¢Â¢Â¢Â¢Â¢Â¢Â¢Â¢Â¢Â¢Â¢Â¢Â¢Â¨Â¢Â¢Â¢Â¢Â¢Â¢Â¢Â¢Â¢Â¢Â¢Â¢Â¢Â¢Â¢Â¢Â¢Â¢Â¢Â¢Â¢Â¢Â¢Â¢Â¢Â¢Â¢Â¢Â¢Â¢Â¢Â¢Â¡,0.911011142,CSDB_GT,0.99439846,3,,,,
33211888,2021-01-01,http://bioinfo.uth.edu/CSEADB,CSEA-DB,0.997746289,Cell type-Specific Enrichment Analysis DataBase,0.910774702,CSEA-DB,0.997746289,1,,,,
"25038066, 31432427",2019-01-01,http://probe.uib.no/csf-pr,CSF-PR,0.993137106,Cerebrospinal Fluid Proteome Resource,0.987415892,CSF-PR,0.993137106,2,,,,
28704505,2017-07-13,"http://cosbi.ee.ncku.edu.tw/CSmiRTar/, http://cosbi4.ee.ncku.edu.tw/CSmiRTar",CSmiRTar,0.990449607,Condition-Specific miRNA Targets,0.896995284,CSmiRTar,0.990449607,1,,,,
38310806,2024-01-29,http://www.tmliang.cn/CSSL,CSSLdb,0.992520273,Cancer Specific Synthetic Lethality Database,0.877030048,CSSLdb,0.992520273,1,,,,
35368077,2022-05-01,http://tau.cmmt.ubc.ca/cSurvival,cSurvival,0.996174812,,0,cSurvival,0.996174812,1,,,,
32990755,2021-01-01,http://csvs.babelomics.org,CSVS,0.992008924,Collaborative Spanish Variability Server,0.858899653,CSVS,0.992008924,1,,,,
23193294,2012-11-27,http://insulatordb.uthsc.edu,CTCFBSDB,0.996337473,,0,CTCFBSDB,0.996337473,1,,,,
32294193,2020-01-01,http://www.origin-gene.cn/database/ctcRbase,ctcRbase,0.997189045,,0,ctcRbase,0.997189045,1,,,,
"39385618, 36169237, 23093600, 25326323, 27651457, 29846728, 30247620, 33068428, 29351546",2025-01-01,http://ctdbase.org,CTD,0.997465014,Comparative Toxicogenomics Database,0.988830974,CTD,0.997465014,9,,,,
26322998,2015-08-31,http://nipgr.res.in/ctdb.html,CTDB,0.979035616,Chickpea Transcriptome Database,0.944384923,CTDB,0.979035616,1,,,,
"39494527, 34570230",2025-01-01,http://ctrdb.ncpsb.org.cn,CTR-DB,0.997690117,Cancer Treatment Response gene signature DataBase,0.989051478,CTR-DB,0.997690117,2,,,,
36265769,2022-10-17,http://ctrr.bioinf.org.cn,CTRR-ncRNA,0.983539271,,0,CTRR-ncRNA,0.983539271,1,,,,
40981506,2025-09-22,http://www.cttime.yelab.site,CTTIME,0.851421893,Impact of Cancer Therapy on,0.739755344,CTTIME,0.851421893,1,,,,
32183712,2020-03-18,http://cmb.bnu.edu.cn/alt_iso/index.php,CuAS,0.986856222,,0,CuAS,0.986856222,1,,,,
22139934,2011-12-01,http://epsf.bmad.bii.a-star.edu.sg/cube/db/html/home.html,Cube-DB,0.995983998,,0,Cube-DB,0.995983998,1,,,,
36698975,2023-01-10,http://cucume.cn,Cucume,0.973011017,Cucurbit RNA methylation,0.649693042,Cucume,0.973011017,1,,,,
30321383,2019-01-01,http://cucurbitgenomics.org,CuGenDB,0.997316897,Cucurbit Genomics Database,0.988422981,CuGenDB,0.997316897,1,,,,
36271794,2023-01-01,http://cucurbitgenomics.org/v2,CuGenDBv2,0.982203126,Cucurbit Genomics Database,0.556081048,CuGenDBv2,0.982203126,1,,,,
39231258,2024-09-01,http://cupca.cn,CuPCA,0.993118882,cuproptosis pan-cancer analysis database,0.971373214,CuPCA,0.993118882,1,,,,
23550061,2013-04-02,http://bcb.dfci.harvard.edu/ovariancancer,curatedOvarianData,0.78992039,,0,curatedOvarianData,0.78992039,1,,,,
37605747,2023-08-17,http://srampogu-ccdd-ccdd-8uldk8.streamlit.app,CCDD,0.925682664,Curcumin Chalcone Derivatives Database,0.95869624,Curcumin Chalcone Derivatives Database,0.95869624,1,,,,
35659285,2022-06-04,http://statepolicies.com,CUSP,0.995446682,COVID-19 US State Policy,0.736938213,CUSP,0.995446682,1,,,,
39351894,2025-01-01,http://ngdc.cncb.ac.cn/cvd,CVD Atlas,0.971132199,,0,CVD Atlas,0.971132199,1,,,,
27164589,2016-05-03,http://www.helsinki.fi/psychology/groups/visualcognition,CVD2014,0.991893431,,0,CVD2014,0.991893431,1,,,,
24344970,2013-12-18,http://pkuxxj.pku.edu.cn/CVDHD,CVDHD,0.995064616,cardiovascular disease herbal database,0.954253152,CVDHD,0.995064616,1,,,,
41415951,2025-03-01,http://bic.njau.edu.cn/CVRP.html,CVRP,0.84819299,,0,CVRP,0.84819299,1,,,,
27226753,2016-04-06,http://cyanobacteria.myspecies.info,Scratchpads,0.894429704,Cyanobacteria culture collection,0.949196661,Cyanobacteria culture collection,0.949196661,1,,,,
26305368,2015-08-25,http://nfmc.res.in/ckb/index.html,CKB,0.926491141,Cyanobacterial KnowledgeBase,0.959425698,Cyanobacterial KnowledgeBase,0.959425698,1,,,,
"27899668, 24275496",2016-11-29,http://genome.microbedb.jp/cyanobase,CyanoBase,0.946007907,,0,CyanoBase,0.946007907,2,,,,
22829745,2012-07-06,http://cyanoexpress.sysbiolab.eu,CyanoEXpress,0.994646311,,0,CyanoEXpress,0.994646311,1,,,,
23175607,2012-11-21,http://cyanolyase.genouest.org,CyanoLyase,0.991719246,,0,CyanoLyase,0.991719246,1,,,,
36548962,2023-03-01,http://www.cyanomapdb.msbio.pro,CyanoMapDB,0.995209217,,0,CyanoMapDB,0.995209217,1,,,,
25632108,2015-01-28,http://lag.ihb.ac.cn/cyanomics,CyanOmics,0.996836007,,0,CyanOmics,0.996836007,1,,,,
34614159,2022-01-01,http://www.cyanoomics.cn,CyanoOmicsDB,0.992131531,,0,CyanoOmicsDB,0.992131531,1,,,,
33320930,2021-07-01,http://www.csbg-jlu.info/CyanoPATH,CyanoPATH,0.997585058,,0,CyanoPATH,0.997585058,1,,,,
23185330,2012-11-21,http://bif.uohyd.ac.in/cpc,CyanoPhyChe,0.996099055,,0,CyanoPhyChe,0.996099055,1,,,,
37026389,2023-05-22,http://zenodo.org/record/7569105,CyanoSeq,0.997192025,,0,CyanoSeq,0.997192025,1,,,,
28440791,2017-04-25,http://lege.ciimar.up.pt/cyanotype,CyanoType,0.9971928,,0,CyanoType,0.9971928,1,,,,
38678388,2024-03-01,http://www.biosino.org/iMAC/cyclicpepedia,CyclicPepedia,0.99752146,,0,CyclicPepedia,0.99752146,1,,,,
27354697,2016-06-27,http://cyclo-lib.mduse.com,Cyclo-lib,0.97895883,,0,Cyclo-lib,0.97895883,1,,,,
26048563,2015-04-15,http://cyclops.ccbr.utoronto.ca,CYCLoPs,0.996802568,Collection of Yeast Cells Localization Patterns,0.984272313,CYCLoPs,0.996802568,1,,,,
36930969,2023-03-17,http://cycpeptmpdb.com,CycPeptMPDB,0.995926023,,0,CycPeptMPDB,0.995926023,1,,,,
41473966,2025-01-01,http://cyexpdb.abrl.in,CyExpDB,0.995986462,,0,CyExpDB,0.995986462,1,,,,
34782688,2021-11-15,http://cysticfibrosismap.github.io,CyFi-MAP,0.988857135,,0,CyFi-MAP,0.988857135,1,,,,
40148144,2025-03-27,http://cyfidb.di.fc.ul.pt,CyFidb,0.991938889,,0,CyFidb,0.991938889,1,,,,
23475683,2013-01-01,http://www.cypalleles.ki.se,CYP-allele,0.778351414,50,0.744195342,CYP-allele,0.778351414,1,,,,
22843230,2012-06-01,http://cypdatabase.sjtu.edu.cn,CYP-nsSNP,0.985920737,,0,CYP-nsSNP,0.985920737,1,,,,
37119813,2023-04-28,http://backuslab.shinyapps.io/cysdb,CysDB,0.997850001,cysteine,0.586354077,CysDB,0.997850001,1,,,,
36305460,2022-11-01,http://cysmoddb.bioinfogo.org,CysModDB,0.997527659,,0,CysModDB,0.997527659,1,,,,
27553277,2016-08-20,http://www.cysteinome.org,Cysteinome,0.994982839,,0,Cysteinome,0.994982839,1,,,,
26895996,2016-01-01,http://servoy.infocomsa.com/cfc_database,CFC,0.6286695,Cystic Fibrosis Cloud database,0.86593811,Cystic Fibrosis Cloud database,0.86593811,1,,,,
34256256,2021-06-09,http://www.cmvdb.dqweilab-sjtu.com/index.php,CytomegaloVirusDb,0.857445955,,0,CytomegaloVirusDb,0.857445955,1,,,,
21738316,2011-05-26,http://www.cro-m.eu/CytReD,CytReD,0.998036659,Cytokine Receptor Database,0.98959893,CytReD,0.998036659,1,,,,
30117424,2018-08-01,http://zfish.cn,CZRC,0.992718458,China Zebrafish Resource Center,0.937906504,CZRC,0.992718458,1,,,,
31390943,2019-08-07,http://www.jianglab.cn/D-lnc,D-lnc,0.984383583,,0,D-lnc,0.984383583,1,,,,
27391016,2016-07-08,http://d-place.org,D-PLACE,0.995508909,,0,D-PLACE,0.995508909,1,,,,
23203878,2012-11-29,http://d2p2.pro,D(2)P(2,0.978753158,Database of Disordered Protein Prediction,0.95127369,D(2)P(2,0.978753158,1,,,,
33938221,2021-05-02,http://www.d3pharma.com/D3DistalMutation/index.php,D3DistalMutation,0.934222619,,0,D3DistalMutation,0.934222619,1,,,,
38555474,2024-03-01,http://www.d3pharma.com/D3EGFR/index.php,D3EGFR,0.995387137,,0,D3EGFR,0.995387137,1,,,,
25232097,2014-09-17,http://ageing-map.org,DAA,0.846934438,Ageing Atlas,0.621505678,DAA,0.846934438,1,,,,
39044201,2024-07-24,http://daard.dainst.org,DAARD,0.976726413,Digital Atlas of Ancient Rare Diseases,0.929292162,DAARD,0.976726413,1,,,,
22079417,2011-11-10,http://www.iupui.edu,DACS-DB,0.99001509,disease associated cytokine SNP database,0.952232748,DACS-DB,0.99001509,1,,,,
34803258,2020-11-30,http://www.hccbif.org/usersearch.php,DaiCee,0.974195957,,0,DaiCee,0.974195957,1,,,,
22110032,2011-11-21,http://apps.sanbi.ac.za/dampd,DAMPD,0.989307284,Dragon Antimicrobial Peptide Database,0.977057718,DAMPD,0.989307284,1,,,,
35789323,2022-07-04,http://danio-code.zfin.org,DANIO-CODE,0.899943471,,0,DANIO-CODE,0.899943471,1,,,,
37244984,2023-05-27,http://identifiers.org/ega,DanMAC5,0.882946551,henome,0.616930127,DanMAC5,0.882946551,1,,,,
38818485,2022-12-11,http://124.239.252.254/danmel,DANMEL,0.997158766,,0,DANMEL,0.997158766,1,,,,
31366898,2019-07-31,http://www.daphnia-stressordb.uni-hamburg.de/dsdbstart.php,Daphnia stressor database,0.718929927,,0,Daphnia stressor database,0.718929927,1,,,,
38242684,2024-01-01,"http://bio-bigdata.hrbmu.edu.cn/DAPredict, http://bio-bigdata.hrbmu.edu.cn/DAPredict",DAPredict,0.995079219,,0,DAPredict,0.995079219,1,,,,
35383183,2022-04-05,http://darkcides.org,DarkCideS,0.993474126,,0,DarkCideS,0.993474126,1,,,,
23074185,2012-10-15,http://darned.ucc.ie,DARNED,0.997423947,DAtabase of RNa,0.902838162,DARNED,0.997423947,1,,,,
38028612,2023-11-10,http://www.hxdsjzx.cn/DASES,DASES,0.993409097,,0,DASES,0.993409097,1,,,,
26144527,2015-07-16,http://sphppdashboard.cnb.csic.es,dasHPPboard,0.991571605,,0,dasHPPboard,0.991571605,1,,,,
"30668832, 26553799",2019-03-01,http://lisanwanglab.org/DASHRv2,DASHR,0.997241557,Database of small human noncoding RNAs,0.921087686,DASHR,0.997241557,2,,,,
25435547,2014-11-29,http://www.plantenergy.uwa.edu.au/applications/mpic,DB,0.85708645,Database,0.979652524,Database,0.979652524,1,,,,
34791106,2021-11-01,http://dcmp.vit.ac.in,,0,database of cancer mutant protein domains,0.897191525,database of cancer mutant protein domains,0.897191525,1,,,,
28294141,2017-03-15,http://gear.comp-sysbio.org,GEAR,0.687603295,database of Genomic Elements Associated with drug Resistance,0.862406161,database of Genomic Elements Associated with drug Resistance,0.862406161,1,,,,
23529715,2013-06-01,http://www.dirum.org,DIRUM,0.710099598,Database of Instruments for Resource Use Measurement,0.910336412,Database of Instruments for Resource Use Measurement,0.910336412,1,,,,
"36419334, 33331653",2022-12-07,http://www.dataman.co.nz,DATAMAN,0.970632815,,0,DATAMAN,0.970632815,2,,,,
33174603,2021-01-01,http://datanator.info,Datanator,0.994000673,,0,Datanator,0.994000673,1,,,,
29485625,2018-02-27,http://amp.pharm.mssm.edu/datasets2tools,Datasets2Tools,0.979977262,,0,Datasets2Tools,0.979977262,1,,,,
28187413,2016-12-18,http://bis.zju.edu.cn/DaTo,DaTo,0.992877007,,0,DaTo,0.992877007,1,,,,
25278960,2014-09-18,http://echelon.cmmt.ubc.ca/dbaccess,DaVIE,0.972131968,,0,DaVIE,0.972131968,1,,,,
23275696,2012-10-13,http://www.bifku.in/DBD,DB Dehydrogenase,0.939671206,,0,DB Dehydrogenase,0.939671206,1,,,,
25414358,2014-11-20,http://fullmal.hgc.jp,DB-AT,0.903057555,of Apicomplexa,0.682551831,DB-AT,0.903057555,1,,,,
26836976,2016-02-02,"http://genomeinformatics.dce.edu/dbAARD/, http://genomeinformatics.dce.edu/AGP",dbAARD,0.983507156,database of Aging and Age Related Disorders,0.922870524,dbAARD,0.983507156,1,,,,
"26578581, 33151284, 24888447",2021-01-01,http://dbaasp.org,DBAASP,0.996422017,Database of Antimicrobial Activity and Structure of Peptides,0.945471898,DBAASP,0.996422017,3,,,,
"39540425, 34850155, 30380085, 30380085, 30380085, 30380085, 30380085, 30380085, 30380085, 30380085, 30380085",2025-01-01,http://awi.cuhk.edu.cn/dbAMP,dbAMP,0.994630337,,0,dbAMP,0.994630337,11,,,,
22150118,2011-12-12,http://www.med.mun.ca/angio,dbANGIO,0.997428656,,0,dbANGIO,0.997428656,1,,,,
37889074,2024-01-01,http://bcb.unl.edu/dbAPIS,dbAPIS,0.995568335,,0,dbAPIS,0.995568335,1,,,,
36913438,2023-03-01,http://bioinfo.iitk.ac.in/dbAQP-SNP,dbAQP-SNP,0.986597683,,0,dbAQP-SNP,0.986597683,1,,,,
23842462,2013-07-09,http://bioinformatica.uniroma2.it/DBATE,DBATE,0.993781567,DataBase of Alternative Transcripts Expression,0.966058254,DBATE,0.993781567,1,,,,
29764375,2018-05-09,http://dbATM.mbc.nctu.edu.tw,dbATM,0.992344558,animal transcriptome map,0.634973332,dbATM,0.992344558,1,,,,
24647629,2014-03-18,http://www.mgc.ac.cn/DBatVir,DBatVir,0.997140765,database of bat-associated viruses,0.885839264,DBatVir,0.997140765,1,,,,
35779245,2022-07-01,http://dbbip.xialab.info,dbBIP,0.994180799,,0,dbBIP,0.994180799,1,,,,
25474259,2014-12-03,http://bclab.inha.ac.kr/dbbp,DBBP,0.99723047,DataBase of Binding Pairs in protein-nucleic acid interactions,0.836951999,DBBP,0.99723047,1,,,,
32941621,2021-01-01,http://bcb.unl.edu/dbCAN_PUL,dbCAN-PUL,0.993980992,,0,dbCAN-PUL,0.993980992,1,,,,
30053267,2018-01-01,http://cys.bios.niu.edu/dbCAN_seq,dbCAN-seq,0.997396141,,0,dbCAN-seq,0.997396141,1,,,,
36399503,2023-01-01,http://bcb.unl.edu/dbCAN_seq,dbCAN2,0.933995962,,0,dbCAN2,0.933995962,1,,,,
21214365,2011-01-08,http://dbcat.cgm.ntu.edu.tw,DBCAT,0.998600185,database of CpG,0.804415733,DBCAT,0.998600185,1,,,,
24918550,2014-06-11,http://128.135.207.10/dbCerEx,dbCerEx,0.99592483,,0,dbCerEx,0.99592483,1,,,,
30016397,2019-09-01,http://bioinfo.ahu.edu.cn:8080/dbCID,dbCID,0.99611038,database of Cancer driver InDels,0.814343606,dbCID,0.99611038,1,,,,
33196844,2021-04-01,http://yamasati.nig.ac.jp/dbcns,dbCNS,0.997333527,,0,dbCNS,0.997333527,1,,,,
28977473,2018-01-01,http://dbcorc.cam-su.org,dbCoRC,0.997102678,,0,dbCoRC,0.997102678,1,,,,
33276297,2020-11-21,http://covp.immt.res.in,DBCOVP,0.997579992,,0,DBCOVP,0.997579992,1,,,,
27192119,2016-06-01,http://bioinfo.ahu.edu.cn:8080/dbCPG/index.jsp,dbCPG,0.991826773,Cancer Predisposition Gene Database,0.988404105,dbCPG,0.991826773,1,,,,
30379998,2018-10-30,http://bioinfo.ahu.edu.cn:8080/dbCPM,dbCPM,0.986568928,of Cancer Passenger Mutations,0.904574347,dbCPM,0.986568928,1,,,,
38406264,2024-02-24,http://dbcraf.xialab.info,dbCRAF,0.998272419,,0,dbCRAF,0.998272419,1,,,,
29860480,2018-01-01,http://bioinfo.ahu.edu.cn,dbCRSR,0.995114565,cancer radiosensitivity regulation factors database,0.697191248,dbCRSR,0.995114565,1,,,,
24700709,2014-04-03,http://www.dbdb.urmc.rochester.edu/home,DBDB,0.992844542,Developmental Brain Disorders Database,0.949120533,DBDB,0.992844542,1,,,,
"35643191, 27899556",2022-05-25,http://www.biosino.org/dbDEMC,dbDEMC,0.986323833,of DEMs in human cancers,0.702119201,dbDEMC,0.986323833,2,,,,
22096234,2011-11-16,http://lifecenter.sgst.cn/dbdepc/index.do,dbDEPC,0.980938792,,0,dbDEPC,0.980938792,1,,,,
22917656,2012-08-13,http://www.juit.ac.in/attachments/dbdiarrhea/diarrhea_home.html,dbDiarrhea,0.997005939,,0,dbDiarrhea,0.997005939,1,,,,
25978092,2015-05-15,http://www.juit.ac.in/attachments/dbdiasnp,DBDiaSNP,0.997262299,,0,DBDiaSNP,0.997262299,1,,,,
27153700,2016-02-15,http://bioinfo.ahu.edu.cn:8080/dbDSM/index.jsp,dbDSM,0.997294545,database of Deleterious Synonymous Mutation,0.933270373,dbDSM,0.997294545,1,,,,
38803518,2024-04-17,http://dbebv.omicsbio.info,dbEBV,0.997223973,,0,dbEBV,0.997223973,1,,,,
26099468,2015-06-23,http://dbemt.bioinfo-minzhao.org,dbEMT,0.992519438,,0,dbEMT,0.992519438,1,,,,
26577058,2015-11-17,http://dbendo.charite.de,DBEndo,0.913484514,,0,DBEndo,0.913484514,1,,,,
22102573,2011-11-18,http://www.hpppi.iicb.res.in/btox,DBETH,0.990900735,Database for Bacterial ExoToxins,0.92325345,DBETH,0.990900735,1,,,,
24297256,2013-12-01,http://www.ncbi.nlm.nih.gov/gap,dbGaP,0.997724652,Database of Genotypes and Phenotypes,0.917498708,dbGaP,0.997724652,1,,,,
29031638,2017-10-12,http://www.bmicnip.in/dbgaps,dbGAPs,0.978835642,,0,dbGAPs,0.978835642,1,,,,
26566288,2015-11-13,http://bminfor.tongji.edu.cn/dbgc/index.do,DBGC,0.987804174,Database of Human Gastric Cancer,0.921517382,DBGC,0.987804174,1,,,,
24790154,2014-04-29,http://csb.cse.yzu.edu.tw/dbGSH,dbGSH,0.994318962,,0,dbGSH,0.994318962,1,,,,
35298480,2022-03-17,http://www.ehbio.com/dbGSRV/front,dbGSRV,0.997776151,,0,dbGSRV,0.997776151,1,,,,
33051688,2021-01-01,http://sgrnascorer.cancer.gov/dbguide,dbGuide,0.996610284,,0,dbGuide,0.996610284,1,,,,
41244916,2025-10-31,http://www.sysbio.org.cn/dbGVOSCC,dbGVOSCC,0.996050119,in,0.697667897,dbGVOSCC,0.996050119,1,,,,
21936021,2011-09-20,http://GenetMed.fudan.edu.cn/dbHCCvar,dbHCCvar,0.986464977,,0,dbHCCvar,0.986464977,1,,,,
30665056,2019-01-11,http://DeepLearner.ahu.edu.cn/web/dbDPLS,dbHDPLS,0.9490378,human disease-related protein-ligand structures,0.909200006,dbHDPLS,0.9490378,1,,,,
26055100,2015-06-08,http://hme.riceblast.snu.ac.kr,dbHiMo,0.996748298,database for histone-modifying enzymes,0.902459852,dbHiMo,0.996748298,1,,,,
31603498,2020-03-01,http://enhancer-indel.cam-su.org,dbInDel,0.994747579,,0,dbInDel,0.994747579,1,,,,
29961819,2018-01-01,http://soft.bioinfo-minzhao.org/lgl,dbLGL,0.99372381,,0,dbLGL,0.99372381,1,,,,
37589022,2023-05-16,http://lipid.cloudna.cn/home,DBLiPro,0.997777045,,0,DBLiPro,0.997777045,1,,,,
24434032,2014-01-16,http://iae.fafu.edu.cn/DBM,DBM-DB,0.997007683,diamondback moth Genome Database,0.987979064,DBM-DB,0.997007683,1,,,,
26503248,2015-10-25,http://mae.hms.harvard.edu,dbMAE,0.997952342,database of autosomal monoallelic expression,0.85295561,dbMAE,0.997952342,1,,,,
34314366,2021-11-05,http://bioinfo.aielab.cc/dbMCS,dbMCS,0.993598044,for anti-Cancer drug Sensitivity,0.694444135,dbMCS,0.993598044,1,,,,
29145823,2017-11-16,http://dbmdega.shinyapps.io/dbMDEGA,dbMDEGA,0.986826241,,0,dbMDEGA,0.986826241,1,,,,
21781283,2011-09-06,http://203.190.147.116/dbmdr,DbMDR,0.997138441,,0,DbMDR,0.997138441,1,,,,
30482172,2018-11-27,http://DeepLearner.ahu.edu.cn/web/dbMPIKT,dbMPIKT,0.991190982,,0,dbMPIKT,0.991190982,1,,,,
32227657,2020-04-06,http://database.liulab.science/dbMTS,dbMTS,0.996018052,,0,dbMTS,0.996018052,1,,,,
40281430,2025-04-25,http://nascent.colorado.edu,DBNascent,0.955596149,,0,DBNascent,0.955596149,1,,,,
"33261662, 21520341, 23843252, 26555599",2020-12-02,http://database.liulab.science/dbNSFP,dbNSFP,0.998201787,,0,dbNSFP,0.998201787,4,,,,
27010073,2016-03-24,http://dbpaf.biocuckoo.org,dbPAF,0.997537851,,0,dbPAF,0.997537851,1,,,,
26946289,2016-03-05,http://ptbdb.cs.brown.edu/dbpec,dbPEC,0.996957302,Database for Preeclampsia,0.837573124,dbPEC,0.996957302,1,,,,
35493528,2022-04-13,http://www.biostatistics.online/dbPepNeo2,dbPepNeo,0.993365526,,0,dbPepNeo,0.993365526,1,,,,
26940364,2016-03-02,http://lifecenter.sgst.cn/dbphcc/Conclusions,dbPHCC,0.919840753,,0,dbPHCC,0.919840753,1,,,,
25534750,2014-12-22,"http://dbppt.biocuckoo.org, http://dbppt.biocuckoo.or",dbPPT,0.996150672,database of Phosphorylation site in,0.916097972,dbPPT,0.996150672,1,,,,
24194603,2013-11-04,http://jjwanglab.org/dbpshp,dbPSHP,0.997607529,,0,dbPSHP,0.997607529,1,,,,
"32472030, 25841437",2020-05-29,http://dbpsp.biocuckoo.cn,dbPSP,0.99289383,prokaryotes,0.651427448,dbPSP,0.99289383,2,,,,
"34788852, 23193290, 26578568, 30418626",2022-01-01,http://awi.cuhk.edu.cn/dbPTM,dbPTM,0.998039007,,0,dbPTM,0.998039007,4,,,,
27903894,2016-11-29,http://www.megabionet.org/dbSAP/index.html,dbSAP,0.994454622,,0,dbSAP,0.994454622,1,,,,
"27650316, 25030112",2016-09-20,http://dbsecsys.bhsai.org,DBSecSys,0.992282927,of Burkholderia malleiSecretion Systems,0.793931067,DBSecSys,0.992282927,2,,,,
"22782549, 25399423",2014-11-15,http://dbSNO.mbc.nctu.edu.tw,dbSNO,0.99643296,,0,dbSNO,0.99643296,2,,,,
33641184,2021-03-06,http://bioinf.iiit.ac.in/dbstrips,DbStRiPs,0.990017354,Database of Structural Repeats,0.719607194,DbStRiPs,0.990017354,1,,,,
26438538,2015-10-04,http://bioinfo.au.tsinghua.edu.cn/dbsuper,dbSUPER,0.994813621,,0,dbSUPER,0.994813621,1,,,,
29665371,2018-04-14,http://bioinfo.iitk.ac.in/bioinfo/dbSWEET/Home,dbSWEET,0.741674781,,0,dbSWEET,0.741674781,1,,,,
29236308,2018-04-17,http://www.vit.ac.in/files/database/Home.php,DBTFLC,0.955499542,Database of Transcription Factors in Lung Cancer,0.953766271,DBTFLC,0.955499542,1,,,,
25336621,2014-10-21,http://dbtmee.hgc.jp,DBTMEE,0.997862458,,0,DBTMEE,0.997862458,1,,,,
22086958,2011-11-15,http://dbtss.hgc.jp,DBTSS,0.997758806,DataBase of Transcriptional Start Sites,0.971812087,DBTSS,0.997758806,1,,,,
25887129,2015-03-18,"http://watson.hgen.pitt.edu/register, http://watson.hgen.pitt.edu/register/docs/dbvor.html",dbVOR,0.990226269,,0,dbVOR,0.990226269,1,,,,
26989155,2016-03-17,http://bioinfo.au.tsinghua.edu.cn/dbwgfp,dbWGFP,0.997119367,,0,dbWGFP,0.997119367,1,,,,
37486750,2023-07-24,http://bionet.ncpsb.org.cn/dcabm-tcm,DCABM-TCM,0.99253884,of Constituents Absorbed into the Blood and Metabolites of TCM,0.77017052,DCABM-TCM,0.99253884,1,,,,
37646945,2023-01-01,http://www.delphinieae.online,DCDB,0.995661497,Delphinieae Chromosome Database,0.915048844,DCDB,0.995661497,1,,,,
"37061086, 23161684",2023-04-13,http://www.protdomainonto.pro/dcGO,dcGO,0.997635027,,0,dcGO,0.997635027,2,,,,
37831087,2024-01-01,http://www.bioinformaticspa.com/DDA,DDA,0.992564678,DNA Damage Atlas,0.961007237,DDA,0.992564678,1,,,,
"39380489, 37971299, 36420889, 34751405, 24194602, 25477381, 26578571, 29040613, 30357349, 33156332, 27924010",2025-01-01,http://www.ddbj.nig.ac.jp,DDBJ,0.986539379,DNA Data Bank of Japan,0.896418548,DDBJ,0.986539379,11,,,,
38711369,2024-03-01,http://bddg.hznu.edu.cn/ddid,DDID,0.991539717,Diet-Drug Interactions Database,0.973790824,DDID,0.991539717,1,,,,
32527280,2020-06-11,http://ddiem.phenomebrowser.net,DDIEM,0.995850682,Drug Database for Inborn Errors of Metabolism,0.948216963,DDIEM,0.995850682,1,,,,
39180399,2025-01-01,http://ddinter2.scbdd.com,DDInter,0.968806326,,0,DDInter,0.968806326,1,,,,
25398897,2014-11-14,http://www.cbrc.kaust.edu.sa/ddmgd,DDMGD,0.992112517,,0,DDMGD,0.992112517,1,,,,
35139189,2022-02-01,http://www.inbirg.com/ddpd,DDPD,0.946293116,of,0.600210845,DDPD,0.946293116,1,,,,
27577567,2016-08-29,http://ddr.cbbio.es,DDRprot,0.997383237,,0,DDRprot,0.997383237,1,,,,
21938213,2011-09-06,http://bmi.icmr.org.in/DDTRP,DDTRP,0.977842283,Database of Drug Targets for Resistant Pathogens,0.933010811,DDTRP,0.977842283,1,,,,
32307725,2020-04-27,http://2de-pattern.pnpi.nrcki.ru,DE-pattern,0.593041122,,0,DE-pattern,0.593041122,1,,,,
23516335,2013-03-02,http://ibsd.gov.in/debdom,DEBDOM,0.996568859,Database Exploring Banana Diversity of,0.850851814,DEBDOM,0.996568859,1,,,,
"35143074, 22962312, 24150940",2022-02-21,http://www.deciphergenomics.org,DECIPHER,0.995207131,,0,DECIPHER,0.995207131,3,,,,
31349169,2019-07-16,http://cb.imsc.res.in/deduct,DEDuCT,0.989132156,Database of Endocrine Disrupting Chemicals and their Toxicity profiles,0.964690409,DEDuCT,0.989132156,1,,,,
30942868,2019-04-01,http://dee2.io,DEE2,0.989227772,Expression Explorer,0.759982735,DEE2,0.989227772,1,,,,
"33175131, 22144203",2021-01-01,http://rna.sysu.edu.cn/deepbase3/index.html,deepBase,0.993842721,,0,deepBase,0.993842721,2,,,,
27084938,2016-04-15,http://deepblue.mpi-inf.mpg.de,DeepBlue,0.988800287,,0,DeepBlue,0.988800287,1,,,,
36999559,2023-03-01,http://data.isa.org.jm/isa/map,DeepData,0.971243724,,0,DeepData,0.971243724,1,,,,
40378051,2025-05-16,http://synbiodesign.com/DeepMBEnzy,DeepMBEnzy,0.994890332,enzyme promiscuity prediction for mycotoxin biotransformation,0.845195674,DeepMBEnzy,0.994890332,1,,,,
23500449,2013-03-13,http://bsb.kiz.ac.cn:90/DEER,DEER,0.993173659,,0,DEER,0.993173659,1,,,,
37605971,2023-08-22,http://jeodpp.jrc.ec.europa.eu/ftp/jrc-opendata/FOREST/DISTURBANCES/DEFID2,DEFID2,0.973968732,Database of European Forest Insect and Disease Disturbances,0.929733473,DEFID2,0.973968732,1,,,,
23264352,2012-12-20,http://wellslab.ucsf.edu/degrabase,DegraBase,0.968228161,,0,DegraBase,0.968228161,1,,,,
26553809,2015-11-08,http://degradome.uniovi.es,Degradome,0.932848215,,0,Degradome,0.932848215,1,,,,
37992195,2023-12-01,http://bioinfo.uth.edu/degronmd,DegronMD,0.988399863,,0,DegronMD,0.988399863,1,,,,
26980516,2016-03-15,http://fungaldb.um.edu.my,DemaDb,0.9967255,,0,DemaDb,0.9967255,1,,,,
26727469,2016-01-04,http://bbprof.immt.res.in/embf,dEMBF,0.996164143,Database of Enzymes of Microalgal Biofuel Feedstock,0.963428038,dEMBF,0.996164143,1,,,,
26342387,2015-09-05,http://www.cbrc.kaust.edu.sa/dendb,DENdb,0.997271538,,0,DENdb,0.997271538,1,,,,
31664080,2019-10-29,http://biosig.unimelb.edu.au/dendpoint,dendPoint,0.994515121,,0,dendPoint,0.994515121,1,,,,
27618709,2016-09-12,http://proline.biochem.iisc.ernet.in/DenHunt,DenHunt,0.991763353,,0,DenHunt,0.991763353,1,,,,
27907889,2016-10-05,http://denovo-db.gs.washington.edu,denovo-db,0.997356877,,0,denovo-db,0.997356877,1,,,,
32510549,2021-05-01,http://webs.iiitd.edu.in/raghava/denvind,DenvInD,0.996846437,,0,DenvInD,0.996846437,1,,,,
25326239,2014-10-17,http://www.cbrc.kaust.edu.sa/deop,DEOP,0.958839059,ragon Explorer of Osmoprotection associated Pathways,0.914404387,DEOP,0.958839059,1,,,,
"39404857, 22467915",2024-12-01,http://tubic.tju.edu.cn/deori,DeOri,0.925356305,Database of Eukaryotic ORIs,0.895951286,DeOri,0.925356305,2,,,,
25332398,2014-10-20,"http://www.depod.org, http://www.koehn.embl.de/depod",DEPOD,0.997329473,human DEPhOsphorylation Database,0.98109927,DEPOD,0.997329473,1,,,,
"39576581, 37933852, 33119734",2025-01-01,http://biomine.cs.vcu.edu/servers/DESCRIBEPROT,DescribePROT,0.997794986,,0,DescribePROT,0.997794986,3,,,,
23415072,2013-02-16,http://www.cbrc.kaust.edu.sa/desmsci,DESMSCI,0.997198522,Dragon Exploration System on Marine Sponge Compounds Interactions,0.903089372,DESMSCI,0.997198522,1,,,,
35782725,2022-06-16,http://cloud.osubmi.com/DESSO,DESSO-DB,0.987207353,,0,DESSO-DB,0.987207353,1,,,,
40824865,2025-07-01,http://dest.bio,DEST,0.984104852,Drosophila Evolution,0.694547105,DEST,0.984104852,1,,,,
25951377,2015-05-07,http://prir.ustb.edu.cn/DeTEXT,DeTEXT,0.969740272,,0,DeTEXT,0.969740272,1,,,,
22369658,2011-11-30,http://lifecenter.sgst.cn/detoxiprot,DetoxiProt,0.993119836,,0,DetoxiProt,0.993119836,1,,,,
37604823,2023-08-21,http://ccnp.scidb.cn,devCCNP,0.959026814,developing Chinese Color Nest Project,0.873592746,devCCNP,0.959026814,1,,,,
34097004,2021-11-01,http://devomics.cn,DevOmics,0.997623146,,0,DevOmics,0.997623146,1,,,,
37953774,2023-11-08,http://maayanlab.github.io/dex-benchmark,Dex-Benchmark,0.993358505,Dexamethasone Benchmark,0.972064716,Dex-Benchmark,0.993358505,1,,,,
"26612867, 33436076, 23203985",2021-01-12,http://dfam.org,Dfam,0.994080424,,0,Dfam,0.994080424,3,,,,
35552640,2022-06-01,http://www.cqudfbp.net,DFBP,0.974000573,bioactive peptides,0.548679009,DFBP,0.974000573,1,,,,
22493695,2012-04-06,http://www.digitalfishlibrary.org,DFL,0.954812447,Fish Library,0.858391941,DFL,0.954812447,1,,,,
21782820,2011-07-18,http://bio.dfci.harvard.edu/DFRMLI,DFRMLI,0.90959398,Dana-Farber Repository for,0.82518174,DFRMLI,0.90959398,1,,,,
23197658,2012-11-28,http://dga.nubic.northwestern.edu,DGA,0.992823601,Disease and Gene Annotations database,0.900466466,DGA,0.992823601,1,,,,
40037845,2025-05-01,http://sheepdgea.njau.edu.cn,dGEA,0.8985762,Developmental Gene Expression Atlas,0.675386977,dGEA,0.8985762,1,,,,
"37953380, 24122041",2024-01-01,http://dgidb.org,DGIdb,0.997908175,Drug-Gene Interaction database,0.983872821,DGIdb,0.997908175,2,,,,
36164976,2022-09-01,http://dgpd.tlds.cc/DGPD/index,DGPD,0.992897475,Dense Granule Protein Database,0.976539493,DGPD,0.992897475,1,,,,
23193291,2012-11-27,"http://www.ebi.ac.uk/dgva, http://www.ncbi.nlm.nih.gov/dbvar",DGVa,0.929166198,,0,DGVa,0.929166198,1,,,,
41174594,2025-10-31,http://dherbkb.hywanglab.org.cn,DHerbKB,0.994080186,,0,DHerbKB,0.994080186,1,,,,
40502930,2025-05-09,http://bio.liclab.net/diabetesOmicdb,DiabetesOmic,0.99780786,,0,DiabetesOmic,0.99780786,1,,,,
24307774,2013-11-11,http://www.kaubic.in/diacan,DIACAN,0.994966656,Antidiabetic and Anticancer Medicinal Plants Database,0.987637103,DIACAN,0.994966656,1,,,,
21249531,2011-09-01,http://diademchallenge.org,DIADEM,0.989351451,DIgital reconstruction of Axonal and DEndritic Morphology,0.851490708,DIADEM,0.989351451,1,,,,
26586797,2015-11-19,http://www.microrna.gr/mirgen,DIANA-miRGen,0.908604195,,0,DIANA-miRGen,0.908604195,1,,,,
35424427,2021-01-28,http://rdu.iquimica.unam.mx/handle/20.500.12214/1186,DiaNat-DB,0.974225625,,0,DiaNat-DB,0.974225625,1,,,,
25378341,2014-11-06,http://www.diark.org,diArk,0.992710948,,0,diArk,0.992710948,1,,,,
31641158,2019-10-22,http://www6.inra.fr/carrtel-collection_eng/Barcoding-database,Diat.barcode,0.889230361,,0,Diat.barcode,0.889230361,1,,,,
22332784,2012-03-31,http://www.diatomcyc.org,DiatomCyc,0.997156441,,0,DiatomCyc,0.997156441,1,,,,
29385418,2018-02-01,http://dibs.enzim.ttk.mta.hu,DIBS,0.994214892,,0,DIBS,0.994214892,1,,,,
40351053,2025-05-12,"http://diced.lerner.ccf.org/, http://www.djangoproject.com",DICED,0.994514108,Database of Identified Cleavage sites Endemic to Disease states,0.938983788,DICED,0.994514108,1,,,,
"23172289, 23494302",2013-01-01,http://dictybase.org,dictyBase,0.994000256,,0,dictyBase,0.994000256,2,,,,
26481352,2015-10-19,http://dida.ibsquare.be,DIDA,0.982567787,DIgenic diseases DAtabase,0.88692459,DIDA,0.982567787,1,,,,
29069447,2018-01-01,http://netbio.bgu.ac.il/diffnet,DifferentialNet,0.995048225,,0,DifferentialNet,0.995048225,1,,,,
"40337913, 32976589",2025-07-01,http://exbio.wzw.tum.de/digger,DIGGER,0.998090148,,0,DIGGER,0.998090148,2,,,,
22080506,2011-11-10,http://biocomputing.it/digit,DIGIT,0.994396985,Database of ImmunoGlobulins with Integrated Tools,0.9503698,DIGIT,0.994396985,1,,,,
26503254,2015-10-25,http://www.digital-development.org,Digital Development,0.921984583,,0,Digital Development,0.921984583,1,,,,
33007622,2020-09-17,http://slsdb.manipal.edu/dinax,DINAX,0.989951134,Database for Inherited Ataxia,0.747629498,DINAX,0.989951134,1,,,,
28502574,2017-05-11,http://www.neurostresspep.eu/diner,DINeR,0.992539942,Database for Insect Neuropeptide Research,0.922759838,DINeR,0.992539942,1,,,,
33382035,2020-12-31,http://www.sbms.hku.hk/dclab/DIPPER,DIPPER,0.9955585,,0,DIPPER,0.9955585,1,,,,
38907989,2024-06-22,http://interactome.ku.edu.tr:8501,DiPPI,0.996345103,Drugs in Protein-Protein Interfaces,0.921446643,DiPPI,0.996345103,1,,,,
36382409,2023-01-01,http://www.rnamd.org/directRMDB,DirectRMDB,0.995261729,,0,DirectRMDB,0.995261729,1,,,,
28381244,2017-04-05,http://biophy.dzu.edu.cn/DisBind,DisBind,0.997564256,,0,DisBind,0.997564256,1,,,,
"39535037, 34791375",2025-01-01,http://www.immunesinglecell.org,DISCO,0.996759236,,0,DISCO,0.996759236,2,,,,
23973272,2013-08-21,http://bioinformatics.ua.pt/diseasecard,Diseasecard,0.896775365,,0,Diseasecard,0.896775365,1,,,,
29059320,2018-01-01,http://biocc.hrbmu.edu.cn/DiseaseEnhancer,DiseaseEnhancer,0.996761441,,0,DiseaseEnhancer,0.996761441,1,,,,
"22135302, 27899673",2016-11-29,http://bioinfo.hrbmu.edu.cn/diseasemeth,DiseaseMeth,0.993306458,human disease methylation database,0.805280375,DiseaseMeth,0.993306458,2,,,,
"35348648, 25484339",2022-03-01,http://diseases.jensenlab.org,DISEASES,0.994236827,,0,DISEASES,0.994236827,2,,,,
39797570,2025-01-01,http://disgenet.cn,DisGeNet,0.99664408,,0,DisGeNet,0.99664408,1,,,,
"25877637, 27924018, 31680165",2020-01-01,http://www.disgenet.org,DisGeNET,0.997833073,,0,DisGeNET,0.997833073,3,,,,
37930831,2024-01-01,http://www.inbirg.com/disignatlas,DiSignAtlas,0.997409821,,0,DiSignAtlas,0.997409821,1,,,,
29036667,2018-01-01,http://DISNOR.uniroma2.it,DISNOR,0.998069823,,0,DISNOR,0.998069823,1,,,,
37847815,2023-10-01,http://compbio.iitr.ac.in/dispel,DISPEL,0.996605098,Diseases Plants Eliminate,0.97614388,DISPEL,0.996605098,1,,,,
35685370,2022-05-12,http://disphasedb.leloir.org.ar,DisPhaseDB,0.997782946,,0,DisPhaseDB,0.997782946,1,,,,
"38507044, 37904585, 34850135, 31713636",2024-03-01,http://disprot.org,DisProt,0.995845914,Database of Intrinsically Disordered Proteins,0.943358633,DisProt,0.995845914,4,,,,
31593887,2019-09-28,http://andromeda.matf.bg.ac.rs/aadis_dynamic,,0,Distances of Amino Acids,0.922101881,Distances of Amino Acids,0.922101881,1,,,,
22058129,2011-11-03,http://distild.jensenlab.org,DistiLD,0.8471573,,0,DistiLD,0.8471573,1,,,,
26363178,2015-09-12,http://rvs.u.hpc.mssm.edu/divas,DIVAS,0.973447561,,0,DIVAS,0.973447561,1,,,,
25505093,2014-12-12,http://www.dixa-fp7.eu,diXa,0.938735694,Infrastructure for Chemical Safety Assessment,0.744968057,diXa,0.938735694,1,,,,
33079988,2021-01-01,http://darkkinome.org,DKK,0.987769703,Dark Kinase Knowledgebase,0.946007538,DKK,0.987769703,1,,,,
26393351,2015-09-22,http://dknet.org,dkNET,0.995002985,NIDDK Information Network,0.846032488,dkNET,0.995002985,1,,,,
26697753,2015-12-15,http://lcgbase.big.ac.cn/DLGP,DLGP,0.996312201,,0,DLGP,0.996312201,1,,,,
26030752,2015-06-01,http://sbbi.unl.edu/dmd,DMD,0.993849114,Dietary MicroRNA Databases,0.963514006,DMD,0.993849114,1,,,,
39351893,2025-01-01,http://www.inbirg.com/DMRdb,DMRdb,0.998272479,,0,DMRdb,0.998272479,1,,,,
31016417,2019-04-23,http://dnamod.hoffmanlab.org,DNAmod,0.983683288,,0,DNAmod,0.983683288,1,,,,
33053178,2021-01-01,http://www.genesilico.pl/DNAmoreDB,DNAmoreDB,0.992567003,,0,DNAmoreDB,0.992567003,1,,,,
28234924,2017-02-24,http://tga.nig.ac.jp/dnapod,DNApod,0.990965605,DNA polymorphism annotation database,0.922978652,DNApod,0.990965605,1,,,,
"39494533, 31612957",2025-01-01,http://dnaprodb.usc.edu,DNAproDB,0.995879531,,0,DNAproDB,0.995879531,2,,,,
24225319,2013-11-12,"http://dnasu.asu.edu, http://dnasu.org",DNASU,0.963655591,,0,DNASU,0.963655591,1,,,,
22110027,2011-11-22,http://dnatraffic.ibb.waw.pl,DNAtraffic,0.997660697,,0,DNAtraffic,0.997660697,1,,,,
27076334,2016-01-01,http://www.violinet.org/dnavaxdb,DNAVaxDB,0.992402136,,0,DNAVaxDB,0.992402136,1,,,,
27209279,2016-05-21,http://app.scbit.org/DNetDB,DNetDB,0.996409118,,0,DNetDB,0.996409118,1,,,,
31598709,2020-01-01,http://www.unimd.org/dnmivd,DNMIVD,0.995371461,DNA Methylation Interactive Visualization Database,0.965341255,DNMIVD,0.995371461,1,,,,
34643700,2022-01-01,http://dntppool.org,dNTPpoolDB,0.998594224,,0,dNTPpoolDB,0.998594224,1,,,,
37953304,2024-01-01,http://disease-ontology.org,DO-KB,0.936865032,Ontology,0.494805515,DO-KB,0.936865032,1,,,,
23185043,2012-11-26,http://www.bio.nite.go.jp/pks,DoBISCUIT,0.998316765,Database of BIoSynthesis clusters,0.979332394,DoBISCUIT,0.998316765,1,,,,
33035337,2021-01-01,http://covirus.cc/drugs,DockCoV2,0.975444973,,0,DockCoV2,0.975444973,1,,,,
39436034,2025-01-01,http://dog10k.kiz.ac.cn,Dog10K,0.995841563,,0,Dog10K,0.995841563,1,,,,
25404132,2014-11-17,http://dogsd.big.ac.cn,DoGSD,0.996389866,,0,DoGSD,0.996389866,1,,,,
41056890,2025-09-29,http://www.dolphindatabase.net,DoLPHiN,0.992163718,Polysaccharide,0.559172869,DoLPHiN,0.992163718,1,,,,
"22135305, 26827237",2016-01-30,http://dommino.org,DOMMINO,0.927519023,,0,DOMMINO,0.927519023,2,,,,
24214966,2013-11-07,http://csbl.bmb.uga.edu/DOOR,DOOR,0.986369848,,0,DOOR,0.986369848,1,,,,
35754095,2022-08-29,http://www.dopi.org.uk,DoPI,0.994723678,The Database of Pollinator Interactions,0.908311382,DoPI,0.994723678,1,,,,
25002814,2014-06-12,http://caps.ncbs.res.in/DOR,DOR,0.974434396,Database of Olfactory Receptors,0.88843143,DOR,0.974434396,1,,,,
"36305822, 30364951, 23093601",2023-01-01,"http://tubic.org/doric/, http://tubic.tju.edu.cn/doric",DoriC,0.991857886,,0,DoriC,0.991857886,3,,,,
25416797,2014-11-21,http://dorina.mdc-berlin.de,doRiNA,0.983651519,,0,doRiNA,0.983651519,1,,,,
31581093,2021-07-01,http://ciceklab.cs.bilkent.edu.tr/dorman,DORMAN,0.996239364,Database of Reconstructed Metabolic Networks,0.906664733,DORMAN,0.996239364,1,,,,
23846594,2013-07-11,http://bo-protscience.fr/dosa,DoSA,0.991789222,Database of Structural Alignments,0.871132361,DoSA,0.991789222,1,,,,
37609633,2023-07-04,http://dosurvive.lab.nycu.edu.tw,DoSurvive,0.996824205,,0,DoSurvive,0.996824205,1,,,,
38530613,2024-03-26,http://i.uestc.edu.cn/DOTAD,DOTAD,0.994327903,Database Of Therapeutic Antibody Developability,0.988300936,DOTAD,0.994327903,1,,,,
34405389,2021-08-17,http://dowls.site,DoWLS-MAN,0.988136002,Database of Word-Level Statistics for Mandarin Chinese,0.950584922,DoWLS-MAN,0.988136002,1,,,,
33216893,2020-11-01,http://www.peptide-ligand.cn,DPL,0.99479425,database of,0.562851697,DPL,0.99479425,1,,,,
24302579,2013-12-02,http://syslab.nchu.edu.tw/DPRP,DPRP,0.99437356,,0,DPRP,0.99437356,1,,,,
27173524,2016-05-12,http://genedenovoweb.ticp.net:81/DPTEdb/index.php,DPTEdb,0.989185214,dioecious plant transposable element database,0.863010341,DPTEdb,0.989185214,1,,,,
24548788,2014-02-16,http://www.bioinfoindia.org/drgas,DR-GAS,0.991618946,,0,DR-GAS,0.991618946,1,,,,
"25355513, 22135288",2014-10-29,http://www.bioinfo.org/drvis,Dr.VIS,0.991928021,,0,Dr.VIS,0.991928021,2,,,,
"39526377, 34390348, 31409791",2025-01-01,http://dramp.cpu-bioinfor.org,DRAMP,0.984241545,Data Repository of Antimicrobial Peptides,0.965962529,DRAMP,0.984241545,3,,,,
39341994,2024-09-28,http://singlecellatlas.top/DRCTDB,DRCTdb,0.99723798,Disease-Related Cell Type database,0.984242857,DRCTdb,0.99723798,1,,,,
29209336,2017-11-02,http://drdb.big.ac.cn/home,DRDB,0.974232197,Date Palm Genomic Resource Database,0.711140464,DRDB,0.974232197,1,,,,
34774049,2021-11-13,http://bio-big-data.cn:8080/DREAM,DREAM,0.993100206,Drug Response Gene Expression Associated Map,0.914302438,DREAM,0.993100206,1,,,,
39348154,2024-12-01,http://omicslab.genetics.ac.cn/dred,DRED,0.993175626,related to,0.610792637,DRED,0.993175626,1,,,,
27276067,2016-06-08,http://www.bioinfoindia.org/dremecels,DREMECELS,0.997764349,,0,DREMECELS,0.997764349,1,,,,
38843311,2024-06-01,http://www.sysbio.org.cn/drgkb,DRGKB,0.996968031,,0,DRGKB,0.996968031,1,,,,
"24214964, 26635391, 30542988, 31701128",2020-01-01,http://ngs.ym.edu.tw/driverdb,DriverDB,0.995986342,,0,DriverDB,0.995986342,4,,,,
37956338,2024-01-01,http://driverdb.bioinfomics.org,DriverDBv4,0.990361333,,0,DriverDBv4,0.990361333,1,,,,
31691822,2020-01-01,http://llps.biocuckoo.cn,DrLLPS,0.997929573,,0,DrLLPS,0.997929573,1,,,,
37986230,2024-01-01,http://ccsm.uth.edu/DRMref,DRMref,0.994780779,Kyoto,0.728343586,DRMref,0.994780779,1,,,,
28533016,2017-05-03,http://www.mgc.ac.cn/DRodVir,DRodVir,0.988821983,,0,DRodVir,0.988821983,1,,,,
36971243,2023-04-01,http://gonzalezlab.eu/drosomics,DrosOmics,0.995197535,,0,DrosOmics,0.995197535,1,,,,
25979979,2015-05-15,http://pgsb.helmholtz-muenchen.de/droughtdb,DroughtDB,0.997056782,,0,DroughtDB,0.997056782,1,,,,
33995899,2021-04-11,http://www.flyrnai.org/tools/single_cell/web,DRscDB,0.997646034,,0,DRscDB,0.997646034,1,,,,
24618344,2014-03-11,http://www.drug2gene.com,Drug2Gene,0.990610043,,0,Drug2Gene,0.990610043,1,,,,
28299908,2017-03-16,http://genomics.senescence.info/drugs,DrugAge,0.997624516,,0,DrugAge,0.997624516,1,,,,
"37707619, 30371892, 33151287",2023-09-14,http://drugcentral.org,DrugCentral,0.996682286,,0,DrugCentral,0.996682286,3,,,,
31066443,2019-07-01,http://drugcomb.fimm.fi,DrugComb,0.991504312,,0,DrugComb,0.991504312,1,,,,
31665429,2020-01-01,http://drugcombdb.denglab.org,DrugCombDB,0.996946216,,0,DrugCombDB,0.996946216,1,,,,
35426945,2022-05-01,http://drugcvar.omicsbio.info,DrugCVar,0.991628468,,0,DrugCVar,0.991628468,1,,,,
38979784,2024-08-01,http://prodata.swmed.edu/DrugDomain,DrugDomain,0.983565211,,0,DrugDomain,0.983565211,1,,,,
25228099,2014-09-09,http://drugevar.genomicmedicinealliance.org,DruGeVar,0.996403813,,0,DruGeVar,0.996403813,1,,,,
39271119,2025-01-01,http://idrblab.org/drugmap,DrugMAP,0.996328592,,0,DrugMAP,0.996328592,1,,,,
33787872,2021-03-01,http://maayanlab.cloud/drugmonizome,Drugmonizome,0.990401685,,0,Drugmonizome,0.990401685,1,,,,
24663501,2014-03-25,"http://www.drugpath.org, http://mimi.ncibi.org",DrugPath,0.983626783,,0,DrugPath,0.983626783,1,,,,
31096089,2019-05-08,http://www.drugr.ir,DrugR,0.989119887,,0,DrugR,0.989119887,1,,,,
38994794,2024-07-01,http://awi.cuhk.edu.cn/DrugRepoBank,DrugRepoBank,0.994069457,,0,DrugRepoBank,0.994069457,1,,,,
28562632,2017-05-31,http://biotechlab.fudan.edu.cn/database/drugsig,DrugSig,0.996384323,,0,DrugSig,0.996384323,1,,,,
32597467,2021-05-01,http://vafaeelab.com/drugSimDB.html,DrugSimDB,0.995589495,,0,DrugSimDB,0.995589495,1,,,,
33104791,2021-01-01,http://drugspacex.simm.ac.cn,DrugSpaceX,0.995280385,,0,DrugSpaceX,0.995280385,1,,,,
35610052,2022-07-01,http://drugvirus.info,DrugVirus.info,0.968872309,,0,DrugVirus.info,0.968872309,1,,,,
37449459,2023-07-14,http://drumap.nibiohn.go.jp,DruMAP,0.995537519,,0,DruMAP,0.99553752,1,,,,
39883249,2024-09-03,http://dsci.renlab.cn,DSCI,0.99727422,Database of Synthetic Biology Components for Innate Immunity,0.968602186,DSCI,0.99727422,1,,,,
35636406,2022-05-30,http://www.accordalliance.org/resource-guide,DSD,0.778234616,Differences of Sex Development,0.69875969,DSD,0.778234616,1,,,,
35560008,2022-02-25,http://dsd.geneworks.cn,DSDatlas,0.634445906,disorders of,0.605094105,DSDatlas,0.634445906,1,,,,
35230424,2022-03-01,http://caps.ncbs.res.in/dsdbase2,DSDBASE2.0,0.905258507,DiSulphide,0.537806213,DSDBASE2.0,0.905258507,1,,,,
25990557,2015-05-19,http://tanlab.ucdenver.edu/DSigDB,DSigDB,0.996987581,Drug Signatures Database,0.949252993,DSigDB,0.996987581,1,,,,
"34366563, 30774152",2021-06-25,http://dsld.nlm.nih.gov/dsld,DSLD,0.953341067,Dietary Supplement Label Database,0.795074418,DSLD,0.953341067,2,,,,
30380071,2019-01-01,http://dsmnc.big.ac.cn,DSMNC,0.989300251,,0,DSMNC,0.989300251,1,,,,
37329484,2023-06-17,"http://45.248.163.60/bic/sgenos/, http://14.139.62.220/sgenos",DSP,0.983050272,of,0.780549765,DSP,0.983050272,1,,,,
33426407,2019-11-01,http://comptox.epa.gov/dashboard,DSSTox,0.9958359,Toxicity,0.549814343,DSSTox,0.9958359,1,,,,
26909679,2016-02-24,http://bi.sky.zstu.edu.cn/DsTRD/home.php,DsTRD,0.992711484,Danshen Transcriptional Resource Database,0.94311095,DsTRD,0.992711484,1,,,,
31560645,2019-09-26,http://www.cdc.gov/nccdphp/dnpao/data-trends-maps/index.html,DTM,0.971463203,Trends,0.880578995,DTM,0.971463203,1,,,,
38701592,2024-04-30,"http://dtnpd.cnsdrug.com, http://dtnpd.lyhbio.com",DTNPD,0.99806422,,0,DTNPD,0.99806422,1,,,,
33084904,2021-01-01,http://www.tartaglialab.com/dualseq,DualSeqDB,0.997340143,,0,DualSeqDB,0.997340143,1,,,,
39401061,2024-10-01,"http://virusseq-dataportal.ca/, http://covarr-net.github.io/duotang/duotang.html",Duotang,0.985343456,Canadian COVID-19 Genomics Network,0.773214616,Duotang,0.985343456,1,,,,
36018807,2023-01-01,http://dupscan.sysumeg.com,DupScan,0.981750965,,0,DupScan,0.981750965,1,,,,
38805753,2024-05-01,"http://huggingface.co/datasets/cnachteg/duvel, http://doi.org/10.57967/hf/1571",DUVEL,0.995378494,,0,DUVEL,0.995378494,1,,,,
26019122,2015-05-24,http://coins.mrn.org/dx,DX,0.759305418,COINS Data Exchange,0.739541188,DX,0.759305418,1,,,,
28575155,2018-11-01,http://bioinfo.ibp.ac.cn/Dynamic-BM,Dynamic-BM,0.985531533,,0,Dynamic-BM,0.985531533,1,,,,
37549162,2023-08-07,http://sites.google.com/sheffield.ac.uk/deed,DEED,0.90580974,Dysarthric Expressed Emotional Database,0.959127642,Dysarthric Expressed Emotional Database,0.959127642,1,,,,
22539672,2012-04-26,http://chemoinfo.ipmc.cnrs.fr/e-drug3d.html,e-Drug3D,0.993923992,,0,e-Drug3D,0.993923992,1,,,,
27766955,2016-10-17,http://www.mypeg.info/egrasp,e-GRASP,0.995206547,,0,e-GRASP,0.995206547,1,,,,
27153640,2016-04-19,http://www.sheba-cancer.org.il/e23D,e23D,0.991435468,,0,e23D,0.991435468,1,,,,
23897986,2013-07-28,http://www.fda.gov/ScienceResearch/BioinformaticsTools/EstrogenicActivityDatabaseEADB/default.htm,EADB,0.976858467,Estrogenic Activity Database,0.930413914,EADB,0.976858467,1,,,,
32964659,2020-10-08,http://african-compounds.org,EANPDB,0.993993628,Eastern Africa Natural Products Database,0.975782382,EANPDB,0.993993628,1,,,,
36840614,2023-03-03,http://www.bioailab.com:3838/eaQTLdb,eaQTLdb,0.997701943,enhancer activity quantitative trait loci database,0.958366409,eaQTLdb,0.997701943,1,,,,
35140614,2022-01-24,http://eardb.schanglab.org.cn,EARDB,0.988423049,Estrogen and Androgen Receptor Database,0.986506842,EARDB,0.988423049,1,,,,
37052519,2023-05-01,http://www.eyeseeworld.com/ebd/index.html,EBD,0.959672789,,0,EBD,0.959672789,1,,,,
34015403,2021-05-17,http://ebola.bicpu.edu.in,Ebolabase,0.985048413,,0,Ebolabase,0.985048413,1,,,,
32632099,2020-07-06,http://kg.ebrains.eu,EBRAINS,0.80999589,,0,EBRAINS,0.80999589,1,,,,
37114214,2023-04-14,http://www.eccbase.net,EccBase,0.92384851,,0,EccBase,0.92384851,1,,,,
37018146,2023-04-01,http://www.xiejjlab.bio/eccDB,eccDB,0.996906757,,0,eccDB,0.996906757,1,,,,
36757087,2023-03-01,http://lcbb.swjtu.edu.cn/eccDNAatlas,eccDNA Atlas,0.951668183,,0,eccDNA Atlas,0.951668183,1,,,,
40971512,2025-10-01,http://cgga.org.cn/eccDNABase,eccDNABase,0.997306406,,0,eccDNABase,0.997306406,1,,,,
35388171,2022-04-06,http://www.eccdnadb.org,eccDNAdb,0.985597551,,0,eccDNAdb,0.985597551,1,,,,
32646415,2020-07-09,http://www.phoc.org.cn/ECCParaCorp,ECCParaCorp,0.992599487,Physician Data Query,0.659761125,ECCParaCorp,0.992599487,1,,,,
"22828716, 28437484",2012-07-25,http://www.ecgview.org,ECG-ViEW,0.982872033,Electrocardiogram Vigilance with Electronic data Warehouse II,0.880449582,ECG-ViEW,0.982872033,2,,,,
26699919,2016-01-13,http://ecgene.bioinfo-minzhao.org,ECGene,0.994564354,Endometrial Cancer Gene database,0.8197405,ECGene,0.994564354,1,,,,
34010390,2021-05-01,http://echinobase.org,Echinobase,0.997653604,,0,Echinobase,0.997653604,1,,,,
"36274129, 26800861",2022-10-23,http://echinodb.uncc.edu,EchinoDB,0.992635667,,0,EchinoDB,0.992635667,2,,,,
"23109553, 26481353",2015-10-19,http://www.ecmdb.ca,ECMDB,0.995682538,coli Metabolome Database,0.95562607,ECMDB,0.995682538,2,,,,
23143106,2012-11-09,http://EcoCyc.org,EcoCyc,0.992975175,,0,EcoCyc,0.992975175,1,,,,
25352573,2014-10-28,http://www.casper.organ.su.se/ECODAB,ECODAB,0.991039038,Escherichia coli O-antigen database,0.911410725,ECODAB,0.991039038,1,,,,
23197660,2012-11-28,http://ecogene.org,EcoGene,0.984577298,,0,EcoGene,0.984577298,1,,,,
25650278,2015-02-02,http://www.inetbio.org/ecolinet,EcoliNet,0.970784962,,0,EcoliNet,0.970784962,1,,,,
24333540,2013-12-11,http://birg4.fbb.utm.my:8080/EcoliOverExpressionDB,EcoliOverExpressionDB,0.917664945,,0,EcoliOverExpressionDB,0.917664945,1,,,,
25065645,2014-08-27,http://ectogem.irisa.fr,EctoGEM,0.991552711,scale metabolic network of Ectocarpus,0.682853514,EctoGEM,0.991552711,1,,,,
22359444,2012-01-20,http://www.kubic.nic.in/ectomychorhiza,EctomycorrhizalDB,0.745949835,,0,EctomycorrhizalDB,0.745949835,1,,,,
25451822,2014-11-25,http://edcs.unicartagena.edu.co,EDCs DataBank,0.928272024,,0,EDCs DataBank,0.928272024,1,,,,
24302289,2013-12-05,http://eddb.cbi.pku.edu.cn,EDdb,0.994813681,Eating Disorder database,0.941057016,EDdb,0.994813681,1,,,,
36318263,2023-01-01,http://edomics.qnlm.ac,EDomics,0.991797864,evo-devo,0.54464677,EDomics,0.991797864,1,,,,
23340253,2013-01-22,http://edr.research.bcm.edu,EDR,0.954789698,Endometrium Database Resource,0.906237185,EDR,0.954789698,1,,,,
23203870,2012-11-29,http://eendb.zfgenetics.org,EENdb,0.995524585,engineered endonuclease database,0.9866168,EENdb,0.995524585,1,,,,
26590402,2015-11-20,http://effectivedb.org,EffectiveDB,0.997481704,,0,EffectiveDB,0.997481704,1,,,,
23798489,2013-06-22,http://csb.shu.edu.cn/efg,eFG,0.989360213,Electronic resource for Fusarium graminearum,0.876718317,eFG,0.989360213,1,,,,
36043401,2022-08-01,http://efgenome.ynau.edu.cn,EfGD,0.994728088,Erianthus fulvus,0.566732695,EfGD,0.994728088,1,,,,
"36399505, 22096231, 24297252, 26582926, 30418610",2023-01-01,http://eggnog6.embl.de,eggNOG,0.992302001,evolutionary gene genealogy Non-supervised Orthologous Groups,0.867947471,eggNOG,0.992302001,5,,,,
21317139,2011-02-10,http://egob.biomedicine.gu.se,eGOB,0.991934419,eukaryotic Gene Order Browser,0.86592653,eGOB,0.991934419,1,,,,
26519912,2015-10-31,http://www.sussex.ac.uk/affiliates/halophytes,eHALOPH,0.997677743,,0,eHALOPH,0.997677743,1,,,,
25414353,2014-11-20,http://biotech.bmi.ac.cn/ehfpi,EHFPI,0.998098135,Essential Host Factors for Pathogenic Infection,0.983319062,EHFPI,0.998098135,1,,,,
23411718,2013-02-14,http://www.coccidia.icb.usp.br/eimeriatdb,EimeriaTDB,0.991310894,Eimeria transcript DB,0.578976917,EimeriaTDB,0.991310894,1,,,,
24214991,2013-11-08,http://ekpd.biocuckoo.org,EKPD,0.997297764,,0,EKPD,0.997297764,1,,,,
"24318814, 24265223",2014-01-01,http://www.emouseatlas.org/emage,EMAGE,0.985727191,Electronic Mouse Atlas of Gene Expression,0.988375112,Electronic Mouse Atlas of Gene Expression,0.988375112,2,,,,
39630862,2024-12-04,http://eeum-brain.com,eLemur,0.996012568,,0,eLemur,0.996012568,1,,,,
36189903,2023-01-01,http://bioinfor.imu.edu.cn/ematlas,EmAtlas,0.995656192,,0,EmAtlas,0.995656192,1,,,,
24146773,2013-10-16,http://embrys.jp/embrys/html/MainMenu.html,EMBRYS,0.995997906,,0,EMBRYS,0.995997906,1,,,,
30008982,2018-03-01,"http://emdb-empiar.org, http://emdb-empiar.org/emstats",EMDB,0.995346447,Electron Microscopy Data Bank,0.956331355,EMDB,0.995346447,1,,,,
31164042,2019-06-05,http://bioinfor.imu.edu.cn/emexplorer,EmExplorer,0.986415982,,0,EmExplorer,0.986415982,1,,,,
34048547,2021-05-01,http://research.bioinformatics.udel.edu/emirit,emiRIT,0.994740963,extracting miRNA Information from Text,0.961960316,emiRIT,0.994740963,1,,,,
"39558171, 37956313, 36399492, 34850158, 22080548, 23203883, 24214989, 26615190, 27899630, 29140475, 30395270, 31722421, 33175160",2025-01-01,http://www.ebi.ac.uk/ena,ENA,0.991740763,European Nucleotide Archive,0.941507971,ENA,0.991740763,13,,,,
39569321,2024-10-29,http://www.iscbglab.in/enactdb,ENACTdb,0.991858542,Exon nomenclature and classification of transcripts database,0.951687125,ENACTdb,0.991858542,1,,,,
36653322,2023-01-01,"http://www.bio-server.cn/ENCD/, http://www.bio-server.cn/ENCD",ENCD,0.997469962,,0,ENCD,0.997469962,1,,,,
30357403,2019-01-01,http://encompass.ninds.nih.gov,EncoMPASS,0.996818304,,0,EncoMPASS,0.996818304,1,,,,
31665430,2020-01-01,http://www.licpathway.net/ENdb,ENdb,0.997351289,,0,ENdb,0.997351289,1,,,,
30788500,2019-01-01,http://bioinfo.au.tsinghua.edu.cn/endisease,EnDisease,0.997681141,,0,EnDisease,0.997681141,1,,,,
30357379,2019-01-01,http://vibcancer.be/software-tools/endodb,EndoDB,0.996743798,,0,EndoDB,0.996743798,1,,,,
37904589,2024-01-01,http://endoquad.chenzxlab.cn,EndoQuad,0.997089505,,0,EndoQuad,0.997089505,1,,,,
"31740966, 27515742",2020-01-01,http://www.enhanceratlas.org/indexv2.php,EnhancerAtlas,0.995407641,,0,EnhancerAtlas,0.995407641,2,,,,
35694152,2021-04-14,http://lcbb.swjtu.edu.cn/EnhFFL,EnhFFL,0.994996548,,0,EnhFFL,0.994996548,1,,,,
30476229,2019-01-01,http://qinlab.sls.cuhk.edu.hk/ENPD,ENPD,0.971551538,Eukaryotic nucleic acid binding protein database,0.936309212,ENPD,0.971551538,1,,,,
"37953337, 36318249, 23203987, 24316576, 26888907, 26896847, 29155950, 30407521, 31691826, 26578574, 29092050, 31598706, 22086963, 34791404",2024-01-01,http://www.ensembl.org,Ensembl,0.99267447,,0,Ensembl,0.99267447,14,,,,
"34791415, 22067447, 24163254",2022-01-01,"http://www.ensemblgenomes.org, http://www.ensembl.org",Ensembl Genomes,0.818894243,,0,Ensembl Genomes,0.818894243,3,,,,
25432969,2014-11-27,http://plants.ensembl.org,Ensembl Plants,0.933526009,,0,Ensembl Plants,0.933526009,1,,,,
32726198,2020-07-29,http://enterobase.warwick.ac.uk,EnteroBase,0.997007787,,0,EnteroBase,0.997007787,1,,,,
39222063,2024-07-01,http://enteropathway.org,Enteropathway,0.997670233,,0,Enteropathway,0.997670233,1,,,,
26582924,2015-11-17,http://envipath.org,enviPath,0.992086053,The Environmental Contaminant Biotransformation Pathway Resource,0.90123873,enviPath,0.992086053,1,,,,
29683130,2017-11-01,http://enviroatlas.epa.gov,EnviroAtlas,0.60561341,,0,EnviroAtlas,0.60561341,1,,,,
27664130,2016-09-23,"http://www.environmentontology.org/, http://purl.obolibrary.org/obo/envo.owl",ENVO,0.97583425,Ontology,0.52125144,ENVO,0.97583425,1,,,,
22489867,2012-04-11,http://biotechlab.fudan.edu.cn/database/EnzyBase/home.php,EnzyBase,0.992943108,,0,EnzyBase,0.992943108,1,,,,
33002112,2020-10-01,http://www.rxnfinder.org/enzymine,EnzyMine,0.996929705,,0,EnzyMine,0.996929705,1,,,,
37030102,2023-04-05,http://cb.imsc.res.in/epek,EPEK,0.994291425,Ectopic Pregnancy Expression Knowledgebase,0.82599178,EPEK,0.994291425,1,,,,
29040751,2018-01-01,http://www.epidenovo.biols.ac.cn,EpiDenovo,0.997566879,,0,EpiDenovo,0.997566879,1,,,,
36350659,2023-01-01,http://epifactors.autosome.org,EpiFactors,0.996274948,,0,EpiFactors,0.996274948,1,,,,
39871596,2025-01-27,http://epigenplot.com,EpigenPlot,0.772370815,,0,EpigenPlot,0.772370815,1,,,,
35308974,2021-01-01,http://bmhinformatics.case.edu/Epilepsyconnect/login,Epilepsy-Connect,0.927172029,,0,Epilepsy-Connect,0.927172029,1,,,,
25324312,2014-10-16,http://61.152.91.49/EpilepsyGene,EpilepsyGene,0.996541262,,0,EpilepsyGene,0.996541262,1,,,,
24682734,2014-03-28,http://bioinfo.hrbmu.edu.cn/EpimiR,EpimiR,0.989621162,,0,EpimiR,0.989621162,1,,,,
26748106,2016-01-08,http://www.epimirbase.eu,EpimiRBase,0.9903965,,0,EpimiRBase,0.9903965,1,,,,
37258914,2023-01-01,http://bio.med.ucm.es/epipox,EPIPOX,0.990239918,,0,EPIPOX,0.990239918,1,,,,
32459338,2020-07-01,http://epiregio.de,EpiRegio,0.996769607,,0,EpiRegio,0.996769607,1,,,,
24213601,2013-11-08,http://epitrans.org,EPITRANS,0.996830702,,0,EPITRANS,0.996830702,1,,,,
23161695,2012-11-17,http://bioservices.hs-mittweida.de/Epros,eProS,0.996275544,profile suite,0.617196172,eProS,0.996275544,1,,,,
30446142,2018-10-28,http://www.epsdatabase.com,EPS-DB,0.998128307,Database,0.788730741,EPS-DB,0.998128307,1,,,,
"40581078, 32008039",2025-07-01,http://epsd.biocuckoo.cn,EPSD,0.98701781,eukaryotic phosphorylation site database,0.948447161,EPSD,0.98701781,2,,,,
24678734,2014-03-28,http://epslim.bwh.harvard.edu,EPSLiM,0.966204286,predictor for,0.749277949,EPSLiM,0.966204286,1,,,,
34493866,2021-09-06,http://www.ebi.ac.uk/eqtl,eQTL,0.880491197,,0,eQTL,0.880491197,1,,,,
29106618,2018-01-01,http://www.unimd.org/eram,eRAM,0.992225349,encyclopedia of Rare disease Annotations for,0.910854608,eRAM,0.992225349,1,,,,
23299413,2013-01-07,http://lemur.amu.edu.pl/share/ERISdb,ERISdb,0.825776637,,0,ERISdb,0.825776637,1,,,,
37889077,2024-01-01,http://bio.liclab.net/eRNAbase/index.php,eRNAbase,0.994884729,,0,eRNAbase,0.994884729,1,,,,
39265822,2024-09-10,http://kyuanlab.com/ervcancer,ERVcancer,0.919223964,,0,ERVcancer,0.919223964,1,,,,
39436241,2025-05-01,http://ngdc.cncb.ac.cn/EryDB/home,EryDB,0.99815309,,0,EryDB,0.99815309,1,,,,
34643704,2022-01-01,http://clingen.igib.res.in/esc,ESC,0.977441907,,0,ESC,0.977441907,1,,,,
23794736,2013-06-21,http://www.maayanlab.net/ESCAPE,ESCAPE,0.888467371,Embryonic Stem Cell Atlas from,0.817273289,ESCAPE,0.888467371,1,,,,
30143675,2018-08-24,http://www.esccatlas.org,ESCC ATLAS,0.917660445,,0,ESCC ATLAS,0.917660445,1,,,,
36968016,2023-03-17,http://cailab.labshare.cn/ESCCdb,ESCCdb,0.997133613,,0,ESCCdb,0.997133613,1,,,,
23709164,2014-03-01,http://p-pal.di.uminho.pt/about/databases,ESCOLEX,0.997294307,,0,ESCOLEX,0.997294307,1,,,,
31263866,2019-12-01,"http://esid.org/Working-Parties/Registry-Working-Party/ESID-Registry, http://cci-esid-reg-demo-app.uniklinik-freiburg.de/EERS",ESID,0.5849545,,0,ESID,0.5849545,1,,,,
28960889,2017-11-12,http://soft.bioinfo-minzhao.org/esnail,eSnail,0.99808991,,0,eSnail,0.99808991,1,,,,
37815872,2023-10-01,http://esomir.dqweilab-sjtu.com,ESOMIR,0.997823298,miRNA in esophageal cancer,0.71558506,ESOMIR,0.997823298,1,,,,
23468181,2013-12-01,http://www.bcbl.eu/databases/espal,EsPal,0.998021126,,0,EsPal,0.998021126,1,,,,
25534749,2014-12-22,http://nipgr.res.in/Essoildb,EssOilDB,0.99728632,,0,EssOilDB,0.99728632,1,,,,
"37582413, 23193256",2023-08-13,http://bioweb.supagro.inra.fr/ESTHER/general?what=index,ESTHER,0.996905684,,0,ESTHER,0.996905684,2,,,,
37272757,2023-08-01,http://estrogene.org,EstroGene,0.985920906,,0,EstroGene,0.985920906,1,,,,
39702552,2024-12-19,http://estrogeneii.web.app,EstroGene2.0,0.965825697,,0,EstroGene2.0,0.965825697,1,,,,
"37425046, 30365030",2023-03-22,http://www.tcmip.cn/ETCM2/front,ETCM,0.994092822,Encyclopedia of Traditional Chinese Medicine version,0.88576888,ETCM,0.994092822,2,,,,
31412866,2019-08-14,http://biosoft.kaist.ac.kr/etm,ETM-DB,0.991336733,,0,ETM-DB,0.991336733,1,,,,
27481021,2013-01-11,http://www.etoxproject.eu,eTOX,0.934810936,,0,eTOX,0.934810936,1,,,,
31887789,2019-12-30,http://klab.sjtu.edu.cn/enhancer,ETph,0.99349612,,0,ETph,0.99349612,1,,,,
41396997,2025-12-01,http://eucalyptusggd.net/eucamod,EucaMOD,0.997366622,eucalyptus multi-omics database,0.842582438,EucaMOD,0.997366622,1,,,,
22102771,2011-10-14,http://www.inbiosis.ukm.my/eudbase,EuDBase,0.996863604,,0,EuDBase,0.996863604,1,,,,
38865431,2024-06-01,http://www.eukaryome.org,EUKARYOME,0.995179355,,0,EUKARYOME,0.995179355,1,,,,
25352549,2014-10-28,http://euL1db.unice.fr,euL1db,0.994982398,,0,euL1db,0.994982398,1,,,,
"23175615, 25388105, 27903906, 29761457",2018-01-01,http://eupathdb.org,EuPathDB,0.998307586,Eukaryotic Pathogen Genomics Database Resource,0.985402346,EuPathDB,0.998307586,4,,,,
31598693,2020-01-01,http://EuRBPDB.syshospital.org,EuRBPDB,0.998039126,,0,EuRBPDB,0.998039126,1,,,,
36189883,2023-01-01,http://eurisco.ecpgr.org,EURISCO,0.997815788,European Search Catalogue for Plant Genetic ResourcesÂ¢Â¢Â¢Â¢Â¢Â¢Â¢Â¢Â¢Â¢Â¢Â¢Â¢Â¢Â¢Â¢,0.92701243,EURISCO,0.997815788,1,,,,
35193494,2022-02-22,http://dataportal.europdx.eu,EurOPDX,0.97068876,,0,EurOPDX,0.97068876,1,,,,
"25378340, 29161421, 33180112",2021-01-01,http://europepmc.org,Europe PMC,0.938993772,,0,Europe PMC,0.938993772,3,,,,
34791407,2022-01-01,http://ega-archive.org,GA4GH,0.826724152,European Genome-phenome Archive,0.946017052,European Genome-phenome Archive,0.946017052,1,,,,
21762488,2011-07-15,http://www.scbi.uma.es/pindb,EuroPineDB,0.993739247,,0,EuroPineDB,0.993739247,1,,,,
38644519,2024-04-01,http://sdc.iue.ac.cn/evs/list,EV-COMM,0.987114742,communication,0.544133246,EV-COMM,0.987114742,1,,,,
34718739,2022-01-01,http://www.ebi.ac.uk/eva,EVA,0.929237127,European Variation Archive,0.927118078,EVA,0.929237127,1,,,,
26179317,2015-07-14,http://ssl2.isped.u-bordeaux2.fr/eva_003,Evalutil,0.994965792,,0,Evalutil,0.994965792,1,,,,
34387689,2022-01-01,http://bioinfo.life.hust.edu.cn/EVAtlas,EVAtlas,0.996147394,,0,EVAtlas,0.996147394,1,,,,
30335161,2019-01-01,http://bioinfo.life.hust.edu.cn/EVmiRNA,EVmiRNA,0.996470809,,0,EVmiRNA,0.996470809,1,,,,
23977990,2013-08-01,http://biomi.cdc.go.kr/EvoSNP,EvoSNP-DB,0.993930091,,0,EvoSNP-DB,0.993930091,1,,,,
"24009897, 25388151",2014-11-10,http://evpedia.info,EVpedia,0.995006621,,0,EVpedia,0.995006621,2,,,,
38604528,2024-04-10,http://bioinfo.vanderbilt.edu/evpsort,EVPsort,0.996817529,,0,EVPsort,0.996817529,1,,,,
"35592546, 34718752, 31584095",2022-05-31,"http://www.ewascatalog.org/upload, http://www.ewascatalog.org",EWAS,0.916500092,,0,EWAS,0.916500092,3,,,,
30364969,2019-01-01,http://bigd.big.ac.cn/ewas,EWAS Atlas,0.979906976,,0,EWAS Atlas,0.979906976,1,,,,
30321400,2019-01-01,"http://www.ewas.org.cn/ewasdb, http://www.bioapp.org/ewasdb",EWASdb,0.995485365,,0,EWASdb,0.995485365,1,,,,
24444128,2014-01-20,http://egtc.jp,EGTC,0.735953112,Exchangeable Gene Trap Clones,0.933022529,Exchangeable Gene Trap Clones,0.933022529,1,,,,
32862462,2020-09-09,http://exed.biocatnet.de,ExED,0.984499017,Expansin Engineering Database,0.970954204,ExED,0.984499017,1,,,,
39827990,2025-01-17,http://exergenedb.com,ExerGeneDB,0.994997263,Exercise Regulated Genes Database,0.875222832,ExerGeneDB,0.994997263,1,,,,
32591816,2021-05-01,http://exobcd.liumwei.org,ExoBCD,0.998073876,,0,ExoBCD,0.998073876,1,,,,
32681912,2020-07-15,http://www.exocerna-atlas.com/exoceRNA,ExoceRNA Atlas,0.949007857,,0,ExoceRNA Atlas,0.949007857,1,,,,
39219717,2024-08-07,http://www.biomedical-web.com/exomirhub,ExomiRHub,0.998272717,,0,ExomiRHub,0.998272717,1,,,,
31642488,2020-01-01,http://ccsm.uth.edu/ExonSkipDB,ExonSkipDB,0.997633815,,0,ExonSkipDB,0.997633815,1,,,,
"34918744, 30053265",2022-01-01,http://www.exorbase.org,exoRBase,0.996153355,,0,exoRBase,0.996153355,2,,,,
37382165,2023-06-30,http://www.expansingenefamily.com,,0,Expansin gene family database,0.606470237,Expansin gene family database,0.606470237,1,,,,
22661580,2012-05-31,http://www.expasy.org,ExPASy,0.99731946,,0,ExPASy,0.99731946,1,,,,
"32898258, 25708775",2020-10-01,http://EXPath.itps.ncku.edu.tw,EXPath,0.997518301,,0,EXPath,0.997518301,2,,,,
"36732606, 27924041, 31724701",2023-02-02,http://exposome-explorer.iarc.fr,Exposome-Explorer,0.96887961,,0,Exposome-Explorer,0.96887961,3,,,,
29337142,2018-01-11,http://www.iupui.edu/,Express,0.922874272,,0,Express,0.922874272,1,,,,
"24304889, 26481351, 29165655, 22064864",2018-01-01,http://www.ebi.ac.uk/gxa,Expression Atlas,0.897050291,,0,Expression Atlas,0.897050291,4,,,,
39498488,2025-01-01,http://expresso.sustech.edu.cn,EXPRESSO,0.994920194,EXPloration of Regulatory Epigenome with Spatial,0.759086452,EXPRESSO,0.994920194,1,,,,
"28529706, 28529706, 28529706, 28529706",2017-03-28,http://bioinformatics.cs.vt.edu/expresso,Expresso,0.997199416,,0,Expresso,0.997199416,4,,,,
35347980,2022-03-29,http://ncidatabase.stonewise.cn,ExptNCI,0.987177527,Experimental NCI Database,0.937524974,ExptNCI,0.987177527,1,,,,
25152233,2014-08-24,http://biotech.bmi.ac.cn/ExpTreeDB,ExpTreeDB,0.995681107,,0,ExpTreeDB,0.995681107,1,,,,
30951672,2019-04-01,http://exrna-atlas.org,exRNA Atlas,0.840340992,,0,exRNA Atlas,0.840340992,1,,,,
35690280,2022-06-08,http://www.origin-gene.cn/database/exRNAdisease,exRNADisease,0.911333621,,0,exRNADisease,0.911333621,1,,,,
23696792,2013-05-16,http://extrem.igib.res.in,ExtremeDB,0.997353792,,0,ExtremeDB,0.997353792,1,,,,
33995920,2021-04-17,http://exve.icc.fiocruz.br,ExVe,0.89774555,,0,ExVe,0.89774555,1,,,,
34085038,2021-06-01,http://eyediseases.bio-data.cn,EyeDiseases,0.998263299,,0,EyeDiseases,0.998263299,1,,,,
31343654,2019-07-01,http://eyeIntegration.nei.nih.gov,eyeIntegration,0.929627955,,0,eyeIntegration,0.929627955,1,,,,
38109881,2023-12-01,http://eyeprodb.jsiec.org,EyeProdb,0.990450457,ocular protein structure database,0.943122959,EyeProdb,0.990450457,1,,,,
25324316,2014-10-16,http://ezcatdb.cbrc.jp/EzCatDB,EzCatDB,0.997173011,the enzyme reaction database,0.613930479,EzCatDB,0.997173011,1,,,,
22140171,2011-11-25,http://eztaxon-e.ezbiocloud.net,EzTaxon-e,0.969534889,,0,EzTaxon-e,0.969534889,1,,,,
34220930,2021-06-17,http://data.faang.org,FAANG,0.989271164,Functional Annotation of,0.782491729,FAANG,0.989271164,1,,,,
23203885,2012-11-29,http://factorbook.org,factorbook,0.995431662,of,0.503504157,factorbook,0.995431662,1,,,,
27899646,2016-11-28,http://fairdomhub.org,FAIRDOMHub,0.996229708,,0,FAIRDOMHub,0.996229708,1,,,,
39592010,2025-01-01,"http://fantom.gsc.riken.jp/, http://fanta.bio",FANTOM,0.991176963,Functional ANnoTation Of the Mammalian,0.843787193,FANTOM,0.991176963,1,,,,
"27794045, 30407557, 33211864, 25723102",2016-10-27,http://fantom.gsc.riken.jp,FANTOM5,0.996881783,Functional ANnoTation Of the Mammalian genome,0.984211731,FANTOM5,0.996881783,4,,,,
26384373,2015-09-16,http://ppi.bioinfo.asia.edu.tw/FARE-CAFE,FARE-CAFE,0.994346166,,0,FARE-CAFE,0.994346166,1,,,,
27924038,2017-03-01,http://cbrc.kaust.edu.sa/farna,FARNA,0.99584657,,0,FARNA,0.99584657,1,,,,
31034103,2019-05-31,http://bioinformatics.cse.unr.edu/fat-ptm,FAT-PTM,0.994561623,Functional Analysis Tools for Post-Translational Modifications,0.982620938,FAT-PTM,0.994561623,1,,,,
39104285,2024-08-01,http://www.fatplants.net,FatPlants,0.997396886,,0,FatPlants,0.997396886,1,,,,
36350676,2023-01-01,http://favor.genohub.org,FAVOR,0.995448098,Functional Annotation of Variants Online Resources,0.949888214,FAVOR,0.995448098,1,,,,
33511767,2021-01-29,http://159.226.67.243:8080/fawmine,FAWMine,0.997773767,Fall Armyworm Genome Database,0.988626023,FAWMine,0.997773767,1,,,,
22715304,2012-05-31,http://mail.nbfgr.res.in/fbis,FBIS,0.808700919,Barcode,0.65479672,FBIS,0.808700919,1,,,,
34793786,2021-11-15,http://cb.imsc.res.in/fccp,FCCP,0.977487087,Fragrance Chemicals in Children's Products,0.952817567,FCCP,0.977487087,1,,,,
23601403,2013-02-11,http://www.czfcdb.cz,FCDB,0.992240489,Czech Food Composition Database,0.975081468,FCDB,0.992240489,1,,,,
25352729,2014-09-30,http://www.fruitcropsdd.com,FCDD,0.995983303,Fruit Crops Diseases Database,0.945625222,FCDD,0.995983303,1,,,,
36367312,2022-11-01,http://www.medsysbio.org/FDRdb,FDRdb,0.993905425,Fibrotic Disease-associated RNAome database,0.988795817,FDRdb,0.993905425,1,,,,
35876977,2022-07-25,http://feamrudbt-amrlab.mu.ac.in,FEAMR,0.98639977,,0,FEAMR,0.98639977,1,,,,
39343895,2024-09-30,http://backlin.cabgrid.res.in/FEAtl,FEAtl,0.996369004,Expression,0.505581439,FEAtl,0.996369004,1,,,,
22267904,2011-12-18,http://www.bioacademy.gr/bioinformatics/projects/ProteinFusion/index.htm,FED,0.953724042,Fusion Events Database,0.76366665,FED,0.953724042,1,,,,
34626475,2021-10-01,http://feda.sciensano.be,FEDA,0.989463806,Food Enzyme Database,0.845898256,FEDA,0.989463806,1,,,,
33898816,2021-04-08,http://webs.iiitd.edu.in/raghava/fermfoodb,FermFooDb,0.998155117,,0,FermFooDb,0.998155117,1,,,,
"36305834, 32219413",2023-01-01,http://www.zhounan.org/ferrdb,FerrDb,0.984397888,,0,FerrDb,0.984397888,2,,,,
38742521,2024-03-01,http://idrblab.org/ferreg,FERREG,0.998235345,,0,FERREG,0.998235345,1,,,,
27242503,2016-05-10,http://bams1.org,Ferretome,0.98255372,,0,Ferretome,0.98255372,1,,,,
38885636,2024-06-17,http://ferr.gulab.org.cn,FerroLigandDB,0.997555733,,0,FerroLigandDB,0.997555733,1,,,,
34954426,2021-12-23,http://mcg.ustc.edu.cn/bsc/spermgenes2.0/index.html,FertilityOnline,0.993602693,,0,FertilityOnline,0.993602693,1,,,,
38587202,2024-07-01,http://fever.sk8.inrae.fr,FEVER,0.995440066,,0,FEVER,0.995440066,1,,,,
33897975,2021-03-22,http://fgdb.unmc.edu,FGDB,0.979747037,FSH Glycans DataBase,0.933014452,FGDB,0.979747037,1,,,,
32076423,2020-01-31,http://www.biotoclin.org/FHLdb,FHLdb,0.99812746,Familial Hemophagocytic,0.593275462,FHLdb,0.99812746,1,,,,
35277958,2022-03-01,http://www.fibroad.org,FibROAD,0.996301472,,0,FibROAD,0.996301472,1,,,,
34741074,2021-11-05,http://www.fibromine.com/Fibromine,Fibromine,0.996297419,,0,Fibromine,0.996297419,1,,,,
33497436,2021-09-01,http://www.nwsuaflmz.com/FifBase,FifBase,0.995629787,,0,FifBase,0.995629787,1,,,,
26806463,2016-01-25,http://filobase.bicpu.edu.in,FiloBase,0.992046833,,0,FiloBase,0.992046833,1,,,,
29328995,2018-01-06,http://bioinfo.net.in/filterbase,FilTer BaSe,0.918705657,,0,FilTer BaSe,0.918705657,1,,,,
34368755,2021-07-24,http://cliffordworkman.com/resources,fIMDb,0.865089297,ace Image Meta-Database,0.734685099,fIMDb,0.865089297,1,,,,
34562055,2021-11-03,http://laji.fi/en/theme/protax,FinBOL,0.991614699,,0,FinBOL,0.991614699,1,,,,
"32248568, 27924022",2020-04-14,http://www.findbase.org,FINDbase,0.996567488,,0,FINDbase,0.996567488,2,,,,
24243844,2013-11-15,http://firedb.bioinfo.cnio.es,FireDB,0.992642879,,0,FireDB,0.992642879,1,,,,
33166383,2021-01-01,http://loschmidt.chemi.muni.cz/fireprotdb,FireProtDB,0.994380713,,0,FireProtDB,0.994380713,1,,,,
26980518,2016-03-15,http://mail.nbfgr.res.in/Fish_Karyome,Fish Karyome,0.700258017,,0,Fish Karyome,0.700258017,1,,,,
33203359,2020-11-17,http://fishdb.ihb.ac.cn,FishDB,0.997222185,,0,FishDB,0.997222185,1,,,,
35891795,2022-07-11,http://bioinfo.njau.edu.cn/fishExp,FishExp,0.996278882,,0,FishExp,0.996278882,1,,,,
38461307,2024-03-09,http://bioinfo.ihb.ac.cn/fishsnp,FishSNP,0.997655571,,0,FishSNP,0.997655571,1,,,,
38829853,2024-06-01,http://www.fishtedb.com,FishTEDB,0.996387124,,0,FishTEDB,0.996387124,1,,,,
30611878,2019-01-03,http://mail.nbfgr.res.in/FisOmics,FisOmics,0.993046761,,0,FisOmics,0.993046761,1,,,,
24705206,2014-04-04,http://www.fixpred.com,FixPred,0.988829434,,0,FixPred,0.988829434,1,,,,
37823705,2024-01-01,http://cosbi.ee.ncku.edu.tw/FL-circAS,FL-circAS,0.995397285,,0,FL-circAS,0.995397285,1,,,,
26456067,2015-09-21,http://forensic.ugent.be/FLAD,FLAD,0.979612629,Forensic Loci Allele Database,0.973130558,FLAD,0.979612629,1,,,,
31696036,2019-10-31,http://bioinfo.net.in/flavodb/home.html,FlavoDb,0.994724214,,0,FlavoDb,0.994724214,1,,,,
29059383,2018-01-01,http://cosylab.iiitd.edu.in/flavordb,FlavorDB,0.997247577,,0,FlavorDB,0.997247577,1,,,,
39318152,2024-09-24,http://cosylab.iiitd.edu.in/flavordb2,FlavorDB2,0.995700121,,0,FlavorDB2,0.995700121,1,,,,
26476447,2015-10-17,http://www.flor-id.org,FLOR-ID,0.993054897,Flowering-Interactive Database,0.88401364,FLOR-ID,0.993054897,1,,,,
27698587,2016-09-09,http://flora-on.pt,Flora-On,0.985483035,,0,Flora-On,0.985483035,1,,,,
22649282,2012-05-16,"http://data.gbif.org/datasets/resource/10969/, http://projects.biodiversity.be/ifblAll",Florabank1,0.991928935,,0,Florabank1,0.991928935,1,,,,
38379334,2024-02-20,http://flu.com-med.org.cn,Flu-CED,0.993874729,,0,Flu-CED,0.993874729,1,,,,
39934826,2025-02-11,http://fluobase.siochemdb.com,FluoBase-a,0.99712798,,0,FluoBase-a,0.99712798,1,,,,
31774482,2020-12-01,http://www.jianglab.tech/FluReassort,FluReassort,0.980082214,,0,FluReassort,0.980082214,1,,,,
23203866,2012-11-29,"http://flyatlas.org, http://flyatlas.gla.ac.uk",FlyAtlas,0.997430265,,0,FlyAtlas,0.997430265,1,,,,
"24234449, 26935103, 22127867",2016-03-01,http://flybase.org,FlyBase,0.9871732,,0,FlyBase,0.9871732,3,,,,
21994220,2011-10-12,http://www.flyexpress.net,FlyExpress,0.970165312,,0,FlyExpress,0.970165312,1,,,,
29890119,2018-06-08,http://prodata.swmed.edu/FlyXCDB,FlyXCDB,0.993109286,,0,FlyXCDB,0.993109286,1,,,,
26317619,2015-08-28,http://mail.nbfgr.res.in/fmir,FMiR,0.989025816,Mitogenome Resource,0.922336429,FMiR,0.989025816,1,,,,
23951158,2013-08-12,http://www.nipgr.res.in/foxtail.html,FmMDb,0.998117232,Foxtail millet Marker Database,0.978147492,FmMDb,0.998117232,1,,,,
33511845,2021-01-29,http://drugdesign.riken.jp/FMODB,FMODB,0.992171586,FMO Database,0.612398446,FMODB,0.992171586,1,,,,
25005261,2014-07-09,http://59.163.192.91/FmTFDb/index.html,FmTFDb,0.99798429,foxtail millet transcription factors database,0.956081793,FmTFDb,0.99798429,1,,,,
25260589,2014-09-26,http://portal.nersc.gov/project/m1317/FOAM,FOAM,0.983061552,Functional Ontology Assignments for Metagenomes,0.933293728,FOAM,0.983061552,1,,,,
39794918,2025-01-10,http://fogs-portal.de/data,FOGS,0.9871943,Forensic Genetics for Species Protection,0.742483633,FOGS,0.9871943,1,,,,
31686102,2020-01-01,http://foldamerdb.ttk.hu,FoldamerDB,0.997375488,,0,FoldamerDB,0.997375488,1,,,,
40372422,2025-06-18,http://doi.org/10.1289/EHP15534,FS-GHGEF-D,0.964000225,Food Systems-related GHGE Factor Database,0.967127614,Food Systems-related GHGE Factor Database,0.967127614,1,,,,
41676126,2024-11-01,http://www.bic.ac.cn/FoodMicro,FoodMicroDB,0.997090399,Food Microbiome Database,0.97862221,FoodMicroDB,0.997090399,1,,,,
24234003,2013-11-14,http://floresta.eead.csic.es/footprintdb,footprintDB,0.995756149,,0,footprintDB,0.995756149,1,,,,
38537199,2024-03-01,http://www.fopgdb.site,FoPGDB,0.997397959,oxysporum Pangenome Database,0.957146015,FoPGDB,0.997397959,1,,,,
34583740,2021-09-28,http://gitlab.com/vishsoft/fpadmet,FPADMET,0.995484829,,0,FPADMET,0.995484829,1,,,,
34985769,2022-02-05,http://bioinfo-sysu.com/fpia,FPIA,0.706491955,profiling,0.616351604,FPIA,0.706491955,1,,,,
24885079,2014-05-08,http://peroxidase.riceblast.snu.ac.kr,fPoxDB,0.997609806,Fungal Peroxidase Database,0.992474094,fPoxDB,0.997609806,1,,,,
25725058,2015-02-27,http://www.fruitech.org,FR,0.466398388,,0,FR,0.466398388,1,,,,
32120139,2020-02-24,http://www.rxnfinder.org/frcd,FRCD,0.996773586,,0,FRCD,0.996773586,1,,,,
28245064,2017-02-28,http://roots.ornl.gov,FRED,0.980674982,Fine-Root Ecology Database,0.815621734,FRED,0.980674982,1,,,,
24928188,2014-06-14,http://www.escholarship.org/uc/item/6sd403pz,FreeSolv,0.989120781,,0,FreeSolv,0.989120781,1,,,,
23459781,2013-03-01,http://foodcast.sissa.it/neuroscience,FRIDa,0.992402077,FoodCast Research Image Database,0.776939595,FRIDa,0.992402077,1,,,,
29175726,2017-11-14,http://frog.med.yale.edu/FrogKB,FROG-kb,0.992679045,Forensic Resource/Reference on Genetics-knowledge base,0.930164516,FROG-kb,0.992679045,1,,,,
32123502,2020-02-17,http://www.frogid.net.au,FrogID,0.994272232,,0,FrogID,0.994272232,1,,,,
29688353,2018-01-01,http://www.fung-stress.org,FSD,0.992719412,Fungal Stress Database,0.971582294,FSD,0.992719412,1,,,,
23757396,2013-06-11,http://internal.med.unideb.hu/fsrd,FSRD,0.955492318,Fungal Stress Response Database,0.942606161,FSRD,0.955492318,1,,,,
35641095,2022-07-01,http://funagepro.molgenrug.nl,FUNAGE-Pro,0.983623703,,0,FUNAGE-Pro,0.983623703,1,,,,
"29165593, 33539890, 22110034, 24185702",2021-02-02,http://funcoup.sbc.su.se,FunCoup,0.996186793,,0,FunCoup,0.996186793,4,,,,
39530220,2025-01-01,http://funcoup.org,FunCoup 6,0.988995016,,0,FunCoup 6,0.988995016,1,,,,
28077567,2017-01-10,http://staff.washington.edu/jwallace/farme,FARME,0.964730322,Functional Antibiotic Resistant Metagenomic Element,0.970071673,Functional Antibiotic Resistant Metagenomic Element,0.970071673,1,,,,
38502608,2024-03-01,http://www.hebaubioinformatics.cn/FungalGeneCluster,,0,Fungal Gene Cluster Database,0.671645274,Fungal Gene Cluster Database,0.671645274,1,,,,
24564786,2013-10-16,"http://pcwde.riceblast.snu.ac.kr/, http://cfgp.snu.ac.kr",FPDB,0.979104906,Fungal PCWDE Database,0.985806865,Fungal PCWDE Database,0.985806865,1,,,,
24101916,2013-10-01,http://fungene.cme.msu.edu,FunGene,0.989818652,Gene Pipeline,0.61831975,FunGene,0.989818652,1,,,,
22766416,2012-07-02,http://www.fungene-db.org,FunGene-DB,0.99046123,,0,FunGene-DB,0.99046123,1,,,,
36655761,2023-01-01,http://bioinfo.njau.edu.cn/fungiExp,FungiExp,0.996766806,,0,FungiExp,0.996766806,1,,,,
34964845,2021-12-01,"http://www.fungiofpakistan.com, http://fungiofpakistan.com",fungiofpakistan,0.679958761,,0,fungiofpakistan,0.679958761,1,,,,
36929177,2023-03-01,http://vision4research.com/fungidb,FungiProteomeDB,0.993456304,,0,FungiProteomeDB,0.993456304,1,,,,
40897238,2025-08-31,http://rnainformatics.org.cn/FungiSNC,FungiSNC,0.997886002,Fungal Small Non-Coding RNA Database,0.958806172,FungiSNC,0.997886002,1,,,,
40484097,2025-06-06,http://funindb.lbqc.org,FUNIN,0.993924499,fungal glycoside,0.573054445,FUNIN,0.993924499,1,,,,
29220485,2018-01-01,"http://funricegenes.github.io/, http://funricegenes.ncpgr.cn",funRiceGenes,0.978388309,,0,funRiceGenes,0.978388309,1,,,,
25522231,2014-12-08,http://funrna.riceblast.snu.ac.kr,funRNA,0.992636442,,0,funRNA,0.992636442,1,,,,
21300622,2011-02-06,http://proteomics.ysu.edu/secretomes/fungi.php,FunSecKB,0.997838616,Fungal Secretome KnowledgeBase,0.966365695,FunSecKB,0.997838616,1,,,,
"26590404, 30298402",2019-01-01,http://www.funtree.info,FunTree,0.994794667,,0,FunTree,0.994794667,2,,,,
21541042,2011-02-08,http://www.nuolan.net/substrates.html,FurinDB,0.997923672,,0,FurinDB,0.997923672,1,,,,
39074139,2024-07-29,http://seq2fun.dcmb.med.umich.edu/furna,FURNA,0.997808099,Functions of RNAs,0.919561446,FURNA,0.997808099,1,,,,
34879732,2022-05-10,http://isolate.fusariumdb.org/blast.php,FUSARIUM-ID,0.991592218,,0,FUSARIUM-ID,0.991592218,1,,,,
26215638,2015-07-28,http://donglab.ecnu.edu.cn/databases/FusionCancer/Conclusion,FusionCancer,0.993119001,,0,FusionCancer,0.993119001,1,,,,
"34755868, 30407583",2022-01-01,http://compbio.uth.edu/FusionGDB2,FusionGDB,0.992917299,fusion gene annotation DataBase,0.742048061,FusionGDB,0.992917299,2,,,,
37870454,2024-01-01,http://compbio.uth.edu/FusionNeoAntigen,FusionNeoAntigen,0.9895432,,0,FusionNeoAntigen,0.9895432,1,,,,
37870473,2024-01-01,http://compbio.uth.edu/FusionPDB,FusionPDB,0.996552587,,0,FusionPDB,0.996552587,1,,,,
25149689,2014-08-22,http://fusobacterium.um.edu.my,FusoBase,0.997971714,,0,FusoBase,0.997971714,1,,,,
29976644,2018-07-05,http://fusoportal.org,FusoPortal,0.994699359,,0,FusoPortal,0.994699359,1,,,,
"34791357, 27794553",2022-01-01,http://fuzdb.org,FuzDB,0.998405516,complexes,0.655352414,FuzDB,0.998405516,2,,,,
34485385,2021-08-18,http://fuzzle.uni-bayreuth.de/2.0,Fuzzle,0.910124898,,0,Fuzzle,0.910124898,1,,,,
29126995,2017-11-08,http://bioinfo.ihb.ac.cn/fvd,FVD,0.953768969,The fish-associated virus database,0.77134944,FVD,0.953768969,1,,,,
37389723,2023-06-30,http://tubic.tju.edu.cn/g4bank,G4Bank,0.988901019,,0,G4Bank,0.988901019,1,,,,
27905517,2016-12-01,http://bsbe.iiti.ac.in/bsbe/ipdb/index.php,G4IPDB,0.99755083,Nucleic,0.905615389,G4IPDB,0.99755083,1,,,,
"39319582, 34718746, 23161677",2025-01-01,http://www.g4ldb.com,G4LDB,0.997929025,G-quadruplex ligands database,0.988358639,G4LDB,0.997929025,3,,,,
22293322,2012-01-30,http://202.120.189.88/mutdb,G6PD,0.940137466,,0,G6PD,0.940137466,1,,,,
38687868,2024-04-01,http://cancercelllines.org,GA4GH,0.993040264,,0,GA4GH,0.993040264,1,,,,
30268934,2018-08-01,http://gaad.medgenius.info,GAAD,0.996480703,Gene and Autoimmiune Disease Association Database,0.918741842,GAAD,0.996480703,1,,,,
28013277,2017-01-01,http://www.gabi-kat.de/db/genehits.php,GABI-Kat,0.946155384,,0,GABI-Kat,0.946155384,1,,,,
23872200,2013-07-16,http://gag.genouest.org,GAG,0.715960622,,0,GAG,0.715960622,1,,,,
35971612,2023-01-01,http://gaia.cobius.usherbrooke.ca,GAIA,0.902675211,,0,GAIA,0.902675211,1,,,,
35549894,2022-05-12,http://animal.nwsuaf.edu.cn/ChickenVar,Galbase,0.996622801,,0,Galbase,0.996622801,1,,,,
24990533,2014-07-23,http://bioinformatica.isa.cnr.it/GALT/GALT2.0,GALT Protein Database,0.571744546,,0,GALT Protein Database,0.571744546,1,,,,
27037912,2016-03-31,http://gamdb.liu-lab.com/index.php,GAMDB,0.99449718,Gerontology-Autophagic-MicroRNA Database,0.98334261,GAMDB,0.99449718,1,,,,
38862425,2024-05-01,http://gametesomics.cn,GametesOmics,0.995260298,,0,GametesOmics,0.995260298,1,,,,
26851225,2016-02-05,http://gametsepi.nwsuaflmz.com,GED,0.943311706,gametogenesis epigenetic modification database,0.95555062,gametogenesis epigenetic modification database,0.95555062,1,,,,
37867380,2023-10-22,http://www.gascanbase.com,GasCanBase,0.991512135,,0,GasCanBase,0.991512135,1,,,,
27102089,2016-03-15,http://gat.sit.kmutt.ac.th,GAT,0.967916131,gene-set activity toolbox,0.814590596,GAT,0.967916131,1,,,,
36598340,2023-01-04,http://pdgenetics.shinyapps.io/GBA1Browser,GBA1-PD,0.739730442,,0,GBA1-PD,0.739730442,1,,,,
25953079,2015-05-07,http://gbis.ipk-gatersleben.de,GBIS,0.697626531,,0,GBIS,0.697626531,1,,,,
25010047,2014-07-10,http://gbm-biodp.nci.nih.gov,GBM-BioDP,0.991873372,Glioblastoma Bio Discovery Portal,0.790780693,GBM-BioDP,0.991873372,1,,,,
30235322,2018-09-20,http://www.sing-group.org/gc4s,GC4S,0.951814741,,0,GC4S,0.951814741,1,,,,
37731725,2022-03-16,http://nmdc.cn/gccov,gcCov,0.997756422,,0,gcCov,0.997756422,1,,,,
27127885,2016-06-01,http://gcgene.bioinfo-minzhao.org,GCGene,0.995825529,Gastric Cancer Gene database,0.884341019,GCGene,0.995825529,1,,,,
31592084,2019-08-07,http://122.112.216.104,GCGVD,0.976200461,The Grass Carp Genomic Visualization Database,0.885653893,GCGVD,0.976200461,1,,,,
30365027,2019-01-01,http://gcmeta.wdcm.org,gcMeta,0.99671793,Global Catalogue of Metagenomics,0.914486587,gcMeta,0.99671793,1,,,,
37850635,2024-01-01,http://nmdc.cn/gcpathogen,gcPathogen,0.997662497,Global Catalogue of Pathogens,0.876640717,gcPathogen,0.997662497,1,,,,
39047941,2024-07-22,http://ciods.in/gcpdb,GCPDB,0.980968311,Protein Biomarker Matrix for,0.895030209,GCPDB,0.980968311,1,,,,
33119759,2021-01-01,http://gctype.wdcm.org,gcType,0.995411217,Global Catalogue of Type Strain,0.834868125,gcType,0.995411217,1,,,,
40372478,2025-10-01,http://gdbig.bigcs.com.cn,GDBIG,0.996382296,Born in Guangzhou Cohort Study,0.751894074,GDBIG,0.996382296,1,,,,
28453687,2017-05-01,http://gdisc.bme.gatech.edu,GDISC,0.982105613,gene,0.701045394,GDISC,0.982105613,1,,,,
39470721,2025-01-01,http://biogdp.com,GDP,0.99138993,Generic Diagramming Platform,0.933646929,GDP,0.99138993,1,,,,
37823598,2024-01-01,http://bioinfo.qd.sdu.edu.cn/GDPF,GDPF,0.992138073,of the global distribution of prokaryotic protein families,0.933174859,GDPF,0.992138073,1,,,,
"30357347, 24247530",2019-01-01,http://www.rosaceae.org,GDR,0.979074816,Genome Database for Rosaceae,0.827349126,GDR,0.979074816,2,,,,
35639770,2022-07-01,http://gecoviz.cgmlab.org,GeCoViz,0.997362554,,0,GeCoViz,0.997362554,1,,,,
40360995,2025-05-13,http://www.gedg-vitis.cn/index.html,GEDG,0.987736464,Gene Expression Database of Grape,0.9534585,GEDG,0.987736464,1,,,,
31277321,2019-07-03,http://bioinfo.life.hust.edu.cn/web/GEDS,GEDS,0.955554724,Expression Display Server,0.659791191,GEDS,0.955554724,1,,,,
21803806,2011-07-29,http://tinyurl.com/geefu,Gee Fu,0.952340484,,0,Gee Fu,0.952340484,1,,,,
24150938,2013-10-22,http://geisha.arizona.edu,GEISHA,0.996660411,Gallus Expression In Situ Hybridization Analysis,0.966287035,GEISHA,0.996660411,1,,,,
34158935,2020-11-11,http://dx.deepcarbon.net/11121/6200-6954-6634-8243-CC,GEMI,0.990873575,Global Earth Mineral Inventory,0.72698319,GEMI,0.990873575,1,,,,
33599246,2021-02-01,http://gemma.msl.ubc.ca/home.html,Gemma,0.981963456,,0,Gemma,0.981963456,1,,,,
34591957,2022-01-01,http://ngdc.cncb.ac.cn/gen,GEN,0.931028783,Gene Expression Nebulas,0.775835805,GEN,0.931028783,1,,,,
38913867,2024-09-01,"http://ngdc.cncb.ac.cn/genbase, http://ngdc.cncb.ac.cn",GenBase,0.995388985,,0,GenBase,0.995388985,1,,,,
"36420896, 30357393, 33270111",2023-01-01,http://www.gencodegenes.org,GENCODE,0.998485327,,0,GENCODE,0.998485327,3,,,,
30864352,2018-12-25,http://genconet.kalis-amts.de,GenCoNet,0.993595004,,0,GenCoNet,0.993595004,1,,,,
24904731,2014-05-23,http://gendermeddb.charite.de,GenderMedDB,0.995782018,,0,GenderMedDB,0.995782018,1,,,,
40343712,2025-05-01,http://caps.ncbs.res.in/gendis3,GenDiS,0.994084656,Genomic Distribution of Superfamilies,0.980884418,GenDiS,0.994084656,1,,,,
22912585,2012-08-09,http://genomics.senescence.info/diet,GenDR,0.975972056,,0,GenDR,0.975972056,1,,,,
21177656,2011-01-01,http://rafalab.jhsph.edu/barcode,Gene Expression Barcode,0.718592152,,0,Gene Expression Barcode,0.718592152,1,,,,
40996709,2025-01-01,http://geneloss.org,Gene Loss DB,0.841034842,Loss Database,0.739958942,Gene Loss DB,0.841034842,1,,,,
"22139938, 24270792, 26578585, 29112716",2018-01-01,http://gene3d.biochem.ucl.ac.uk,Gene3D,0.990353435,,0,Gene3D,0.990353435,4,,,,
31642496,2020-01-01,http://www.genemed.tech/gene4denovo,Gene4Denovo,0.993604973,,0,Gene4Denovo,0.993604973,1,,,,
34733322,2021-10-18,http://www.genemed.tech/gene4hl,Gene4HL,0.989707867,,0,Gene4HL,0.989707867,1,,,,
33981200,2021-04-26,http://genemed.tech/gene4pd,Gene4PD,0.994049946,,0,Gene4PD,0.994049946,1,,,,
30349118,2018-10-22,http://geneatlas.roslin.ed.ac.uk,GeneATLAS,0.691261196,,0,GeneATLAS,0.691261196,1,,,,
22116062,2011-11-23,http://www.genedb.org,GeneDB,0.993148148,,0,GeneDB,0.993148148,1,,,,
"36454018, 25361971",2023-01-01,http://www.genefriends.org,GeneFriends,0.990629911,,0,GeneFriends,0.990629911,2,,,,
"29652620, 33080015, 30329036",2021-01-01,http://genelab.nasa.gov,GeneLab,0.978558898,,0,GeneLab,0.978558898,3,,,,
24174536,2013-10-29,http://www.geneprof.org,GeneProf,0.996735215,,0,GeneProf,0.996735215,1,,,,
22748121,2012-07-02,http://actin.pharm.mssm.edu/genes2FANs,Genes2FANs,0.972529342,,0,Genes2FANs,0.972529342,1,,,,
23650583,2012-04-17,http://genesetdb.auckland.ac.nz/haeremai.html,GeneSetDB,0.996939301,,0,GeneSetDB,0.996939301,1,,,,
22110038,2011-11-21,"http://www.genesigdb.org, http://compbio.dfci.harvard.edu/genesigdb",GeneSigDB,0.998035491,,0,GeneSigDB,0.998035491,1,,,,
26567549,2015-11-14,http://genestation.org,GEneSTATION,0.995596051,,0,GEneSTATION,0.995596051,1,,,,
23161689,2012-11-17,http://topaz.gatech.edu/GeneTack/db.html,GeneTack,0.659076989,,0,GeneTack,0.659076989,1,,,,
22080549,2011-11-12,http://www.GeneWeaver.org,GeneWeaver,0.980351031,,0,GeneWeaver,0.980351031,1,,,,
31844835,2019-12-04,"http://mandadilab.webfactional.com/home/, http://mandadilab.webfactional.com/home/dload",GenFam,0.990917087,,0,GenFam,0.990917087,1,,,,
22383735,2012-03-01,http://born.nii.ac.jp,GENI-DB,0.995142937,,0,GENI-DB,0.995142937,1,,,,
37311148,2023-06-01,http://geniepool.link,GeniePool,0.893530369,,0,GeniePool,0.893530369,1,,,,
29512401,2018-03-07,http://genipac.cancerresearch.my,GENIPAC,0.994062304,,0,GENIPAC,0.994062304,1,,,,
25399415,2014-11-15,http://ecoli.naist.jp/GB,GenoBase,0.995594084,,0,GenoBase,0.995594084,1,,,,
22417913,2012-03-14,http://esper.lab.nig.ac.jp/genome-composition-database,GCD,0.811255554,Genome Composition Database,0.859661317,Genome Composition Database,0.859661317,1,,,,
23245398,2012-07-11,http://gwidd.bioinformatics.ku.edu,GWIDD,0.74214983,Genome-Wide Docking Database,0.819814461,Genome-Wide Docking Database,0.819814461,1,,,,
"25348407, 31733063",2020-01-01,http://www.genome3d.eu,Genome3D,0.994092405,,0,Genome3D,0.994092405,2,,,,
27789686,2016-10-26,http://genomecrispr.org,GenomeCRISPR,0.993304312,,0,GenomeCRISPR,0.993304312,1,,,,
23193271,2012-11-27,http://www.genomernai.org,GenomeRNAi,0.972192883,,0,GenomeRNAi,0.972192883,1,,,,
26780094,2016-01-18,http://www.genomespace.org,GenomeSpace,0.996023118,,0,GenomeSpace,0.996023118,1,,,,
28651291,2017-06-26,http://www.ncbi.nlm.nih.gov/bioproject/PRJNA325670,GenomeTrakrCP,0.995048881,of Chloroplast Genome Sequences,0.815545069,GenomeTrakrCP,0.995048881,1,,,,
26272709,2015-08-19,http://genomewidepdb.proteomix.org,GenomewidePDB,0.987685204,Chromosome-centric,0.595189404,GenomewidePDB,0.987685204,1,,,,
36318240,2023-01-01,http://gkb.dcmb.med.umich.edu,GenomicKB,0.996967196,,0,GenomicKB,0.996967196,1,,,,
"34792170, 23193262",2022-01-01,http://www.genomicus.bio.ens.psl.eu/genomicus,Genomicus,0.997919381,,0,Genomicus,0.997919381,2,,,,
25432975,2014-11-27,http://www.genomicus.biologie.ens.fr/genomicus-plants,GenomicusPlants,0.995462537,,0,GenomicusPlants,0.995462537,1,,,,
34538772,2021-06-14,http://genorigin.chenzxlab.cn,GenOrigin,0.986215472,,0,GenOrigin,0.986215472,1,,,,
21695066,2011-05-09,"http://medicalgenome.kribb.re.kr/GENT/, http://genome.kobic.re.kr/GENT",GENT,0.995685935,Gene Expression database of Normal and Tumor tissues,0.976307766,GENT,0.995685935,1,,,,
31296229,2019-07-11,http://gent2.appex.kr,GENT2,0.991305053,Gene Expression database of Normal and Tumor tissues 2,0.9513432,GENT2,0.991305053,1,,,,
21982653,2011-10-01,http://gentac.rti.org,GenTAC,0.966817975,National Registry of Genetically Triggered Thoracic Aortic Aneurysms and Cardiovascular Conditions,0.941658658,GenTAC,0.966817975,1,,,,
41229399,2025-11-11,http://db.tigs.res.in/gentigs,GenTIGS,0.99633801,,0,GenTIGS,0.99633801,1,,,,
37747225,2023-09-25,http://geotbi.org,GEO-TBI,0.908446441,Global Epidemiology and Outcomes following Traumatic Brain Injury,0.88530179,GEO-TBI,0.908446441,1,,,,
32330167,2020-04-24,http://www.geoboundaries.org,geoBoundaries,0.997810702,geoBoundaries Global Administrative Database,0.939703067,geoBoundaries,0.997810702,1,,,,
28771471,2017-08-03,http://www.geome-db.org,GeOMe,0.991666436,Genomic Observatories Metadatabase,0.737673,GeOMe,0.991666436,1,,,,
39341494,2024-09-26,http://www.geprep.org.cn,GEPREP,0.997458398,profiles of,0.615218967,GEPREP,0.997458398,1,,,,
34877793,2021-12-08,http://gepsdb.ahau-edu.cn,GEPSdb,0.998211384,Gene Expression Database of Poplar under Stress,0.982485765,GEPSdb,0.998211384,1,,,,
40229253,2025-04-14,http://www.german-elections.com,GERDA,0.99708432,The,0.70645231,GERDA,0.99708432,1,,,,
37310261,2023-06-22,http://dphdatabase.com,GERDH,0.995211363,,0,GERDH,0.995211363,1,,,,
25982314,2015-05-17,http://germlncrna.cbiit.cuhk.edu.hk,GermlncRNA,0.997644544,,0,GermlncRNA,0.997644544,1,,,,
26342919,2015-09-01,http://geroprotectors.org,Geroprotectors,0.934666336,,0,Geroprotectors,0.934666336,1,,,,
27242038,2016-05-30,"http://gesdb.nhri.org.twDatabase, http://gesdb.nhri.org.tw",GESDB,0.99487108,Genetic Epidemiology Simulation Database,0.805485106,GESDB,0.99487108,1,,,,
41473117,2024-12-26,http://gkebe.github.io/gestics,GeSTICS,0.989828706,,0,GeSTICS,0.989828706,1,,,,
31630971,2019-09-25,http://gesur.cancer-pku.cn,GESUR,0.972582638,,0,GESUR,0.972582638,1,,,,
38616961,2024-04-03,http://zhanglab.hzau.edu.cn/GETdb/page/index.jsp,GETdb,0.996281385,Genetic and Evolutionary features of drug Targets database,0.984716195,GETdb,0.996281385,1,,,,
38939556,2024-06-05,http://www.inbirg.com/GeTeSEPdb,GeTeSEPdb,0.997545481,,0,GeTeSEPdb,0.997545481,1,,,,
"28053161, 21917859",2016-10-07,http://bbcftools.epfl.ch/getprime,GETPrime,0.99608171,,0,GETPrime,0.99608171,2,,,,
27242033,2016-05-30,http://geve.med.u-tokai.ac.jp,gEVE,0.957576275,,0,gEVE,0.957576275,1,,,,
23104379,2012-10-26,http://www.glycanstructure.org,GFDB,0.991825804,glycan fragment database,0.877565131,GFDB,0.991825804,1,,,,
"27694206, 24137012",2016-10-02,http://terms.tdwg.org/wiki/GGBN_Data_Standard,GGBN,0.978382245,Global Genome Biodiversity Network,0.861103143,GGBN,0.978382245,2,,,,
35789395,2022-08-01,http://www.grassgenome.com,GGDB,0.993183851,,0,GGDB,0.993183851,1,,,,
39231257,2024-09-01,http://www.lovd.nl,GGN,0.961936355,Open Variation Database,0.596552327,GGN,0.961936355,1,,,,
33965348,2021-03-01,http://animal.nwsuaf.edu.cn/GoatVar,GGVD,0.992996335,goat genome variation database,0.746109948,GGVD,0.992996335,1,,,,
34699529,2021-10-26,http://gh19ed.biocatnet.de,GH19ED,0.938115016,,0,GH19ED,0.938115016,1,,,,
37856620,2023-10-19,http://giftdb.agroda.cn,GIFTdb,0.997063935,Gene Improvements for Fruit Trait Database,0.967231802,GIFTdb,0.997063935,1,,,,
24336862,2014-01-01,http://giga.nova.edu,GIGA,0.974462986,The Global Invertebrate Genomics Alliance,0.78900679,GIGA,0.974462986,1,,,,
24622612,2014-03-12,http://www.gigadb.org,GigaDB,0.98824966,,0,GigaDB,0.98824966,1,,,,
33045729,2021-01-01,http://idrblab.org/gimica,GIMICA,0.988819897,Host Genetic and Immune Factors Shaping Human Microbiota,0.927597477,GIMICA,0.988819897,1,,,,
35758513,2022-06-01,http://ginkgo.zju.edu.cn,GinkgoDB,0.997236252,,0,GinkgoDB,0.997236252,1,,,,
29649979,2018-04-12,http://ginsengdb.snu.ac.kr,,0,Ginseng Genome Database,0.915763418,Ginseng Genome Database,0.915763418,1,,,,
21609420,2011-05-24,http://gisao.genome.tugraz.at,GiSAO.db,0.948274958,Genes,0.665788551,GiSAO.db,0.948274958,1,,,,
36680885,2023-01-18,http://glucokinasedb.in,GKDB,0.992191792,,0,GKDB,0.992191792,1,,,,
25971743,2015-05-13,http://zhanglab.ccmb.med.umich.edu/GLASS,GLASS,0.917461634,,0,GLASS,0.917461634,1,,,,
31811943,2019-08-01,http://bigd.big.ac.cn/gliomaDB,GliomaDB,0.996975422,,0,GliomaDB,0.996975422,1,,,,
36081550,2022-08-11,http://gliomarker.prophetdb.org,GlioMarker,0.994303107,,0,GlioMarker,0.994303107,1,,,,
24377417,2013-12-30,http://gcm.wfcc.info,GCM,0.755801558,Global catalogue of microorganisms,0.813462162,Global catalogue of microorganisms,0.813462162,1,,,,
37781910,2023-10-02,http://globalamfungi.com,GlobalAMFungi,0.96868813,,0,GlobalAMFungi,0.96868813,1,,,,
32661237,2020-07-13,http://globalfungi.com,GlobalFungi,0.989663839,,0,GlobalFungi,0.989663839,1,,,,
41268474,2025-11-09,http://globdb.org,GlobDB,0.992856622,,0,GlobDB,0.992856622,1,,,,
39944812,2024-12-01,http://glucogenes.sysbio.ru/genes/main,GlucoGenes,0.950226963,,0,GlucoGenes,0.950226963,1,,,,
37230405,2023-05-23,http://sing-group.org/glutknois,GlutKNOIS,0.993957281,,0,GlutKNOIS,0.993957281,1,,,,
25753716,2015-01-01,http://www.glyco3d.cermav.cnrs.fr,Glyco3D,0.945883989,,0,Glyco3D,0.945883989,1,,,,
22847935,2012-07-30,http://glycosciences.de/glycocd/index.php,GlycoCD,0.997937024,,0,GlycoCD,0.997937024,1,,,,
21591763,2011-06-08,http://betenbaugh.jhu.edu/GlycoFish,GlycoFish,0.797046423,,0,GlycoFish,0.797046423,1,,,,
27436239,2016-07-18,http://apps.connexios.com/glycogait,GlycoGAIT,0.980752434,Glycosylation and Gut Associated Immune,0.728825476,GlycoGAIT,0.980752434,1,,,,
38176651,2024-01-03,http://glycomb.glycosmos.org,GlyComb,0.972090244,,0,GlyComb,0.972090244,1,,,,
26314736,2015-08-28,http://www.glycomob.org,GlycoMob,0.989852786,,0,GlycoMob,0.989852786,1,,,,
33174597,2021-01-01,http://glycopost.glycosmos.org,GlycoPOST,0.993143857,,0,GlycoPOST,0.993143857,1,,,,
30357361,2019-01-01,http://www.glycosciences.de/database,Glycosciences.DB,0.974128564,,0,Glycosciences.DB,0.974128564,1,,,,
34611863,2022-01-01,"http://www.glycostore.org, http://unicarbkb.freshdesk.com",GlycoStore,0.997020781,,0,GlycoStore,0.997020781,1,,,,
31841142,2020-04-01,http://www.glycanstructure.org/glymdb,GlyMDB,0.990882347,Glycan Microarray Database,0.747555542,GlyMDB,0.990882347,1,,,,
"34314492, 26476458, 33125071",2021-12-01,http://data.glygen.org,GlyTouCan,0.994329453,,0,GlyTouCan,0.994329453,3,,,,
39874782,2025-01-23,http://goosedb.com,GMD,0.989836693,Goose Multi-omics Database,0.952137733,GMD,0.989836693,1,,,,
25084271,2014-08-01,http://biotechlab.fudan.edu.cn/database/gmenzy,GMEnzy,0.996969402,,0,GMEnzy,0.996969402,1,,,,
38886537,2024-06-17,http://db.cngb.org/pop/gmgd,GMGD,0.983127415,Guizhou Multi-ethnic Genome Database,0.821276221,GMGD,0.983127415,1,,,,
37620754,2023-08-24,http://guolab.whu.edu.cn/GMMAD,GMMAD,0.992129409,Gut Microbial Metabolite Association with Disease,0.964430213,GMMAD,0.992129409,1,,,,
39163546,2024-08-01,http://www.gmmid.cn,GMMID,0.992969453,genetically modified mice information database,0.70816462,GMMID,0.992969453,1,,,,
"34788838, 31504765",2022-01-01,http://gmrepo.humangut.info,GMrepo,0.998026729,data repository for Gut Microbiota,0.834152177,GMrepo,0.998026729,2,,,,
24767249,2014-04-25,http://mtb.dobzhanskycenter.org,GMTV,0.963946044,Genome-wide Mycobacterium tuberculosis Variation,0.959191367,GMTV,0.963946044,1,,,,
41626543,2025-06-25,http://cbcb.cdutcm.edu.cn/gndc,GNDC,0.991430178,Gene-encoded Natural Diverse Components Repository,0.942651981,GNDC,0.991430178,1,,,,
35434472,2022-03-11,http://sites.tufts.edu/gnha,GNHA,0.991725107,Global Nutrition and Health Atlas,0.927563477,GNHA,0.991725107,1,,,,
35150127,2022-02-01,http://www.oncoimmunobank.cn/index.php,GNIFdb,0.986029565,,0,GNIFdb,0.986029565,1,,,,
34859531,2021-12-16,http://gnomad.broadinstitute.org,gnomAD,0.988560289,Genome Aggregation Database,0.841847384,gnomAD,0.988560289,1,,,,
27504778,2016-08-01,http://gnps.ucsd.edu,GNPS,0.987443785,Global Natural Products Social Molecular Networking,0.953693228,GNPS,0.987443785,1,,,,
"22123736, 25378336",2014-11-06,http://www.ebi.ac.uk/GOA,GOA,0.988438288,Gene Ontology Annotation,0.705664259,GOA,0.988438288,2,,,,
25189782,2014-09-04,http://mygoblet.org/training-portal,GOBLET,0.625621259,,0,GOBLET,0.625621259,1,,,,
"33290552, 27899567, 30395331, 23161678",2021-01-01,http://geneontology.org,GOC,0.951027632,Ontology resource,0.794861913,GOC,0.951027632,4,,,,
39578693,2025-01-01,http://www.genemed.tech/gofcards,GoFCards,0.996933103,,0,GoFCards,0.996933103,1,,,,
"39498478, 36318257, 27794040, 30357420, 33152092, 22135293, 25348402",2025-01-01,http://gold.jgi.doe.gov,GOLD,0.951975763,Genomes OnLine Database,0.946679926,GOLD,0.951975763,7,,,,
23813641,2013-06-27,http://gosyn.bioapps.biozentrum.uni-wuerzburg.de,GoSynthetic,0.995571911,,0,GoSynthetic,0.995571911,1,,,,
36169223,2023-01-01,http://metabolicatlas.org/gotenzymes,GotEnzymes,0.997636378,,0,GotEnzymes,0.997636378,1,,,,
29483591,2018-02-26,http://www.gourdbase.cn,GourdBase,0.99763602,,0,GourdBase,0.99763602,1,,,,
26039571,2015-06-03,http://biocc.hrbmu.edu.cn/GPA,GPA,0.900930822,Gene Perturbation Atlas,0.898518195,GPA,0.900930822,1,,,,
33868597,2021-03-22,http://genemed.tech/gpcards,GPCards,0.997809052,,0,GPCards,0.997809052,1,,,,
39497074,2024-11-04,http://gpcrbs.bigdata.jcmsc.cn,GPCR-BSD,0.98328892,,0,GPCR-BSD,0.98328892,1,,,,
40268234,2025-04-21,http://www.bio2byte.be/gpcrchimeradb,GPCRchimeraDB,0.994766474,,0,GPCRchimeraDB,0.994766474,1,,,,
"39558158, 36395823, 33270898, 29155946, 30664776",2025-01-01,http://gpcrdb.org,GPCRdb,0.993975937,,0,GPCRdb,0.993975937,5,,,,
24304901,2013-12-03,http://www.gpcr.org/7tm,GPCRDB,0.998344004,protein-coupled receptors database,0.987734778,GPCRDB,0.998344004,1,,,,
21337704,2011-01-27,http://gpde.sourceforge.net,GPDE,0.997722995,Griss Proteomics Database Engine,0.943638495,GPDE,0.997722995,1,,,,
34534336,2022-01-01,http://hanlab.uth.edu/GPEdit,GPEdit,0.994580388,,0,GPEdit,0.994580388,1,,,,
34378141,2021-08-06,http://www.gpgenome.com,GPGD,0.995944738,Global Pharmacopoeia Genome Database,0.966468737,GPGD,0.995944738,1,,,,
23798574,2013-06-24,http://ssfa-gphr.de,GPHR,0.621493533,,0,GPHR,0.621493533,1,,,,
35022213,2022-03-01,http://hanlab.tamhsc.edu/GPIeR,GPIeR,0.995520711,Pharmacogenomic,0.811767638,GPIeR,0.995520711,1,,,,
37548539,2023-11-01,http://hanlaboratory.com/GPIP,GPIP,0.893110394,,0,GPIP,0.893110394,1,,,,
27045824,2016-03-01,http://www.bioinformatics.deib.polimi.it/GPKB,GPKB,0.936947525,Genomic and Proteomic Knowledge Base,0.911863849,GPKB,0.936947525,1,,,,
"38000391, 34570219",2024-01-01,http://gproteindb.org,GproteinDb,0.927432239,,0,GproteinDb,0.927432239,2,,,,
30364992,2019-01-01,http://www.ebi.ac.uk/interpro/genomeproperties,GPs,0.745130181,,0,GPs,0.745130181,1,,,,
36416261,2023-01-01,http://www.gpsadb.com,GPSAdb,0.991291881,perturbation database,0.611263484,GPSAdb,0.991291881,1,,,,
32576192,2020-06-23,http://hanlab.uth.edu/GPSno,GPSno,0.970677733,,0,GPSno,0.970677733,1,,,,
"35616118, 31210272",2022-05-01,http://wheat.pw.usda.gov,GrainGenes,0.994854987,Genome Specific Primers,0.700459212,GrainGenes,0.994854987,2,,,,
32163115,2020-06-01,http://ifm.chimie.unistra.fr/grall,GRALL,0.987117052,The Glycine Receptor Allosteric Ligands Library,0.934507086,GRALL,0.987117052,1,,,,
"20931385, 24217918, 28713666, 29165610, 33170273, 22374386",2021-01-01,http://www.gramene.org,Gramene,0.975419879,Gramene Database,0.524727866,Gramene,0.975419879,6,,,,
40214100,2025-04-01,http://oryza.gramene.org,GrameneOryza,0.90705508,,0,GrameneOryza,0.90705508,1,,,,
34508353,2022-01-01,http://grand.networkmedicine.org,GRAND,0.989698291,,0,GRAND,0.989698291,1,,,,
25982315,2015-05-17,http://structuralbiology.cau.edu.cn/GraP,GraP,0.972606599,of,0.77096051,GraP,0.972606599,1,,,,
27098585,2016-04-21,http://biodb.sdau.edu.cn/gc/index.html,Grape-CRISPR,0.896898484,,0,Grape-CRISPR,0.896898484,1,,,,
28231303,2017-02-23,http://www.psychology.nottingham.ac.uk/greeklex,GreekLex,0.941649795,,0,GreekLex,0.941649795,1,,,,
"34723326, 26578586, 30945200",2022-01-01,http://greenc.sequentiabiotech.com/wiki2/Main_Page,GreeNC,0.990412146,Green Non-Coding Database,0.961594979,GreeNC,0.990412146,3,,,,
40912654,2025-09-03,http://greencells.liu-lab.com,GreenCells,0.994809747,,0,GreenCells,0.994809747,1,,,,
32510565,2020-01-01,http://greencirc.cn,GreenCircRNA,0.994266331,,0,GreenCircRNA,0.994266331,1,,,,
34639237,2021-10-08,http://bioinfo.usu.edu/GreeningDB,GreeningDB,0.995977521,,0,GreeningDB,0.995977521,1,,,,
33237299,2021-01-01,http://www.greenphyl.org,GreenPhylDB,0.997109532,,0,GreenPhylDB,0.997109532,1,,,,
32055858,2020-01-01,http://mora-lab.github.io/projects/greg.html,GREG,0.972979486,The Gene Regulation Graph Database,0.943068614,GREG,0.972979486,1,,,,
33252190,2020-11-30,http://lmc.uab.es/grindb,GRINdb,0.997000337,RIN database,0.806897382,GRINdb,0.997000337,1,,,,
21410407,2011-03-17,http://grip.cbrc.jp/GDB/index.html,GRIPDB,0.932066238,coupled Receptor Interaction Partners DataBase,0.720138676,GRIPDB,0.932066238,1,,,,
35133406,2022-02-01,http://www.sicklecellcenters.org,GRNDaD,0.995435655,,0,GRNDaD,0.995435655,1,,,,
33151298,2021-01-01,http://www.grndb.com,GRNdb,0.997971952,,0,GRNdb,0.997971952,1,,,,
22238269,2012-01-11,http://virtualchemistry.org,GROMACS,0.992195368,,0,GROMACS,0.992195368,1,,,,
31725863,2017-01-01,http://bioinfo.tmu.edu.cn/GRONS,GRONS,0.979251385,Genetic Resources Of Nicotine and Smoking,0.928520481,GRONS,0.979251385,1,,,,
36178800,2022-09-30,http://groov.bio,GroovDB,0.996451378,,0,GroovDB,0.996451378,1,,,,
36275551,2022-10-06,http://grop.site,GROP,0.951610684,Genomic Information Repository for Oil Plants,0.79607489,GROP,0.951610684,1,,,,
28365739,2017-01-01,http://www.grtedb.org,GrTEdb,0.997847676,Gossypium raimondii transposable elements database,0.843352804,GrTEdb,0.997847676,1,,,,
28387199,2017-02-02,"http://bigd.big.ac.cn/gsa, http://gsa.big.ac.cn",GSA,0.994967302,Genome Sequence Archive,0.958378598,GSA,0.994967302,1,,,,
31608375,2019-01-01,http://www.asteraceaegenomesize.com,GSAD,0.995496213,Genome Size in Asteraceae Database,0.987456696,GSAD,0.995496213,1,,,,
32758136,2020-08-05,http://sysbio.rnet.missouri.edu/3dgenome/GSDB,GSDB,0.924460858,Genome Structure Database,0.767952025,GSDB,0.924460858,1,,,,
39546404,2024-11-01,http://bioinfo.icgeb.res.in/gsmdb,GSMDB,0.997486293,Genomic SSR Millets Database,0.983973469,GSMDB,0.997486293,1,,,,
34520557,2022-01-01,http://gtdb.ecogenomic.org,GTDB,0.994274755,The Genome Taxonomy Database,0.754523645,GTDB,0.994274755,1,,,,
37897341,2024-01-01,http://www.guidetopharmacology.org,GtoPdb,0.997030616,The,0.913400292,GtoPdb,0.997030616,1,,,,
23193275,2012-11-27,http://www.ncbi.nlm.nih.gov/gtr,GTR,0.947066327,Testing Registry,0.783265024,GTR,0.947066327,1,,,,
"30445619, 33231677, 27924024",2021-01-01,http://gtrd.biouml.org,GTRD,0.998025298,Gene Transcription Regulation Database,0.985109007,GTRD,0.998025298,3,,,,
26673694,2015-12-15,http://gtrnadb.ucsc.edu,GtRNAdb,0.991023004,Genomic,0.679828405,GtRNAdb,0.991023004,1,,,,
24428872,2014-01-15,http://www.GuavaH.org,GuavaH,0.995271742,,0,GuavaH,0.995271742,1,,,,
41381457,2025-12-11,http://db.cngb.org/genomics/datasets/GDS0000055,GPB,0.933140437,Gut Phage Biobank,0.95255787,Gut Phage Biobank,0.95255787,1,,,,
39944117,2025-01-09,http://metabiosys.iiserb.ac.in/gutbugdb,GutBugDB,0.997995784,,0,GutBugDB,0.997995784,1,,,,
31509535,2019-09-11,http://hive.biochemistry.gwu.edu/gfkb,GutFeelingKB,0.991220474,,0,GutFeelingKB,0.991220474,1,,,,
"36215029, 31584099",2023-01-01,http://bio-annotation.cn/gutMDisorder,gutMDisorder,0.997505665,,0,gutMDisorder,0.997505665,2,,,,
32496513,2021-05-01,http://gutmega.omicsbio.info,gutMEGA,0.989511013,gut MEtaGenome Atlas,0.956748178,gutMEGA,0.989511013,1,,,,
39526401,2025-01-01,http://gutmetanet.deepomics.org,GutMetaNet,0.997477591,,0,GutMetaNet,0.997477591,1,,,,
"29069473, 33170268",2021-01-01,http://bigd.big.ac.cn/gvm,GVM,0.997632504,Genome Variation Map,0.979110241,GVM,0.997632504,2,,,,
30445434,2019-01-01,http://www.ebi.ac.uk/gwas,GWAS,0.68312782,,0,GWAS,0.68312782,1,,,,
"36263826, 31566222",2023-01-01,http://ngdc.cncb.ac.cn/gwas,GWAS Atlas,0.990907868,,0,GWAS Atlas,0.990907868,2,,,,
"36350644, 24301061, 31612961",2023-01-01,http://www.gwascentral.org,GWAS Central,0.977628668,,0,GWAS Central,0.977628668,3,,,,
"22139925, 26615194",2015-11-28,http://jjwanglab.org/gwasdb,GWASdb,0.991770446,,0,GWASdb,0.991770446,2,,,,
39380491,2025-01-01,http://www.gwashug.com,GWAShug,0.996551991,,0,GWAShug,0.996551991,1,,,,
35662458,2022-04-27,http://www.gwyre.org,GWYRE,0.990825593,Genome Wide PhYRE,0.958954649,GWYRE,0.990825593,1,,,,
"31231515, 31559014, 31290545, 29527288, 27158451, 27158452",2019-03-13,http://vri1.gxbsidra.org/dm3/geneBrowser/list,GXB,0.902687609,,0,GXB,0.902687609,6,,,,
"33104772, 24163257",2021-01-01,"http://www.ebi.ac.uk/arrayexpress/, http://www.ncbi.nlm.nih.gov/geo",GXD,0.998189569,Expression Database,0.871181101,GXD,0.998189569,2,,,,
22016855,2011-07-01,http://gydb.org/index.php/Mobilomics,GyDB,0.945335805,Gypsy Database concerning Mobile Genetic,0.892279019,GyDB,0.945335805,1,,,,
40052362,2025-03-01,http://blogs.upm.es/gymnotoa-db/2024/09/19/gymnotoa-app,gymnotoa-db,0.992522347,,0,gymnotoa-db,0.992522347,1,,,,
"23245335, 23197657",2012-12-17,"http://hinv.jp/, http://hinv.jp/hinv/h-epd",H-InvDB,0.99724789,H-Invitational Database,0.770428264,H-InvDB,0.99724789,2,,,,
23193255,2012-11-27,http://tga.nig.ac.jp/h2db,H2DB,0.996937255,,0,H2DB,0.996937255,1,,,,
33413085,2021-01-07,http://www.zhounan.org/h2v,H2V,0.848025173,,0,H2V,0.848025173,1,,,,
30247654,2019-01-01,http://bioinfo.vanderbilt.edu/AE/HACER,HACER,0.997927487,,0,HACER,0.997927487,1,,,,
30395284,2019-01-01,http://www.haemosphere.org,Haemopedia,0.996026993,,0,Haemopedia,0.996026993,1,,,,
"37933854, 23193293, 29121237",2024-01-01,http://genomics.senescence.info,HAGR,0.996995687,Human Ageing Genomic Resources,0.98925361,HAGR,0.996995687,3,,,,
33259604,2020-12-01,http://www.hahmirdb.in,HAHmiR.DB,0.977624993,High-Altitude Human miRNA Database,0.911724165,HAHmiR.DB,0.977624993,1,,,,
39427574,2024-10-16,http://www.hairdb.ca,HairDB,0.99580276,,0,HairDB,0.99580276,1,,,,
37870433,2024-01-01,http://ngdc.cncb.ac.cn/hall/index,HALL,0.993658155,Human Aging and Longevity Landscape,0.950969994,HALL,0.993658155,1,,,,
29796383,2018-01-15,http://www.halodom.bio.auth.gr,HaloDom,0.946077734,,0,HaloDom,0.946077734,1,,,,
22613085,2012-05-20,http://haltorf.roucoulab.com,HAltORF,0.995966196,Human alternative open reading frames,0.858935988,HAltORF,0.995966196,1,,,,
30066211,2018-07-31,http://hamdb.scbdd.com,HAMdb,0.991403401,Human Autophagy Modulator Database,0.978727545,HAMdb,0.991403401,1,,,,
26510927,2015-10-28,http://www.handdatabase.org,HAND,0.570083857,,0,HAND,0.570083857,1,,,,
22064851,2011-11-07,http://compbio.mit.edu/HaploReg,HaploReg,0.996389806,,0,HaploReg,0.996389806,1,,,,
28212602,2017-02-17,http://discovery.informatics.uab.edu/HAPPI,HAPPI,0.973021567,Human Annotated and Predicted Protein Interactions,0.80146156,HAPPI,0.973021567,1,,,,
35799352,2022-09-01,http://hariboss.pasteur.cloud,HARIBOSS,0.994209945,Harnessing RIBOnucleic acid-Small molecule Structures,0.862408446,HARIBOSS,0.994209945,1,,,,
39565209,2025-01-01,http://maayanlab.cloud/Harmonizome,Harmonizome,0.969563603,,0,Harmonizome,0.969563603,1,,,,
23095476,2012-10-25,http://algae.manoa.hawaii.edu/hfwadb,HfwADB,0.964678764,Hawaiian Freshwater Algal Database,0.969474773,Hawaiian Freshwater Algal Database,0.969474773,1,,,,
31976536,2020-01-01,http://hbdb.cmdm.tw,HBDB,0.696552753,Human Breathomics Database,0.63233763,HBDB,0.696552753,1,,,,
34642750,2021-10-01,http://bmbl.bmi.osumc.edu/HBFP,HBFP,0.931257725,human body fluid proteome,0.65359441,HBFP,0.931257725,1,,,,
33125055,2021-01-01,http://globin.bx.psu.edu/hbvar,HbVar,0.997882962,,0,HbVar,0.997882962,1,,,,
23125365,2012-11-03,http://hbvdb.ibcp.fr,HBVdb,0.996498883,,0,HBVdb,0.996498883,1,,,,
38156953,2023-12-29,http://nscc.v.zzu.edu.cn/hccTAAb,hccTAAb,0.985951662,,0,hccTAAb,0.985951662,1,,,,
36420558,2022-11-01,http://hainmu-biobigdata.com/hcdt,HCDT,0.968324661,,0,HCDT,0.968324661,1,,,,
29088455,2018-01-01,http://hcmdb.i-sanger.com/index,HCMDB,0.996219456,human cancer metastasis database,0.887695861,HCMDB,0.996219456,1,,,,
35348639,2022-03-01,http://hcoronaviruses.net,hCoronavirusesDB,0.909270309,Human Coronaviruses,0.698502203,hCoronavirusesDB,0.909270309,1,,,,
41294289,2025-01-01,http://hcovdb.denglab.org,HCoVDB,0.99804312,,0,HCoVDB,0.99804312,1,,,,
28529078,2017-04-29,http://bioinfo.au.tsinghua.edu.cn/member/xwwang/HCSGD,HCSGD,0.997187793,Human Cellular Senescence Gene Database,0.987302474,HCSGD,0.997187793,1,,,,
27527702,2016-08-15,http://www.hcvivdb.org,HCVIVdb,0.992048419,HCV IRES variation database,0.664026876,HCVIVdb,0.992048419,1,,,,
21930248,2011-09-09,"http://apps.sanbi.ac.za/hcvpro/, http://cbrc.kaust.edu.sa/hcvpro",HCVpro,0.997242883,hepatitis C virus protein interaction database,0.859147181,HCVpro,0.997242883,1,,,,
23369322,2013-01-23,http://www.megabionet.org/HDAM,HDAM,0.990325689,Human Disease Associated Mutation,0.949979091,HDAM,0.990325689,1,,,,
33439542,2021-01-13,http://humandiseasegenes.info,HDG,0.937619388,Human Disease Genes website series,0.917995095,HDG,0.937619388,1,,,,
26631432,2015-11-27,http://humandiseaseinsight.com,HDI,0.979960263,Human Disease Insight,0.578439275,HDI,0.979960263,1,,,,
30053237,2018-01-01,http://hdncrna.cardiacdev.com,HDncRNA,0.996445835,Heart Disease-related Non-coding RNAs Database,0.990663501,HDncRNA,0.996445835,1,,,,
28701700,2017-07-12,http://hdnetdb.sysbiolab.eu,HDNetDB,0.996480525,,0,HDNetDB,0.996480525,1,,,,
32422927,2020-05-14,http://hdvdb.bio.wzw.tum.de,HDVdb,0.997277975,,0,HDVdb,0.997277975,1,,,,
33382884,2020-12-01,http://www.heartbioportal.com,HeartBioPortal,0.983459532,,0,HeartBioPortal,0.983459532,1,,,,
"29077884, 28025347",2018-01-01,http://zdzlab.einstein.yu.edu/1/hedd.php,HEDD,0.985895932,Human Enhancer Disease Database,0.981465423,HEDD,0.985895932,2,,,,
36450875,2022-11-30,http://www.helianthome.org,HeliantHOME,0.994782984,,0,HeliantHOME,0.994782984,1,,,,
25030426,2014-07-16,http://helicobacter.um.edu.my,HelicoBase,0.996223032,,0,HelicoBase,0.996223032,1,,,,
21760913,2011-07-08,http://www.nematode.net/helmcop.html,HelmCoP,0.995496631,Helminth Control,0.556904441,HelmCoP,0.995496631,1,,,,
23281827,2012-12-13,http://estexplorer.biolinfo.org/hsd,HSD,0.909700066,Helminth Secretome Database,0.980656524,Helminth Secretome Database,0.980656524,1,,,,
39724337,2025-05-01,http://hemacisdb.chinablood.com.cn,HemaCisDB,0.990819335,,0,HemaCisDB,0.990819335,1,,,,
23143109,2012-11-09,http://servers.binf.ku.dk/hemaexplorer,HemaExplorer,0.986351252,,0,HemaExplorer,0.986351252,1,,,,
40106419,2025-05-01,http://ngdc.cncb.ac.cn/hematlas,HemAtlas,0.996332884,,0,HemAtlas,0.996332884,1,,,,
22761927,2012-06-25,http://mdl.shsmu.edu.cn/HEMD,HEMD,0.996305764,human epigenetic enzyme and modulator database,0.944263808,HEMD,0.996305764,1,,,,
28708269,2017-08-09,http://www.researchdsf.unict.it/hemeoxdb,HemeOxDB,0.994890809,Heme Oxygenase Database,0.953735838,HemeOxDB,0.994890809,1,,,,
"26953092, 24174543",2016-03-08,http://crdd.osdd.net/raghava/hemopi,Hemolytik,0.997379065,,0,Hemolytik,0.997379065,2,,,,
23913812,2013-09-09,"http://hadb.org.uk/, http://www.kcl.ac.uk/ip/petergreen/haemBdatabase.html",,0,Hemophilia A Database,0.782407534,Hemophilia A Database,0.782407534,1,,,,
22064861,2011-11-07,http://hfv.lanl.gov,HFV,0.767522514,hemorrhagic fever virus database,0.78576076,hemorrhagic fever virus database,0.78576076,1,,,,
32179762,2020-03-16,http://www.hepamine.de,Hepamine,0.994047046,,0,Hepamine,0.994047046,1,,,,
27976751,2016-11-15,http://www.expmedndm.ox.ac.uk/hepitopes,Hepitopes,0.971835365,,0,Hepitopes,0.971835365,1,,,,
33119754,2021-01-01,http://hanlab.uth.edu/HeRA,HeRA,0.993696928,Human enhancer RNA Atlas,0.875278735,HeRA,0.993696928,1,,,,
41322003,2025-11-06,http://herbcomb.com,HerbComb,0.99537158,,0,HerbComb,0.99537158,1,,,,
24670875,2014-03-27,http://crdd.osdd.net/raghava/herceptinr,HerceptinR,0.99444294,Herceptin,0.511912823,HerceptinR,0.99444294,1,,,,
28549078,2017-10-01,http://bidd2.nus.edu.sg/herod/index.php,HEROD,0.983515739,,0,HEROD,0.983515739,1,,,,
37870452,2024-01-01,http://ngdc.cncb.ac.cn/hervd,HervD,0.969948351,,0,HervD,0.969948351,1,,,,
24857969,2014-05-24,http://www.jcbi.ru/lp_baze,HeteroGenome,0.967456996,,0,HeteroGenome,0.967456996,1,,,,
30196115,2018-08-01,http://qianlab.genetics.ac.cn/HeteroMeth,HeteroMeth,0.987609446,,0,HeteroMeth,0.987609446,1,,,,
22874333,2012-01-01,http://hetop.eu,HeTOP,0.993553936,The Health Terminology/Ontology Portal,0.898625046,HeTOP,0.993553936,1,,,,
23118488,2012-10-31,http://hexevent.mmg.uci.edu,HEXEvent,0.995822012,,0,HEXEvent,0.995822012,1,,,,
34164644,2021-06-23,http://sysbio.org.cn/HFBD,HFBD,0.994234284,HF biomarker knowledge database,0.968227565,HFBD,0.994234284,1,,,,
34791105,2021-11-01,http://heartfailure.medical-bigdata.com,HFIP,0.989193519,Heart Failure Integrated Platform,0.772608399,HFIP,0.989193519,1,,,,
30032758,2018-05-12,http://www.fecalmetabolome.ca,HFMDB,0.992333651,human fecal metabolome database,0.964461486,HFMDB,0.992333651,1,,,,
33417691,2021-01-01,http://hgfdb.ynau.edu.cn,HGFDB,0.996328712,Helmeted Guinea Fowl Database,0.954183638,HGFDB,0.996328712,1,,,,
"22948725, 24077912, 28349240",2017-03-27,http://www.hgmd.org,HGMD,0.993344128,Human Gene Mutation Database,0.954743373,HGMD,0.993344128,3,,,,
"23245209, 30304474",2019-01-01,http://www.genenames.org,HGNC,0.797803879,,0,HGNC,0.797803879,2,,,,
22140100,2011-12-02,http://www.HGPD.jp,HGPD,0.996275783,Human Gene and Protein Database,0.967167735,HGPD,0.996275783,1,,,,
23717556,2013-05-22,http://www.bioapp.org/hgpgd,HGPGD,0.977447295,human gene population genetic difference database,0.925682147,HGPGD,0.977447295,1,,,,
"36350646, 26578597",2023-01-01,http://hgtree2.snu.ac.kr,HGTree,0.998615086,,0,HGTree,0.998615086,2,,,,
25502817,2014-12-13,http://genome.igib.res.in/hgvtb/index.html,HGV&TB,0.993074507,,0,HGV&TB,0.993074507,1,,,,
37897357,2024-01-01,http://hhcdb.edbc.org,HHCDB,0.995392084,Human Heterochromatin Chromatin Database,0.991720021,HHCDB,0.995392084,1,,,,
36215037,2023-01-01,http://health.tsinghua.edu.cn/hichipdb,HiChIPdb,0.997750223,,0,HiChIPdb,0.997750223,1,,,,
28083826,2017-06-01,http://medisp.bme.teiath.gr/hicl,HICL,0.993846953,,0,HICL,0.993846953,1,,,,
27742821,2016-10-13,http://hieranoiDB.sbc.su.se,HieranoiDB,0.9942801,,0,HieranoiDB,0.9942801,1,,,,
25450223,2014-10-14,http://bioserver1.physics.iisc.ernet.in/HIGDB,HIGDB,0.955801189,Haemophilus influenzae Genome Database,0.94999705,HIGDB,0.955801189,1,,,,
37291174,2023-06-08,http://www.altitudeomicsdb.in,HighAltitudeOmicsDB,0.997000575,,0,HighAltitudeOmicsDB,0.997000575,1,,,,
38519883,2024-03-22,http://hihisiv.github.io,HIHISIV,0.995538235,,0,HIHISIV,0.995538235,1,,,,
22846459,2012-07-30,http://hint.yulab.org,HINT,0.995340347,,0,HINT,0.995340347,1,,,,
22123737,2011-11-28,http://hiPathDB.kobic.re.kr,hiPathDB,0.997191489,,0,hiPathDB,0.997191489,1,,,,
23958730,2013-08-19,"http://www.nyu.edu/projects/arora/hippdb, http://code.google.com/p/helidb",HippDB,0.994108021,,0,HippDB,0.994108021,1,,,,
27113915,2016-04-26,http://hipposeq.janelia.org,Hipposeq,0.914798081,,0,Hipposeq,0.914798081,1,,,,
27733501,2016-10-12,"http://www.hipsci.org/lines, http://www.hipsci.org/data/trackhubs",HipSci,0.994878662,Human Induced Pluripotent Stem Cell Initiative,0.975116302,HipSci,0.994878662,1,,,,
33677507,2021-03-01,http://human.biomedtzc.cn,HIR,0.787795722,,0,HIR,0.787795722,1,,,,
38426331,2024-03-01,http://hiresist.ahc.umn.edu,HIResist,0.981622994,,0,HIResist,0.981622994,1,,,,
31725860,2017-01-01,http://biokb.ncpsb.org/HisgAtlas,HisgAtlas,0.997663379,,0,HisgAtlas,0.997663379,1,,,,
33984507,2021-05-10,http://reprod.njmu.edu.cn/hisphossite,HisPhosSite,0.988221288,,0,HisPhosSite,0.988221288,1,,,,
22140112,2011-12-02,"http://www.iiserpune.ac.in, http://www.actrec.gov.in/histome",HIstome,0.995750725,,0,HIstome,0.995750725,1,,,,
26212453,2015-07-23,http://www.histoneantibodies.com,,0,Histone Antibody Specificity Database,0.951532856,Histone Antibody Specificity Database,0.951532856,1,,,,
26989147,2016-03-17,http://www.ncbi.nlm.nih.gov/projects/HistoneDB2.0,HistoneDB,0.99104923,,0,HistoneDB,0.99104923,1,,,,
34986599,2022-01-01,http://hit2.badd-cao.net,HIT,0.926415443,,0,HIT,0.926415443,1,,,,
26708988,2015-12-26,http://hintdb.hgc.jp/htp,HitPredict,0.99754715,,0,HitPredict,0.99754715,1,,,,
28358052,2017-03-30,http://hivlatency.erc.monash.edu,HIVed,0.991903603,database,0.602060437,HIVed,0.991903603,1,,,,
28365729,2017-01-01,http://portugene.com/HIVoligoDB,HIVoligoDB,0.98352025,The HIV oligonucleotide database,0.841203025,HIVoligoDB,0.98352025,1,,,,
22022467,2011-10-11,http://crdd.osdd.net/raghava/hivsir,HIVsirDB,0.950383782,,0,HIVsirDB,0.950383782,1,,,,
31783725,2019-11-29,http://zhaoserver.com.cn/HKPocket/HKPocket.html,HKPocket,0.97285378,Human Kinase Pocket,0.730029374,HKPocket,0.97285378,1,,,,
27189608,2016-05-17,http://www.allelefrequencies.net/hla-adr,HLA-ADR,0.913742805,Allele Frequency Net Database,0.807270408,HLA-ADR,0.913742805,1,,,,
23584836,2013-04-12,http://lysosome.unipg.it,hLGDB,0.994743705,Human Lysosome Gene Database,0.979168455,hLGDB,0.994743705,1,,,,
40971677,2025-10-01,http://ngdc.cncb.ac.cn/hiland,HLR,0.991792321,,0,HLR,0.991792321,1,,,,
26209309,2015-07-24,http://www.metabolicatlas.org,HMA,0.983201583,human metabolic atlas,0.734993324,HMA,0.983201583,1,,,,
21450710,2011-03-30,http://jilab.biostat.jhsph.edu/database/cgi-bin/hmChIP.pl,hmChIP,0.998008847,,0,hmChIP,0.998008847,1,,,,
"37650649, 30364956, 24194601",2024-01-01,http://www.cuilab.cn/hmdd,HMDD,0.997899234,Human microRNA Disease Database,0.991232157,HMDD,0.997899234,3,,,,
39545396,2024-11-15,http://herpdb.com,HMicroDB,0.997465953,herpetofaunal microbiota database,0.924257125,HMicroDB,0.997465953,1,,,,
41253219,2025-11-16,http://ddd.agounikhanlabs.com/hmpvetherpresdb/index.php,HMPV-TherRes,0.997018655,,0,HMPV-TherRes,0.997018655,1,,,,
37291365,2023-06-08,"http://crdd.osdd.net/raghava/hmrbase/, http://webs.iiitd.edu.in/raghava/hmrbase2",Hmrbase2,0.993976235,,0,Hmrbase2,0.993976235,1,,,,
"27899581, 22139932",2016-11-28,http://www.hmtdb.uniba.it,HmtDB,0.998390019,,0,HmtDB,0.998390019,2,,,,
30371888,2019-01-01,http://www.hmtvar.uniba.it,HmtVar,0.997302175,,0,HmtVar,0.997302175,1,,,,
31139565,2019-05-14,http://hncdb.cancerbio.info,HNCDB,0.998145655,Head and Neck Cancer Database,0.987272012,HNCDB,0.998145655,1,,,,
22024348,2011-10-22,http://gyanxet.com/hno.html,HNOCDB,0.997382939,,0,HNOCDB,0.997382939,1,,,,
"26586801, 23175603",2015-11-19,"http://hocomoco.autosome.ru, http://www.cbrc.kaust.edu.sa/hocomoco10",HOCOMOCO,0.995230079,Homo sapiens comprehensive model collection,0.977648824,HOCOMOCO,0.995230079,2,,,,
21435384,2011-03-22,http://hoctar.tigem.it,HOCTARdb,0.978390336,,0,HOCTARdb,0.978390336,1,,,,
34846641,2021-11-30,http://bio-bigdata.cn/HODD,HODD,0.994872093,Human Ophthalmic Diseases Database,0.989201119,HODD,0.994872093,1,,,,
39797569,2025-01-01,http://www.holofooddata.org,HoloFood,0.988383889,,0,HoloFood,0.988383889,1,,,,
24931751,2014-07-01,http://www.carstens-stiftung.de/hombrex,HomBRex,0.99716574,Homeopathy Basic Research experiments,0.989604324,HomBRex,0.99716574,1,,,,
29760467,2018-05-03,http://www.sklod.org/ombc,HOMD,0.944250524,Human Oral Microbiome Database,0.942544252,HOMD,0.944250524,1,,,,
23016940,2011-11-01,http://homeodb.zoo.ox.ac.uk,HomeoDB2,0.997463286,Homeobox gene database,0.984303606,HomeoDB2,0.997463286,1,,,,
22165817,2011-10-18,http://bio.informatics.iupui.edu/homer,HOMER,0.992719769,Human Organ-specific Molecular,0.831779265,HOMER,0.992719769,1,,,,
24137008,2013-10-16,http://mips.helmholtz-muenchen.de/HoPaCI,HoPaCI-DB,0.997813225,host-Pseudomonas and Coxiella interaction database,0.856298451,HoPaCI-DB,0.997813225,1,,,,
28415075,2017-01-01,"http://hopbase.org, http://hopbase.cgrb.oregonstate.edu",HopBase,0.980602145,,0,HopBase,0.980602145,1,,,,
23585031,2013-01-01,http://genome.weizmann.ac.il/horde,HORDE,0.991316095,Human Olfactory Receptor Data Explorer,0.980134517,HORDE,0.991316095,1,,,,
29315358,2018-01-01,"http://lpa.saogabriel.unipampa.edu.br, http://lpa.saogabriel.unipampa.edu.br:8080/httdatabase",HTT-DB,0.735216126,Horizontal Transposon Transfer DataBase,0.841958195,Horizontal Transposon Transfer DataBase,0.841958195,1,,,,
25178365,2014-09-01,http://snugenome2.snu.ac.kr/HSDB,HSDB,0.980438848,Horse Single Nucleotide Polymorphism and Expression Database,0.986536476,Horse Single Nucleotide Polymorphism and Expression Database,0.986536476,1,,,,
22080558,2011-11-12,http://prism.ccbb.ku.edu.tr/hotregion,HotRegion,0.989635229,,0,HotRegion,0.989635229,1,,,,
29028885,2018-01-01,http://hotresdb.bu.edu,HoTResDB,0.99197798,Host Transcriptional Response DataBase,0.976372804,HoTResDB,0.99197798,1,,,,
32315389,2020-06-01,http://niulab.scgrid.cn/HotSpot3D,HotSpot3D,0.995569845,,0,HotSpot3D,0.995569845,1,,,,
"29532461, 33074547",2021-01-01,http://cell-innovation.nig.ac.jp/Hpul,HpBase,0.998306155,,0,HpBase,0.998306155,2,,,,
37730114,2023-09-18,http://www.yulpan.top/HPC-Atlas,HPC-Atlas,0.985667419,Human Protein Complexes Atlas,0.910588443,HPC-Atlas,0.985667419,1,,,,
27374121,2016-07-03,http://www.agbase.msstate.edu/hpi/main.html,HPIDB,0.988542557,,0,HPIDB,0.988542557,1,,,,
26578596,2015-11-17,http://www.hpmcd.org,HPMC,0.989222422,Human Pan-Microbe Communities,0.749896427,HPMC,0.989222422,1,,,,
24217912,2013-11-11,http://www.human-phenotype-ontology.org,HPO,0.964736124,The Human Phenotype Ontology project,0.657915694,HPO,0.964736124,1,,,,
33136065,2020-11-03,http://bioinfo.bdu.ac.in/hprep,HPREP,0.984554529,,0,HPREP,0.984554529,1,,,,
25468930,2014-12-01,http://webapp.cabgrid.res.in/protein,HProtDB,0.989957288,Halophile protein database,0.916799814,HProtDB,0.989957288,1,,,,
36243970,2023-01-01,http://galaxy.seoklab.org/hproteome-bsite/database,HProteome-BSite,0.804648817,,0,HProteome-BSite,0.804648817,1,,,,
32707486,2020-06-27,http://hpscreg.eu,hPSCreg,0.988741887,Human Pluripotent Stem Cell Registry,0.973995652,hPSCreg,0.988741887,1,,,,
35348640,2022-03-01,http://bioinfo.zstu.edu.cn/hpv,HPVMD-C,0.967800489,mutation database,0.803017676,HPVMD-C,0.967800489,1,,,,
24150944,2013-10-22,http://bioinfo.protres.ru/hrap,HRaP,0.996109843,,0,HRaP,0.996109843,1,,,,
26657893,2015-12-12,http://plantgrn.noble.org/hrgrn,HRGRN,0.979772747,,0,HRGRN,0.979772747,1,,,,
23936191,2013-07-30,http://mips.helmholtz-muenchen.de/HSC,HSC-Explorer,0.983055544,,0,HSC-Explorer,0.983055544,1,,,,
39470706,2025-01-01,http://www.hscgd.com,HSCGD,0.996927142,,0,HSCGD,0.996927142,1,,,,
36208223,2022-10-01,http://hsdfinder.com/database,HSDatabase,0.983605266,,0,HSDatabase,0.983605266,1,,,,
34032471,2021-05-25,http://salivaryproteome.nidcr.nih.gov,HSP,0.977086564,Human Salivary Proteome Wiki,0.836235136,HSP,0.977086564,1,,,,
22923302,2012-08-24,http://pdslab.biochem.iisc.ernet.in/hspir,HSPIR,0.99661684,Heat shock protein information resource,0.949629581,HSPIR,0.99661684,1,,,,
32090260,2020-01-01,http://bioinfo.imtech.res.in/bvs/hspmdb/index.php,HSPMdb,0.998334646,,0,HSPMdb,0.998334646,1,,,,
24558441,2014-02-18,http://htd.cbi.pku.edu.cn,HTD,0.994018674,Transporter Database,0.934127271,HTD,0.994018674,1,,,,
32858223,2020-04-01,http://bioinfo.life.hust.edu.cn/hTFtarget,hTFtarget,0.996637821,,0,hTFtarget,0.996637821,1,,,,
40027488,2025-01-28,http://yanglab.hzau.edu.cn/HTIRDB,HTIRDB,0.998235822,Herbivore Transcriptome Integrated Resource Database,0.971669823,HTIRDB,0.998235822,1,,,,
40200282,2025-04-08,http://kobic.re.kr/htp,HTP,0.90405266,HepatoToxicity Portal,0.721771508,HTP,0.90405266,1,,,,
22900683,2012-08-17,http://www.lbbc.ibb.unesp.br/htri,HTRIdb,0.992245674,Human Transcriptional Regulation Interactions database,0.976327971,HTRIdb,0.992245674,1,,,,
24122843,2013-10-11,http://hts.cancerresearchuk.org/db/public,HTS-DB,0.993688151,,0,HTS-DB,0.993688151,1,,,,
40853437,2025-08-25,http://www.generisk.in/HTSNPedia/main.html,HTSNPedia,0.994867921,,0,HTSNPedia,0.994867921,1,,,,
25940562,2015-05-04,http://lpa.saogabriel.unipampa.edu.br:8080/httdatabase,HTT-DB,0.982042775,,0,HTT-DB,0.982042775,1,,,,
33973408,2021-05-01,http://humap2.proteincomplexes.org,hu.MAP,0.995122343,,0,hu.MAP,0.995122343,1,,,,
34606616,2022-01-01,http://huarc.net/database,huARdb,0.997068882,human Antigen Receptor database,0.990348091,huARdb,0.997068882,1,,,,
22134927,2011-11-30,http://202.38.126.151/hmdd/hubi,hUbiquitome,0.99319154,Really Interesting New Gene,0.800637662,hUbiquitome,0.99319154,1,,,,
41455991,2025-12-27,http://hubmet.app.bio-it.tech/home,HUBMet,0.998417377,,0,HUBMet,0.998417377,1,,,,
28967693,2017-10-17,http://huma.rubi.ru.ac.za,HUMA,0.995447814,Analysis,0.605870187,HUMA,0.995447814,1,,,,
37216609,2023-07-01,http://archeogenomics.eu,Human AGEs,0.898799419,,0,Human AGEs,0.898799419,1,,,,
25348409,2014-10-27,http://www.disease-ontology.org,,0,Human Disease Ontology,0.669468194,Human Disease Ontology,0.669468194,1,,,,
35124170,2022-02-03,http://www.eye-transcriptome.com,,0,Human Eye Transcriptome Atlas,0.717095292,Human Eye Transcriptome Atlas,0.717095292,1,,,,
26911352,2016-02-25,http://www.genome.med.kyoto-u.ac.jp/SnpDB,,0,Human genetic variation database,0.794143543,Human genetic variation database,0.794143543,1,,,,
38995053,2024-07-12,http://39.101.72.186,,0,human gut microbiota ROSes,0.650963134,human gut microbiota ROSes,0.650963134,1,,,,
23504933,2013-03-01,"http://www.humanproteinpedia.org, http://www.hprd.org",Human Proteinpedia,0.979407251,,0,Human Proteinpedia,0.979407251,1,,,,
23436708,2013-03-06,http://reprod.njmu.edu.cn/htpd,HTPD,0.979909778,Human Testis Proteome Database,0.981758612,Human Testis Proteome Database,0.981758612,1,,,,
35356543,2022-03-07,http://bio-bigdata.hrbmu.edu.cn/HVPPI,HVPPI,0.991107196,Human-Virus Protein-Protein Interaction database,0.99244289,Human-Virus Protein-Protein Interaction database,0.99244289,1,,,,
33221926,2021-01-01,http://webapp.ufz.de/hmgdb,HumanMetagenomeDB,0.983011484,,0,HumanMetagenomeDB,0.983011484,1,,,,
35820040,2022-07-01,http://www.humanmine.org,HumanMine,0.984314322,,0,HumanMine,0.984314322,1,,,,
"34747468, 30418591",2022-01-01,http://www.inetbio.org/humannet,HumanNet,0.986103296,,0,HumanNet,0.986103296,2,,,,
40045180,2025-05-01,http://shalab.njmu.edu.cn/humantestisdb,HumanTestisDB,0.994882178,Human Testis Database,0.815348729,HumanTestisDB,0.994882178,1,,,,
30999860,2019-04-18,http://webs.iiitd.edu.in/raghava/humcfs,HumCFS,0.988169968,,0,HumCFS,0.988169968,1,,,,
34330336,2021-07-31,http://arken.nmbu.no,HumGut,0.968026817,,0,HumGut,0.968026817,1,,,,
22804825,2012-08-24,http://hupho.uniroma2.it,HuPho,0.995498061,human phosphatase portal,0.886762607,HuPho,0.995498061,1,,,,
39155985,2024-08-02,http://kaabil.net/hupoxnet,HuPoxNET,0.996625006,,0,HuPoxNET,0.996625006,1,,,,
36318258,2023-01-01,http://husch.comp-genomics.org,HUSCH,0.99714148,Human Universal Single Cell Hub,0.979681528,HUSCH,0.99714148,1,,,,
30703169,2019-01-31,http://www.iitm.ac.in/bioinfo/huvarbase,HuVarBase,0.980674505,,0,HuVarBase,0.980674505,1,,,,
35435220,2022-05-01,http://computationalbiology.cn/humanVirusBase,HVD,0.919014275,Human Virus Database,0.60241434,HVD,0.919014275,1,,,,
34461244,2021-08-28,http://hvdb.dqweilab-sjtu.com/index.php,HVdb,0.98835696,,0,HVdb,0.98835696,1,,,,
33515030,2021-03-01,http://zzdlab.com/hvidb,HVIDB,0.997510344,Human-Virus Interaction DataBase,0.954682939,HVIDB,0.997510344,1,,,,
31524396,2019-09-25,http://www.idruglab.com/HybridMolDB/index.php,HybridMolDB,0.995581388,,0,HybridMolDB,0.995581388,1,,,,
36026437,2022-08-26,http://www.hypdb.site,HypDB,0.989257932,,0,HypDB,0.989257932,1,,,,
"30152276, 21584190",2018-01-01,http://www.bioclues.org/hypo2,HypoDB,0.997157693,,0,HypoDB,0.997157693,2,,,,
24178989,2013-10-31,http://www.hypoxiadb.com,HypoxiaDB,0.996842146,,0,HypoxiaDB,0.996842146,1,,,,
25332403,2014-10-20,http://i5k.nal.usda.gov,i5k,0.991027579,5000 arthropod genomes,0.851789331,i5k,0.991027579,1,,,,
39935019,2025-03-01,http://bblserver.org.in/iampdb,IAMPDB,0.996756017,Insect Antimicrobial Peptide Database,0.980346695,IAMPDB,0.996756017,1,,,,
36300629,2023-01-01,http://ianimal.pro,IAnimal,0.997680426,,0,IAnimal,0.997680426,1,,,,
36609432,2023-01-06,http://pucpr-bioinformatics.github.io/atlas,IARA,0.994900346,,0,IARA,0.994900346,1,,,,
33929018,2021-04-01,http://www.cbrc.kaust.edu.sa/ibd,IBDDB,0.994403943,IBD database,0.644221008,IBDDB,0.994403943,1,,,,
23095257,2012-09-07,"http://www.itb.cnr.it/ibd, http://www.itb.cnr.it/galaxy",IBDsite,0.995800972,,0,IBDsite,0.995800972,1,,,,
38564306,2024-03-01,http://abbviegrc.shinyapps.io/ibdtransdb,IBDTransDB,0.995777547,,0,IBDTransDB,0.995777547,1,,,,
"25378303, 29069517",2018-01-01,http://ibeetle-base.uni-goettingen.de,iBeetle-Base,0.997434308,,0,iBeetle-Base,0.997434308,2,,,,
24616562,2014-02-19,http://www.nabg-nbaii.res.in/barcode,IBIn,0.980620027,Insect Barcode,0.783612788,IBIn,0.980620027,1,,,,
22102591,2011-11-18,http://www.ncbi.nlm.nih.gov/Structure/ibis/ibis.cgi,IBIS,0.99052155,Inferred Biomolecular Interaction Server,0.952923278,IBIS,0.99052155,1,,,,
26519466,2015-10-30,http://ic4r.org,IC4R,0.995473579,Information Commons for Rice,0.858307824,IC4R,0.995473579,1,,,,
29041922,2017-10-17,http://ican.ils.seu.edu.cn,iCAN,0.989729762,Institute Collection and Analysis of Nanobodies,0.950395688,iCAN,0.989729762,1,,,,
37342759,2023-05-16,http://icarus.ucdavis.edu,ICARUS,0.992787302,Integrated Chamber Atmospheric data Repository for,0.910266048,ICARUS,0.992787302,1,,,,
34907423,2021-12-01,http://icav.omicsbio.info,iCAV,0.99172157,,0,iCAV,0.99172157,1,,,,
38015957,2023-11-01,http://www.icazygfadb.org.cn,iCAZyGFADB,0.966474712,,0,iCAZyGFADB,0.966474712,1,,,,
36095221,2022-11-01,http://bioinfo.life.hust.edu.cn/ICBatlas,ICBatlas,0.997148037,,0,ICBatlas,0.997148037,1,,,,
38095856,2023-11-01,http://bioinfo.life.hust.edu.cn/ICBcomb,ICBcomb,0.995907307,,0,ICBcomb,0.995907307,1,,,,
28557712,2017-05-25,"http://ice.ntp.niehs.nih.gov, http://doi.org/10.1289/EHP1759",ICE,0.860381097,Chemical Environment,0.508983597,ICE,0.860381097,1,,,,
26430546,2014-07-01,http://www.ciml.univ-mrs.fr/EWBANK_jonathan/software.html,ICeE,0.880001485,,0,ICeE,0.880001485,1,,,,
29036693,2018-01-01,http://icg.big.ac.cn,ICG,0.994124234,,0,ICG,0.994124234,1,,,,
31600197,2019-10-10,http://icite.od.nih.gov,iCite,0.957005501,Open Citation Collection,0.840594471,iCite,0.957005501,1,,,,
39776220,2025-01-07,http://www.insectp450.net,ICPD,0.993660847,Insect Cytochrome P450 database,0.985794749,ICPD,0.993660847,1,,,,
33740463,2021-03-18,http://icscb.stemcellinformatics.org,ICSCB,0.996838212,Integrated Collection of Stem Cell Bank data,0.959731273,ICSCB,0.996838212,1,,,,
33137185,2021-01-01,http://www.kobic.re.kr/icsdb,iCSDB,0.994947433,,0,iCSDB,0.994947433,1,,,,
29040670,2018-01-01,"http://ictv.global, http://ictv.global/report",ICTV,0.662099421,on Taxonomy of,0.613117501,ICTV,0.662099421,1,,,,
33406221,2021-09-01,http://icysmod.omicsbio.info,iCysMod,0.997266591,for protein cysteine modifications in eukaryotes,0.853484929,iCysMod,0.997266591,1,,,,
39493756,2024-10-17,http://idbview.com,Idbview,0.996897757,,0,Idbview,0.996897757,1,,,,
34700680,2021-11-01,http://portal.imagingdatacommons.cancer.gov,IDC,0.976822138,,0,IDC,0.976822138,1,,,,
32941628,2021-01-01,http://mdl.shsmu.edu.cn/IDDB,IDDB,0.976911902,infertility disease database,0.88215218,IDDB,0.976911902,1,,,,
38330823,2024-02-06,"http://mdl.shsmu.edu.cn/IDDB/and, http://www.allostery.net/IDDB",IDDB Xtra,0.955069199,,0,IDDB Xtra,0.955069199,1,,,,
29548284,2018-03-16,http://liulab.csrc.ac.cn/idpm,IDPM,0.976840337,ion distribution in protein molecules,0.878570855,IDPM,0.976840337,1,,,,
37993103,2023-11-21,http://idppub.ptmax.org,IDPpub,0.994897723,Illuminating the Dark Phosphoproteome,0.700265235,IDPpub,0.994897723,1,,,,
35883018,2022-07-26,http://www.s-bioinformatics.cn/idpsbind/home,IDPsBind,0.981597304,,0,IDPsBind,0.981597304,1,,,,
36099422,2023-01-01,http://bio-bigdata.hrbmu.edu.cn/IEAtlas,IEAtlas,0.997461796,,0,IEAtlas,0.997461796,1,,,,
"23734660, 33772585, 22681406",2021-03-01,http://www.iedb.org,IEDB,0.993056357,Immune Epitope Database and Analysis Resource,0.933946027,IEDB,0.993056357,3,,,,
"22610854, 31114900",2019-07-01,http://tools.iedb.org,IEDB-AR,0.986699712,Immune Epitope Database Analysis Resource,0.965692446,IEDB-AR,0.986699712,2,,,,
30380109,2019-01-01,http://iekpd.biocuckoo.org,iEKPD,0.997320652,,0,iEKPD,0.997320652,1,,,,
24923821,2014-06-11,"http://cefg.uestc.edu.cn/ifim/, http://cefg.cn/ifim",IFIM,0.941411674,,0,IFIM,0.941411674,1,,,,
30967549,2019-04-09,http://ifish4u.org,iFISH,0.997145891,,0,iFISH,0.997145891,1,,,,
21914464,2011-09-02,http://www.bioinfo-cbs.org/igd,IGD,0.97653389,Intronless Gene Database,0.875607576,IGD,0.97653389,1,,,,
22139933,2011-12-01,http://igdb.nsclc.ibms.sinica.edu.tw,IGDB.NSCLC,0.982541544,,0,IGDB.NSCLC,0.982541544,1,,,,
27465544,2016-07-27,http://bio.njfu.edu.cn/igdd,IGDD,0.995845596,Intronless Genes Database in Dicots,0.981970423,IGDD,0.995845596,1,,,,
22698731,2012-06-13,http://www.adelaide.edu.au/igfmutation,IGFmdb,0.971408069,The insulin-like growth factor mutation database,0.886121653,IGFmdb,0.971408069,1,,,,
26582920,2015-11-17,http://gnmdb.csb.pitt.edu,iGNM,0.993238688,,0,iGNM,0.993238688,1,,,,
"27638885, 31584097",2020-01-01,http://www.internationalgenome.org,IGSR,0.970552325,International Genome Sample Resource,0.881040025,IGSR,0.970552325,2,,,,
36896476,2023-03-09,http://yeyn.group:96,IGTCM,0.965458304,database of TCM plants,0.736115456,IGTCM,0.965458304,1,,,,
27863956,2016-11-15,http://epigenomesportal.ca/ihec,IHEC,0.982326448,,0,IHEC,0.982326448,1,,,,
28187703,2017-02-11,http://www.tongjidmb.com/human/index.html,iHMS,0.988777816,,0,iHMS,0.988777816,1,,,,
36503126,2022-12-09,http://ihypoxia.omicsbio.info,iHypoxia,0.987089217,,0,iHypoxia,0.987089217,1,,,,
"34755877, 26516188, 30407591",2022-01-01,http://ophid.utoronto.ca/iid,IID,0.992068827,Integrated Interactions Database,0.880897582,IID,0.992068827,3,,,,
22984621,2012-09-12,http://www.vanderbilt.edu/IIID,IIID,0.976448039,Insect Innate Immunity Database,0.973630855,IIID,0.976448039,1,,,,
25707505,2015-01-21,http://syslab.nchu.edu.tw/IIIDB,IIIDB,0.965002835,,0,IIIDB,0.965002835,1,,,,
23991755,2013-09-12,http://metabolomics.pharm.uconn.edu/iimdb,IIMDB,0.996076167,In Vivo/In Silico Metabolites Database,0.911021487,IIMDB,0.996076167,1,,,,
27081555,2015-11-26,http://ijgvd.megabank.tohoku.ac.jp,iJGVD,0.988222253,integrative Japanese Genome Variation Database,0.978778683,iJGVD,0.988222253,1,,,,
33308175,2020-12-11,http://ildgdb.org,ILDGDB,0.998209894,,0,ILDGDB,0.998209894,1,,,,
29897484,2018-01-01,http://14.139.240.55/ildgendb/index.php,ILDgenDB,0.996150136,,0,ILDgenDB,0.996150136,1,,,,
27484196,2016-08-02,http://ilir.warwick.ac.uk,iLIR,0.989266038,,0,iLIR,0.989266038,1,,,,
28806134,2017-08-14,http://ilir.uk/virus,iLIR@viral,0.916833331,,0,iLIR@viral,0.916833331,1,,,,
21624339,2011-01-01,http://www.ipasvi.roma.it/ita/ILISI,ILISI,0.987797678,Index of Italian Literature on Nursing Sciences,0.942488663,ILISI,0.987797678,1,,,,
32228437,2020-03-30,http://www.marmotdb.org,iMarmot,0.997347414,,0,iMarmot,0.997347414,1,,,,
29619235,2018-03-29,http://imethyl.iwate-megabank.org,iMETHYL,0.997811019,,0,iMETHYL,0.997811019,1,,,,
"26173699, 27903896",2016-11-29,http://img.jgi.doe.gov/abc,IMG-ABC,0.986837733,Integrated Microbial Genomes Atlas of Biosynthetic gene Clusters,0.984186777,IMG-ABC,0.986837733,2,,,,
37930866,2024-01-01,"http://img.jgi.doe.gov/pr, http://genome.jgi.doe.gov/portal/IMG_PR",IMG/PR,0.960130513,,0,IMG/PR,0.960130513,1,,,,
"36399502, 33137183, 27799466",2023-01-01,"http://img.jgi.doe.gov/vr, http://genome.jgi.doe.gov/portal/IMG_VR",IMG/VR,0.986604303,,0,IMG/VR,0.986604303,3,,,,
35487995,2022-04-30,http://imitatedb.sblab-nsit.net,ImitateDB,0.975628853,,0,ImitateDB,0.975628853,1,,,,
28025339,2016-12-26,http://gene.cqu.edu.cn/iMITEdb,iMITEdb,0.966844749,,0,iMITEdb,0.966844749,1,,,,
36271790,2023-01-01,http://bio-bigdata.hrbmu.edu.cn/ImmCluster,ImmCluster,0.994123936,,0,ImmCluster,0.994123936,1,,,,
41362636,2025-11-15,http://immir.bioinfomics.org,ImmiR,0.991988957,,0,ImmiR,0.991988957,1,,,,
34755873,2021-12-01,http://bio-bigdata.hrbmu.edu.cn/ImmReg,ImmReg,0.986415982,,0,ImmReg,0.986415982,1,,,,
38970503,2024-07-01,http://www.immrna.cn,ImmRNA,0.98247993,,0,ImmRNA,0.98247993,1,,,,
34127402,2021-05-14,http://bioinfo.vanderbilt.edu/database/Immu-Mela,Immu-Mela,0.990034401,,0,Immu-Mela,0.990034401,1,,,,
36459564,2023-02-01,http://immucanscdb.vital-it.ch,IMMUcan scDB,0.987582994,,0,IMMUcan scDB,0.987582994,1,,,,
34456903,2021-08-12,http://wap-lab.org:3200/ImmuCellDB,ImmuCellDB,0.99683398,,0,ImmuCellDB,0.99683398,1,,,,
25326331,2014-10-17,http://immuco.bjmu.edu.cn,ImmuCo,0.996915221,,0,ImmuCo,0.996915221,1,,,,
35363305,2022-04-01,http://immudb.bjmu.edu.cn/immumethy,ImmuMethy,0.992431045,,0,ImmuMethy,0.992431045,1,,,,
28124611,2017-01-01,http://www.biominingbu.org/immunemir,ImmunemiR,0.989842415,,0,ImmunemiR,0.989842415,1,,,,
26362267,2015-09-08,http://immunet.princeton.edu,ImmuNet,0.993981779,,0,ImmuNet,0.993981779,1,,,,
39673270,2025-01-01,http://ngdc.cncb.ac.cn/iaa/home,Immunosenescence Inventory,0.74228636,,0,Immunosenescence Inventory,0.74228636,1,,,,
25988315,2015-05-19,http://202.85.212.211/Account/ImmuSort.html,ImmuSort,0.995690107,,0,ImmuSort,0.995690107,1,,,,
28977416,2018-01-01,http://ccb-web.cs.uni-saarland.de/imota,IMOTA,0.99115777,,0,IMOTA,0.99115777,1,,,,
"36910986, 29531263",2023-02-23,http://cb.imsc.res.in/imppat,IMPPAT,0.988455057,,0,IMPPAT,0.988455057,2,,,,
31284879,2019-05-08,http://bioinfodbs.kantiana.ru/ImtRDB,ImtRDB,0.997494876,,0,ImtRDB,0.997494876,1,,,,
29892515,2018-04-27,http://cib.cf.ocha.ac.jp/slc,iMusta4SLC,0.976851185,,0,iMusta4SLC,0.976851185,1,,,,
22127860,2011-11-29,http://indel.bioinfo.sdu.edu.cn,IndelFR,0.997826949,Indel Flanking Region Database,0.962372184,IndelFR,0.997826949,1,,,,
23750084,2013-04-13,http://www.indiamed.info,InDiaMed,0.99003005,,0,InDiaMed,0.99003005,1,,,,
33095885,2021-01-01,http://clingen.igib.res.in/indigen,IndiGenomes,0.907384753,,0,IndiGenomes,0.907384753,1,,,,
24324765,2013-12-06,http://www.cbrc.kaust.edu.sa/indigo,INDIGO,0.95893389,Annotation of Microbial Genomes,0.724162723,INDIGO,0.95893389,1,,,,
29047407,2017-10-18,http://fmf.igh.cnrs.fr/ISSAID/infevers,Infevers,0.637892187,,0,Infevers,0.637892187,1,,,,
35659771,2022-06-04,"http://www.inflamnat.com/, http://39.104.56.4",InflamNat,0.997428715,,0,InflamNat,0.997428715,1,,,,
23180781,2012-11-24,http://www.innatedb.com,InnateDB,0.998630166,,0,InnateDB,0.998630166,1,,,,
22120663,2011-11-26,http://www.inoh.org,INOH,0.981793324,Integrating Network Objects with Hierarchies,0.783673547,INOH,0.981793324,1,,,,
37646935,2023-01-01,http://inpactordb.github.io,InpactorDB,0.994065166,,0,InpactorDB,0.994065166,1,,,,
36764355,2023-02-09,http://inparanoidb.sbc.su.se,InParanoiDB,0.955984533,,0,InParanoiDB,0.955984533,1,,,,
"34792158, 26578584",2022-01-01,http://v2.insect-genome.com,InsectBase,0.997729719,,0,InsectBase,0.997729719,2,,,,
40583840,2025-06-30,http://www.insecttfdb.com,InsectTFDB,0.998530626,,0,InsectTFDB,0.998530626,1,,,,
33507270,2021-01-01,http://www.insect-genome.com/Sexdb,InSexBase,0.984699667,,0,InSexBase,0.984699667,1,,,,
23599502,2013-04-18,http://instruct.yulab.org,INstruct,0.997730315,,0,INstruct,0.997730315,1,,,,
"37819683, 34761267, 33206959, 24234451, 22121220",2023-10-01,http://www.ebi.ac.uk/intact,IntAct,0.997128367,,0,IntAct,0.997128367,5,,,,
24001185,2013-08-30,http://www.evocell.org/inTB,inTB,0.991402507,,0,inTB,0.991402507,1,,,,
22493526,2012-03-17,http://introndb.bicpu.edu.in,IntDb,0.989881754,,0,IntDb,0.989881754,1,,,,
37930837,2024-01-01,http://idrblab.org/intede,INTEDE,0.996361494,metabolic roadmap of drugs,0.835562468,INTEDE,0.996361494,1,,,,
22792232,2012-07-05,http://www.hmpdacc-resources.org/imgm_hmp,IMG/M,0.961702744,Integrated Microbial Genomes and Metagenomes,0.979933851,Integrated Microbial Genomes and Metagenomes,0.979933851,1,,,,
31665416,2020-01-01,"http://img.jgi.doe.gov/abc-public, http://gold.jgi.doe.gov",IMG-ABC,0.966223431,Integrated Microbial Genomes Atlas of Biosynthetic gene Clusters,0.978851591,Integrated Microbial Genomes Atlas of Biosynthetic gene Clusters,0.978851591,1,,,,
30535108,2019-01-01,http://interacdome.princeton.edu,InteracDome,0.943789065,,0,InteracDome,0.943789065,1,,,,
22053089,2011-11-03,http://biodev.cea.fr/interevol,InterEvol,0.992820978,,0,InterEvol,0.992820978,1,,,,
25097383,2014-06-30,http://intergenicdb.bioinfoucs.com,IntergenicDB,0.977055252,,0,IntergenicDB,0.977055252,1,,,,
33502860,2021-01-27,http://intermetaldb.biotech.uni.wroc.pl,InterMetalDB,0.997499466,,0,InterMetalDB,0.997499466,1,,,,
"22080546, 26657633, 29190397, 33166387, 23180798",2021-01-01,http://www.insdc.org,INSDC,0.902326147,International Nucleotide Sequence Database Collaboration,0.915257774,International Nucleotide Sequence Database Collaboration,0.915257774,5,,,,
31838187,2019-12-12,http://isaregistries.org,ISAR,0.945667505,International Severe Asthma Registry,0.96681873,International Severe Asthma Registry,0.96681873,1,,,,
40634546,2025-07-09,http://bddg.hznu.edu.cn/interpad,InterPAD,0.978935719,,0,InterPAD,0.978935719,1,,,,
37499897,2023-07-26,http://pallab.cds.iisc.ac.in/INTERPIN,INTERPIN,0.997774482,,0,INTERPIN,0.997774482,1,,,,
22494395,2012-05-01,http://www.interstoredb.org,InterStoreDB,0.997662365,,0,InterStoreDB,0.997662365,1,,,,
23282057,2012-12-12,http://compbio.ddns.comp.nus.edu.sg:8080/IntPath,IntPath,0.992235899,Integrated Pathway gene relationship database,0.725374699,IntPath,0.992235899,1,,,,
"22067451, 24178034",2011-11-08,http://www.ideal.force.cs.is.nagoya-u.ac.jp/IDEAL,IDEAL,0.991460741,Intrinsically Disordered proteins with Extensive Annotations and Literature,0.993429282,Intrinsically Disordered proteins with Extensive Annotations and Literature,0.993429282,2,,,,
30949679,2019-11-01,http://www.nextgenbioinformatics.org/IntronDB,IntronDB,0.99790293,,0,IntronDB,0.99790293,1,,,,
36399497,2023-01-01,http://rytenlab.com/browser/app/introverse,IntroVerse,0.99514395,,0,IntroVerse,0.99514395,1,,,,
27888793,2016-11-19,http://ciencias.medellin.unal.edu.co/gruposdeinvestigacion/prospeccionydisenobiomoleculas/InverPep/public/home_en,InverPep,0.99586463,,0,InverPep,0.99586463,1,,,,
40272360,2025-04-01,http://invertiadb.netlify.app/homepage.html,invertiaDB,0.992570102,,0,invertiaDB,0.992570102,1,,,,
24253300,2013-11-18,http://invfestdb.uab.cat,InvFEST,0.995598376,,0,InvFEST,0.995598376,1,,,,
23046449,2012-09-11,http://bioinfo.hsc.unt.edu/ipad,IPAD,0.993825734,Integrated Pathway Analysis Database for Systematic Enrichment Analysis,0.92183505,IPAD,0.993825734,1,,,,
38865432,2024-06-01,http://www.lamee.cn/ipad-db,IPAD-DB,0.987659678,Inhibitors of Proteins associated with Alzheimer's Disease Database,0.967726333,IPAD-DB,0.987659678,1,,,,
36043442,2023-01-01,http://bioinfo.szbl.ac.cn/ipaQTL,ipaQTL-atlas,0.96366494,,0,ipaQTL-atlas,0.96366494,1,,,,
25388589,2014-11-11,http://ento.njau.edu.cn/ipath,iPathCons,0.982198,,0,iPathCons,0.982198,1,,,,
22140115,2011-12-02,http://ipavs.cidms.org,IPAVS,0.987295449,Integrated Pathway Resources,0.952554718,IPAVS,0.987295449,1,,,,
"23180793, 25414341, 29858800, 31641782, 25048120",2019-10-22,http://www.ebi.ac.uk/ipd,IPD,0.978224158,The Immuno Polymorphism Database,0.944300856,IPD,0.978224158,5,,,,
26826444,2016-01-27,http://www.ebi.ac.uk/ipd/imgt/hla,IPD-IMGT/HLA,0.737059861,Polymorphism,0.601328015,IPD-IMGT/HLA,0.737059861,1,,,,
"39436012, 27899604",2025-01-01,http://www.ebi.ac.uk/ipd/mhc,IPD-MHC,0.969788027,,0,IPD-MHC,0.969788027,2,,,,
24297255,2013-12-01,http://ipfam.org,iPfam,0.995806396,,0,iPfam,0.995806396,1,,,,
31231133,2019-06-23,http://www.igb.cnr.it/ipgb,IPGB,0.957984984,Incontinentia Pigmenti Genetic Biobank,0.896460912,IPGB,0.957984984,1,,,,
41047495,2025-10-05,http://alphaindex.zju.edu.cn/scgut,IPGCA,0.992719471,Integrated Pig Gut Cell Atlas,0.92139734,IPGCA,0.992719471,1,,,,
37995323,2023-12-01,http://omicstudio.cloud:4012/ipod,IPOP,0.981485963,,0,IPOP,0.981485963,1,,,,
26432833,2015-10-01,http://www.ippidb.cdithem.fr,iPPI-DB,0.996882915,,0,iPPI-DB,0.996882915,1,,,,
30397019,2019-01-09,http://www.flyrnai.org/tools/iproteindb,iProteinDB,0.996118069,,0,iProteinDB,0.996118069,1,,,,
"34871441, 30252093",2022-01-01,http://www.iprox.cn,iProX,0.984180152,,0,iProX,0.984180152,2,,,,
"28150246, 29145615",2018-01-01,http://proteininformationresource.org/iPTMnet,iPTMnet,0.997314811,,0,iPTMnet,0.997314811,2,,,,
24030781,2013-09-11,http://IQdb.cbi.pku.edu.cn,IQdb,0.993846714,,0,IQdb,0.993846714,1,,,,
28168018,2017-01-03,http://irbas.cesab.org,IRBAS,0.990202904,Intermittent River Biodiversity Analysis and Synthesis,0.962772516,IRBAS,0.990202904,1,,,,
"22260278, 27679478",2016-09-26,http://www.fludb.org,IRD,0.993188262,Influenza Research Database,0.962002027,IRD,0.993188262,2,,,,
21873645,2011-08-27,http://www.ncbi.nlm.nih.gov/CBBresearch/Yu/downloads/ppiTrim.html,iRefIndex,0.996739507,,0,iRefIndex,0.996739507,1,,,,
"24203342, 33125652",2021-01-01,http://wodaklab.org/iRefWeb,iRefWeb,0.995616853,,0,iRefWeb,0.995616853,2,,,,
32512182,2020-04-01,http://reprod.njmu.edu.cn/cgi-bin/iresbase/index.php,IRESbase,0.987502873,,0,IRESbase,0.987502873,1,,,,
27841751,2016-10-28,http://www.proteindiffraction.org,IRRMC,0.994473457,Integrated Resource for Reproducibility in Macromolecular Crystallography,0.81369595,IRRMC,0.994473457,1,,,,
22592381,2012-05-15,http://ir.hgc.jp,IRView,0.997845531,,0,IRView,0.997845531,1,,,,
28322240,2017-03-21,"http://commondataelements.ninds.nih.gov/SCI.aspx, http://www.iscos.org.uk/international-sci-data-sets",ISCIEMEDS,0.977421165,Endocrine and Metabolic Extended Data Set,0.951809481,ISCIEMEDS,0.977421165,1,,,,
25378302,2014-11-05,http://bioinformatics.sandia.gov/islander,Islander,0.601636887,,0,Islander,0.601636887,1,,,,
34189203,2021-06-10,http://isoarch.eu,IsoArcH,0.689917505,,0,IsoArcH,0.689917505,1,,,,
25848172,2015-02-28,http://www.snakebd.com,ISOB,0.992247462,,0,ISOB,0.992247462,1,,,,
21177658,2011-01-01,http://isobase.csail.mit.edu,IsoBase,0.996967256,,0,IsoBase,0.996967256,1,,,,
25166490,2014-09-19,http://isometlin.scripps.edu,isoMETLIN,0.988883018,,0,isoMETLIN,0.988883018,1,,,,
27153728,2016-03-02,http://mcg.ustc.edu.cn/bsc/isomir/Contacts,IsomiR Bank,0.97647199,,0,IsomiR Bank,0.97647199,1,,,,
36243964,2023-01-01,http://www.ccb.uni-saarland.de/isomirdb,isomiRdb,0.99652338,,0,isomiRdb,0.99652338,1,,,,
36275459,2022-10-17,http://isomirtar.hse.ru)-a,isomiRTar,0.987943172,,0,isomiRTar,0.987943173,1,,,,
25204646,2014-09-09,http://spp1316.uni-wuerzburg.de/bioinformatics/isotopo,Isotopo,0.985290567,,0,Isotopo,0.985290567,1,,,,
21965461,2011-09-30,http://www.iss.it/ampp/dati/cont.php?id=233&lang=1&tipo=7,ISSMIC,0.998472512,,0,ISSMIC,0.998472512,1,,,,
38943608,2024-06-01,http://istransbase.scbdd.com,ISTransbase,0.996902466,,0,ISTransbase,0.996902466,1,,,,
28592645,2017-06-07,http://isvdb.unc.edu,ISVdb,0.981565356,Inbred Strain Variant Database,0.950276415,ISVdb,0.981565356,1,,,,
"39240515, 29036527, 30417254",2025-01-01,http://research.bioinformatics.udel.edu/iSyTE,iSyTE,0.93340987,,0,iSyTE,0.93340987,3,,,,
26653323,2015-12-12,http://sites.google.com/a/vt.edu/biomolecular-engineering-lab/software,iTAP,0.940019906,,0,iTAP,0.940019906,1,,,,
25058394,2014-07-24,http://www.ithanet.eu/db/ithagenes,IthaGenes,0.993503034,,0,IthaGenes,0.993503034,1,,,,
26248563,2015-08-06,http://its2.bioapps.biozentrum.uni-wuerzburg.de,ITS2,0.728715201,,0,ITS2,0.728715201,1,,,,
"29036529, 22786784",2018-01-01,http://itsonedb.cloud.ba.infn.it,ITSoneDB,0.997155786,,0,ITSoneDB,0.997155786,2,,,,
37253405,2023-05-28,http://iuclid6.echa.europa.eu/us-fda-toxicity-data,IUCLID,0.991033852,,0,IUCLID,0.991033852,1,,,,
"22674159, 23087376",2012-10-18,http://www.iuphar-db.org,IUPHAR-DB,0.994823694,of Basic and Clinical Pharmacology Database,0.740390394,IUPHAR-DB,0.994823694,2,,,,
29106644,2018-01-01,http://iuucd.biocuckoo.org,iUUCD,0.997192144,,0,iUUCD,0.997192144,1,,,,
31874631,2019-12-24,http://jcdb.xtbg.ac.cn,JCDB,0.97426182,curcas database,0.846007625,JCDB,0.97426182,1,,,,
27899675,2016-11-28,http://www.jet2viewer.upmc.fr,JET2,0.992096901,,0,JET2,0.992096901,1,,,,
28416714,2017-05-01,http://jinglebells.bgu.ac.il,JingleBells,0.996701837,,0,JingleBells,0.996701837,1,,,,
"37930845, 29069501, 33179747",2024-01-01,http://jmorp.megabank.tohoku.ac.jp,jMorp,0.996074796,Japanese Multi Omics Reference Panel,0.883684933,jMorp,0.996074796,3,,,,
30295851,2019-01-01,http://jpostdb.org,jPOST,0.991378427,Japan ProteOme,0.680601423,jPOST,0.991378427,1,,,,
27899654,2016-11-28,http://repository.jpostdb.org,jPOSTrepo,0.978089273,,0,jPOSTrepo,0.978089273,1,,,,
26424080,2015-09-30,http://gmo-crl.jrc.ec.europa.eu/jrcgmoamplicons,JRC GMO-Amplicons,0.748133315,,0,JRC GMO-Amplicons,0.748133315,1,,,,
37034094,2023-03-22,http://strokedatabank.ncvc.go.jp/en,JSDB,0.949941173,Japan Stroke Data Bank,0.939885056,JSDB,0.949941173,1,,,,
26519469,2015-10-30,http://juncdb.carmelab.huji.ac.il,JuncDB,0.996719241,,0,JuncDB,0.996719241,1,,,,
37523674,2023-09-01,http://justrna.itps.ncku.edu.tw,JustRNA,0.972699821,,0,JustRNA,0.972699821,1,,,,
37625584,2023-08-23,http://folding.biofold.org/k-pro,K-Pro,0.993683259,,0,K-Pro,0.993683259,1,,,,
33645624,2021-02-01,http://kaikobase.dna.affrc.go.jp,KAIKObase,0.99772799,silkworm genome,0.654908737,KAIKObase,0.99772799,1,,,,
"37682529, 27087309",2023-11-01,http://kaliumdb.org,Kalium,0.988748372,,0,Kalium,0.988748372,2,,,,
30046160,2018-07-25,http://wakanmoview.inm.u-toyama.ac.jp/kampo,KampoDB,0.997830033,,0,KampoDB,0.997830033,1,,,,
38628370,2024-04-02,http://kanphos.jp,KANPHOS,0.997341216,Kinase-Associated Neural PHOspho-Signaling,0.869633244,KANPHOS,0.997341216,1,,,,
24507667,2014-02-10,http://www.motorprotein.de/kassiopeia,Kassiopeia,0.946248412,,0,Kassiopeia,0.946248412,1,,,,
40996715,2025-01-01,http://kastrack.crea.gov.it/kastrackdb/?lang=en,KASTRACKdb,0.997738183,,0,KASTRACKdb,0.997738183,1,,,,
25320561,2014-09-01,http://marker.kazusa.or.jp,DataBase,0.645969987,Kazusa Marker DataBase,0.685222085,Kazusa Marker DataBase,0.685222085,1,,,,
41542086,2025-08-13,http://www.hxdsjzx.cn/KDASDB,KDASDB,0.998190522,Kidney Diseases Alternative Splicing Database,0.955405363,KDASDB,0.998190522,1,,,,
40716733,2025-07-25,http://www.kdbirp.aiddlab.com,KDBI-RP,0.987584427,Kinetic Data of RNA-Protein Interactions Database,0.905095691,KDBI-RP,0.987584427,1,,,,
27630202,2016-07-01,http://www.kawasakidisease.kr,KDD,0.99066178,Kawasaki Disease Database,0.97202076,KDD,0.99066178,1,,,,
35356542,2022-03-10,http://cosbi.ee.ncku.edu.tw/KDmarkers,KDmarkers,0.942560017,,0,KDmarkers,0.942560017,1,,,,
"39417505, 37881892, 36300620, 26519400, 33125081, 24214961, 26476454, 27899662, 30321428, 21882442, 23192552, 22080510",2025-01-01,http://www.kegg.jp,KEGG,0.995484889,Kyoto Encyclopedia of Genes and Genomes,0.887442343,KEGG,0.995484889,12,,,,
23193276,2012-11-27,http://www.genome.jp/tools/oc,KEGG OC,0.981904417,,0,KEGG OC,0.981904417,1,,,,
27789704,2016-10-26,http://www.igenomed.org/keris,KERIS,0.998085916,,0,KERIS,0.998085916,1,,,,
26376976,2015-09-16,http://kgcak.big.ac.cn/KGCAK,KGCAK,0.998066127,,0,KGCAK,0.998066127,1,,,,
23626002,2013-04-26,http://biomi.cdc.go.kr/KGVDB,KGVDB,0.986184359,,0,KGVDB,0.986184359,1,,,,
31180159,2019-07-03,http://genomes.vn,KHV,0.773043275,,0,KHV,0.773043275,1,,,,
21492431,2011-04-14,http://www.moseslab.csb.utoronto.ca/KID,KID,0.998009106,Yeast Kinase Interaction Database,0.994851972,KID,0.998009106,1,,,,
23193279,2012-11-28,http://gemdock.life.nctu.edu.tw/KIDFamMap,KIDFamMap,0.99645108,,0,KIDFamMap,0.99645108,1,,,,
"25115331, 33247931",2020-11-01,http://kimosys.org,KiMoSys,0.998547196,,0,KiMoSys,0.998547196,2,,,,
25414382,2014-11-19,http://kin-driver.leloir.org.ar,Kin-driver,0.993340989,,0,Kin-driver,0.993340989,1,,,,
40471992,2025-05-01,http://compbio.uth.edu/KinaseFusionDB,KinaseFusionDB,0.998224318,,0,KinaseFusionDB,0.998224318,1,,,,
33137204,2021-01-01,http://bioinfo.uth.edu/kmd,KinaseMD,0.997730494,,0,KinaseMD,0.997730494,1,,,,
34643709,2022-01-01,http://dunbrack.fccc.edu/kincore,Kincore,0.995665252,,0,Kincore,0.995665252,1,,,,
26989151,2016-03-17,http://lightning.med.monash.edu/kinetochoreDB2,KinetochoreDB,0.998664141,,0,KinetochoreDB,0.998664141,1,,,,
36222201,2022-10-01,http://lmse.utoronto.ca/kinmod/KINMOD.sql.gz,KinMod,0.966191649,,0,KinMod,0.966191649,1,,,,
38365785,2024-02-16,http://bioinfo.sggw.edu.pl/kintaro,KINtaro,0.997816503,database,0.685224652,KINtaro,0.997816503,1,,,,
29220464,2017-01-01,http://bioinfo.icgeb.res.in/kipho,KiPho,0.995313227,Malaria Parasite Kinome-Phosphatome,0.971182257,KiPho,0.995313227,1,,,,
26656885,2015-12-09,http://bdg.hfut.edu.cn/kir/index.html,KIR,0.991020302,Kiwifruit Information Resource,0.94024086,KIR,0.991020302,1,,,,
32821400,2020-08-01,http://kiwifruitgenome.org,KGD,0.986381908,Kiwifruit Genome Database,0.988579522,Kiwifruit Genome Database,0.988579522,1,,,,
29097748,2017-11-02,http://www.nipgr.res.in/kixbase/home.php,KIXBASE,0.981071115,,0,KIXBASE,0.981071115,1,,,,
25907632,2015-06-03,http://mutview.dmb.med.keio.ac.jp,KM-parkin-DB,0.96272862,,0,KM-parkin-DB,0.96272862,1,,,,
40544412,2025-06-22,http://kbds.re.kr/KMAP,KMAP,0.994871974,Korea MetAbolomics data rePository,0.911867042,KMAP,0.994871974,1,,,,
"23292603, 22123792",2013-01-03,"http://kanaya.naist.jp/KNApSAcK_Family/, http://kanaya.naist.jp/knapsack3d",KNApSAcK,0.885880351,,0,KNApSAcK,0.885880351,2,,,,
40524629,2025-06-16,http://biobank.nih.go.kr/Desk,KNHANES,0.953550339,Korea National,0.620408714,KNHANES,0.953550339,1,,,,
33147622,2021-07-01,http://knindex.pufengdu.org,KNIndex,0.974327445,,0,KNIndex,0.974327445,1,,,,
31598675,2020-01-01,http://www.licpathway.net/KnockTF/index.html,KnockTF,0.989506125,,0,KnockTF,0.989506125,1,,,,
34023905,2021-07-01,http://www.lbgi.fr/AnnotSV,knotAnnotSV,0.989982367,,0,knotAnnotSV,0.989982367,1,,,,
25361973,2014-10-31,http://knotprot.cent.uw.edu.pl,KnotProt,0.995327413,,0,KnotProt,0.995327413,1,,,,
36155273,2022-09-16,http://kombat.igib.res.in,KOMBAT,0.996461153,,0,KOMBAT,0.996461153,1,,,,
38862433,2024-05-01,http://www.kobic.re.kr/kona,KoNA,0.967220366,Korean Nucleotide Archive,0.797141933,KoNA,0.967220366,1,,,,
23837716,2013-07-09,http://dbm.dna.affrc.go.jp/px,KONAGAbase,0.980475366,,0,KONAGAbase,0.980475366,1,,,,
36323850,2022-11-02,http://www.kobic.re.kr/kova,KOVA 2,0.954003572,Korean Variant Archive,0.791585445,KOVA 2,0.954003572,1,,,,
32133509,2020-01-01,http://coda.nih.go.kr/coda/KRGDB/index.jsp,KRGDB,0.981609166,Korean Reference Genome Database,0.956574035,KRGDB,0.981609166,1,,,,
36109405,2022-09-16,http://www.tezu.ernet.in/krishi,KRiShI,0.99549073,Knowledgebase for rice sheath blight information,0.927783981,KRiShI,0.99549073,1,,,,
40019186,2025-03-01,http://www.kshvbook.com,KSHVbook,0.992736518,,0,KSHVbook,0.992736518,1,,,,
39697868,2024-11-19,http://snubh.shinyapps.io/KTED,KTED,0.960314035,,0,KTED,0.960314035,1,,,,
21624162,2011-05-17,http://www.e-lico.eu/kupkb,KUPKB,0.995265484,a kidney and urinary pathway,0.738103741,KUPKB,0.995265484,1,,,,
33287903,2020-12-07,http://bioinfo.zju.edu.cn/KVarPredDB,KVarPredDB,0.997992098,VarPredDB,0.663375258,KVarPredDB,0.997992098,1,,,,
27924012,2016-10-18,http://l1base.charite.de,L1Base,0.945930322,,0,L1Base,0.945930322,1,,,,
25220766,2014-08-23,http://ftp.ncbi.nlm.nih.gov/pub/lu/LabeledIn,LabeledIn,0.984398663,,0,LabeledIn,0.984398663,1,,,,
32502232,2020-08-01,"http://gitlab.com/vejnar/labxdb, http://labxdb.vejnar.org",LabxDB,0.991126418,,0,LabxDB,0.991126418,1,,,,
22570419,2012-05-08,http://homingendonuclease.net,LAHEDES,0.989177001,LAGLIDADG,0.901116014,LAHEDES,0.989177001,1,,,,
37828369,2023-10-12,http://lampprimerbank.mathematik.uni-marburg.de,LAMPPrimerBank,0.841362417,,0,LAMPPrimerBank,0.841362417,1,,,,
29179110,2017-11-24,http://geomorphology.irpi.cnr.it/tools,LAND-deFeND,0.969560434,LANDslides and Floods National Database,0.881252799,LAND-deFeND,0.969560434,1,,,,
40089661,2025-03-15,http://lcbd.biomarkerdb.com,LCBD,0.99576205,Lung Cancer Biomarker Database,0.987164429,LCBD,0.99576205,1,,,,
21498547,2011-04-15,http://www.lcced.uni-stuttgart.de,LccED,0.97930038,The Laccase Engineering Database,0.850810488,LccED,0.97930038,1,,,,
41171289,2025-01-01,http://bioinformaticscollege.ir/lcdd,LCDD,0.995424271,Liposomal Cancer Drug Database,0.986564398,LCDD,0.995424271,1,,,,
22267903,2011-12-13,http://lcgbase.big.ac.cn/LCGbase,LCGbase,0.97235316,,0,LCGbase,0.97235316,1,,,,
34976312,2021-12-07,http://cosbi7.ee.ncku.edu.tw/LCMD,LCMD,0.993581444,Lung Cancer Metabolome Database,0.985615373,LCMD,0.993581444,1,,,,
39731018,2024-12-27,http://lcrannotdb.lcr-lab.org,LCRAnnotationsDB,0.997379661,,0,LCRAnnotationsDB,0.997379661,1,,,,
31780665,2019-11-28,http://www.ebi.ac.uk/metabolights/MTBLS999,LDB,0.982422173,Lichen DataBase,0.793945372,LDB,0.982422173,1,,,,
40552477,2025-06-24,http://lifedetectionforum.com/ldkb,LDKB,0.99669083,Life Detection Knowledge Base,0.893249601,LDKB,0.99669083,1,,,,
29697370,2018-04-20,http://histone.scse.ntu.edu.sg/LDSplitDB,LDSplitDB,0.995853007,,0,LDSplitDB,0.995853007,1,,,,
38462130,2024-03-09,http://ngdc.cncb.ac.cn/lsd,LSD v5.0,0.792559581,Leaf Senescence Database,0.936895609,Leaf Senescence Database,0.936895609,1,,,,
29899596,2018-01-06,http://lege.ciimar.up.pt,LEGE,0.943019152,,0,LEGE,0.943019152,1,,,,
31605615,2020-01-01,http://www.legoo.org,LeGOO,0.99293381,Legume,0.559114456,LeGOO,0.99293381,1,,,,
21353266,2011-02-23,http://bioinfo.noble.org/manuscript-support/legumedb,LegProt,0.981720328,legume,0.68427968,LegProt,0.981720328,1,,,,
"22110036, 26578557",2015-11-17,http://plantgrn.noble.org/LegumeIP,LegumeIP,0.996482372,,0,LegumeIP,0.996482372,2,,,,
34768782,2021-10-21,http://bioinfo.usu.edu/legumeSSRdb,legumeSSRdb,0.996245384,,0,legumeSSRdb,0.996245384,1,,,,
39030136,2024-07-18,http://leishgem.org,LeishGEM,0.997779608,,0,LeishGEM,0.997779608,1,,,,
37935582,2023-10-01,http://leishmaniadb.ttk.hu,LeishMANIAdb,0.982701182,,0,LeishMANIAdb,0.982701182,1,,,,
25125444,2014-08-14,http://biomedinformri.com/leishmicrosat,LeishMicrosatDB,0.997771621,Leishmania Microsatellite Database,0.960049748,LeishMicrosatDB,0.997771621,1,,,,
24194591,2013-11-04,http://caps.ncbs.res.in/lenvardb,LenVarDB,0.996493101,Protein Alignments organized as Structural Superfamilies,0.726639379,LenVarDB,0.996493101,1,,,,
23262288,2012-12-20,http://bioinformatics.biol.uoa.gr/LepChorionDB,LepChorionDB,0.994472027,,0,LepChorionDB,0.994472027,1,,,,
29905762,2018-01-01,http://leptonet.org.in,LeptoDB,0.995939851,,0,LeptoDB,0.995939851,1,,,,
38557635,2024-04-01,http://db.cngb.org/lettuce,LettuceDB,0.998335004,,0,LettuceDB,0.998335004,1,,,,
35964156,2022-08-12,http://www.lettucegdb.com,LettuceGDB,0.997271836,,0,LettuceGDB,0.997271836,1,,,,
39894867,2025-02-02,http://ngdc.cncb.ac.cn/leukemia,LeukAtlas,0.995901704,,0,LeukAtlas,0.995901704,1,,,,
32128558,2020-01-01,http://tdb.ccmb.res.in/LeukmiR,LeukmiR,0.997031927,,0,LeukmiR,0.997031927,1,,,,
40545607,2025-06-22,http://fabaceae.cgrpoee.top,LGRPv2,0.995193422,,0,LGRPv2,0.995193422,1,,,,
39980225,2025-02-01,http://lujialab.org.cn/on-line-databases,LICEDB,0.996307969,light industrial core enzyme database,0.927950597,LICEDB,0.996307969,1,,,,
23874394,2013-07-17,http://discovery.lifemapsc.com,LifeMap Discovery,0.972304722,,0,LifeMap Discovery,0.972304722,1,,,,
27493549,2013-08-07,http://ligandbox.protein.osaka-u.ac.jp/ligandbox,LigandBox,0.997803092,,0,LigandBox,0.997803092,1,,,,
33709443,2021-03-11,http://limonada.univ-reims.fr,LIMONADA,0.994873464,,0,LIMONADA,0.994873464,1,,,,
23793747,2013-06-22,http://www.bioinfo.tsinghua.edu.cn,Linc2GO,0.995874822,,0,Linc2GO,0.995874822,1,,,,
31701147,2020-01-01,http://lincsportal.ccs.miami.edu/signatures,LINCS,0.992289344,of Integrated Network-Based Cellular Signatures,0.737134829,LINCS,0.992289344,1,,,,
"24885522, 27924020, 33219661",2021-01-01,http://bioinfo.hrbmu.edu.cn/LincSNP,LincSNP,0.997198164,,0,LincSNP,0.997198164,3,,,,
36305824,2023-01-01,http://data.iscr.ac.cn/lineage,Lineage Landscape,0.991313577,,0,Lineage Landscape,0.991313577,1,,,,
34378177,2021-08-10,http://linguapix.uni-mannheim.de,LinguaPix,0.955935061,,0,LinguaPix,0.955935061,1,,,,
29136207,2018-01-01,http://www.linkedomics.org,LinkedOmics,0.990786731,,0,LinkedOmics,0.990786731,1,,,,
27794552,2016-10-28,http://linkprot.cent.uw.edu.pl,LinkProt,0.987855673,,0,LinkProt,0.987855673,1,,,,
34415996,2021-08-01,http://mahshaaban.shinyapps.io/LINPSAPP,LINPS,0.818079352,,0,LINPS,0.818079352,1,,,,
22112530,2011-01-01,http://www.lipabase-pfba-tun.org,LIPABASE,0.963444293,,0,LIPABASE,0.963444293,1,,,,
40080702,2025-03-01,http://lipidfun.bioinfomics.org,LipidFun,0.995307624,,0,LipidFun,0.995307624,1,,,,
23667450,2013-05-07,http://www.ebi.ac.uk/apweiler-srv/lipidhome,LipidHome,0.980949104,,0,LipidHome,0.980949104,1,,,,
29648583,2018-09-01,http://lipidpedia.cmdm.tw,LipidPedia,0.990220785,,0,LipidPedia,0.990220785,1,,,,
36053554,2022-09-01,http://www.medsysbio.org:8080/LiqBioer,LiqBioer,0.993945837,,0,LiqBioer,0.993945837,1,,,,
30357370,2019-01-01,http://bioinfo5.ugr.es/liqdb,liqDB,0.997288704,,0,liqDB,0.997288704,1,,,,
34643715,2022-01-01,http://venyao.xyz/lirbase,LIRBase,0.997228861,,0,LIRBase,0.997228861,1,,,,
37530436,2023-08-02,http://lircentral.eu,LIRcentral,0.995626867,,0,LIRcentral,0.995626867,1,,,,
26546515,2015-11-05,"http://legumeinfo.org, http://legumefederation.org",LIS,0.903893352,Legume Information System,0.759577766,LIS,0.903893352,1,,,,
26444974,2015-10-06,http://listeria.um.edu.my,ListeriaBase,0.993109643,,0,ListeriaBase,0.993109643,1,,,,
"36043400, 33166392",2022-08-01,http://ftp.ncbi.nlm.nih.gov/pub/lu/LitCovid/biocreative,LitCovid,0.996545017,,0,LitCovid,0.996545017,2,,,,
21707958,2011-06-28,http://mbio-serv2.mbioekol.lu.se/Littorina,LSD,0.87695243,Littorina sequence database,0.878103534,Littorina sequence database,0.878103534,1,,,,
33877974,2021-05-25,http://live.ece.utexas.edu/research/LIVE_NFLX_II/live_nflx_plus.html,LIVE-NFLX-II,0.79076913,,0,LIVE-NFLX-II,0.79076913,1,,,,
23601370,2013-04-21,http://liveratlas.hupo.org.cn,LiverAtlas,0.997491121,,0,LiverAtlas,0.997491121,1,,,,
22369201,2011-11-30,http://liverome.kobic.re.kr,Liverome,0.81696564,,0,Liverome,0.81696564,1,,,,
29029599,2017-10-13,http://liverwiki.hupo.org.cn,LiverWiki,0.995711923,,0,LiverWiki,0.995711923,1,,,,
36253723,2022-10-17,http://bioinfo.njau.edu.cn/livestockExp,LivestockExp,0.997851074,,0,LivestockExp,0.997851074,1,,,,
23452239,2013-03-04,http://ljgea.noble.org,LjGEA,0.995089054,Lotus japonicus Gene Expression Atlas,0.94991678,LjGEA,0.995089054,1,,,,
"35025997, 31906602",2022-03-01,http://bio-comp.org.cn/llpsdbv2,LLPSDB,0.997212887,,0,LLPSDB,0.997212887,2,,,,
40495324,2025-06-10,http://lm-glycorepo.glycosmos.org/lm_glycorepo,LM-GlycoRepo,0.931003256,Minimum Information Required for a,0.805264781,LM-GlycoRepo,0.931003256,1,,,,
25776024,2015-03-16,http://bicresources.jcbose,LMPID,0.998238027,Linear Motif mediated Protein Interaction Database,0.925727314,LMPID,0.998238027,1,,,,
36993866,2023-03-09,http://igkv.ac.in/xenom/index.aspx,LMTdb,0.995348006,Little Millet Transcriptome Database,0.987886061,LMTdb,0.995348006,1,,,,
"33219685, 26481356, 30407549",2021-01-01,"http://www.bio-bigdata.net/lnc2cancer, http://bio-bigdata.hrbmu.edu.cn/lnc2cancer",Lnc2Cancer,0.99007107,,0,Lnc2Cancer,0.99007107,3,,,,
29069510,2018-01-01,http://www.bio-bigdata.com/Lnc2Meth,Lnc2Meth,0.998092294,,0,Lnc2Meth,0.998092294,1,,,,
"34850125, 30476305",2022-01-01,"http://bio-bigdata.hrbmu.edu.cn/LncACTdb, http://www.bio-bigdata.net/LncACTdb",LncACTdb,0.993309855,,0,LncACTdb,0.993309855,2,,,,
26787663,2016-01-18,http://lncanet.bioinfo-minzhao.org/Contact,LnCaNet,0.995760918,,0,LnCaNet,0.995760918,1,,,,
32820322,2021-05-01,http://lncrna2as.cd120.com,LncAS2Cancer,0.992546678,,0,LncAS2Cancer,0.992546678,1,,,,
26944085,2017-03-01,http://biocc.hrbmu.edu.cn/LNCat,LNCat,0.995651901,lncRNA,0.774182886,LNCat,0.995651901,1,,,,
"36330950, 31524988, 30329098",2023-01-01,http://ngdc.cncb.ac.cn/lncbook,LncBook,0.997623146,,0,LncBook,0.997623146,3,,,,
40833782,2025-09-01,http://bio-bigdata.hrbmu.edu.cn/LncCE,LncCE,0.993896186,Cellularly-Elevated LncRNA,0.970883462,LncCE,0.993896186,1,,,,
29961817,2018-01-01,http://lnccerbase.it1004.com,LncCeRBase,0.998007238,,0,LncCeRBase,0.998007238,1,,,,
24926662,2014-06-13,http://gyanxet-beta.com/lncedb,lnCeDB,0.99820447,,0,lnCeDB,0.99820447,1,,,,
27651464,2016-09-19,http://bioinfo.life.hust.edu.cn/LNCediting,LNCediting,0.996848762,,0,LNCediting,0.996848762,1,,,,
25308527,2014-12-01,http://bioinfo.hrbmu.edu.cn/lncefdb,LncEnvironmentDB,0.989758611,,0,LncEnvironmentDB,0.989758611,1,,,,
31617563,2020-01-01,http://www.bio-bigdata.net/LnCeVar,LnCeVar,0.998445213,,0,LnCeVar,0.998445213,1,,,,
33045751,2021-01-01,http://bigd.big.ac.cn/lncexpdb,LncExpDB,0.998109341,,0,LncExpDB,0.998109341,1,,,,
34464437,2021-08-01,http://lncexplore.bmi.nycu.edu.tw,lncExplore,0.996928811,,0,lncExplore,0.996928811,1,,,,
29788225,2018-01-01,http://biocc.hrbmu.edu.cn/LnChrom,LnChrom,0.996899307,,0,LnChrom,0.996899307,1,,,,
"36869839, 36869839, 36869839, 36869839, 36869839, 36869839, 36869839",2023-03-01,http://maayanlab.cloud/lncHUB2,lncHUB2,0.997985303,,0,lncHUB2,0.997985303,7,,,,
"30371849, 23042674, 25378313",2019-01-01,http://lncipedia.org,LNCipedia,0.997421205,,0,LNCipedia,0.997421205,3,,,,
28751672,2017-07-27,http://www.bio-bigdata.com/LNCmap,LNCmap,0.997964621,LncRNA Connectivity Map,0.948274367,LNCmap,0.997964621,1,,,,
38011720,2023-11-01,http://spare4.hospital.studio:9000/lncPCD/Home.jsp,LncPCD,0.99770689,,0,LncPCD,0.99770689,1,,,,
35141219,2022-01-24,http://www.shenglilabs.com/LncPep,LncPep,0.996994495,,0,LncPep,0.996994495,1,,,,
39435995,2025-01-01,http://www.cnitbiotool.net/LncPepAtlas,LncPepAtlas,0.996361673,,0,LncPepAtlas,0.996361673,1,,,,
36304839,2022-09-01,http://www.lncphedb.com,LncPheDB,0.998785317,,0,LncPheDB,0.998785317,1,,,,
41278533,2025-11-21,http://www.lncplankton.bio.ens.psl.eu,LncPlankton,0.996632934,,0,LncPlankton,0.996632934,1,,,,
32766766,2021-05-01,http://lncR2metasta.wchoda.com,lncR2metasta,0.978646653,,0,lncR2metasta,0.978646653,1,,,,
"33112702, 25233092",2020-10-28,http://dibresources.jcbose.ac.in/zhumur/lncrbase2,LncRBase,0.9981637,,0,LncRBase,0.9981637,2,,,,
26363021,2015-09-10,http://bioinformatics.ustc.edu.cn/lncreg,LncReg,0.997745812,,0,LncReg,0.997745812,1,,,,
"30380072, 25399422",2019-01-01,http://123.59.132.21/lncrna2target,LncRNA2Target,0.983380377,,0,LncRNA2Target,0.983380377,2,,,,
25332394,2014-10-20,http://lncrnadb.org,lncRNAdb,0.996756196,,0,lncRNAdb,0.996756196,1,,,,
"37819033, 30285109, 31942978, 23175614",2024-01-01,http://www.rnanut.net/lncrnadisease,LncRNADisease,0.963101439,non-coding RNA disease database,0.798822011,LncRNADisease,0.963101439,4,,,,
34791419,2022-01-01,http://ccsm.uth.edu/lncRNAfunc,lncRNAfunc,0.997836709,,0,lncRNAfunc,0.997836709,1,,,,
24525374,2014-01-23,http://lncRNAMap.mbc.nctu.edu.tw,lncRNAMap,0.98099345,,0,lncRNAMap,0.98099345,1,,,,
30276831,2018-10-02,http://lnc.rnanet.org,lncRNAnet,0.986113548,,0,lncRNAnet,0.986113548,1,,,,
"36350671, 29077939, 25332392",2023-01-01,http://gong_lab.hzau.edu.cn/lncRNASNP3,lncRNASNP,0.996575296,,0,lncRNASNP,0.996575296,3,,,,
24813212,2014-05-09,http://lncrnator.ewha.ac.kr,lncRNAtor,0.842248619,,0,lncRNAtor,0.842248619,1,,,,
34751395,2022-01-01,http://ngdc.cncb.ac.cn/lncrnawiki,LncRNAWiki,0.99794662,,0,LncRNAWiki,0.99794662,1,,,,
23846593,2013-07-11,http://genome.igib.res.in/lncRNome,lncRNome,0.995862365,,0,lncRNome,0.995862365,1,,,,
33045741,2021-01-01,http://bio.liclab.net/LncSEA/index.php,LncSEA,0.996705592,,0,LncSEA,0.996705592,1,,,,
32193291,2020-03-19,http://bio-bigdata.hrbmu.edu.cn/LncSpA,LncSpA,0.997582436,,0,LncSpA,0.997582436,1,,,,
"36321659, 31713618",2023-01-01,"http://bio-bigdata.hrbmu.edu.cn/LncTarD, http://lnctard.bio-database.com",LncTarD,0.998159111,,0,LncTarD,0.998159111,2,,,,
27605101,2016-09-06,http://bioinfo.ibp.ac.cn/LncVar,LncVar,0.995780408,,0,LncVar,0.995780408,1,,,,
40257905,2025-04-01,http://localizatome.embrys.jp,Localizatome,0.938611805,,0,Localizatome,0.938611805,1,,,,
25725059,2015-02-27,http://genome.unmc.edu/LocSigDB,LocSigDB,0.997438669,,0,LocSigDB,0.997438669,1,,,,
38580076,2024-04-03,http://logomotif.bioinformatics.nl,LogoMotif,0.997309804,,0,LogoMotif,0.997309804,1,,,,
23998809,2013-08-30,http://genomics.senescence.info/longevity,LongevityMap,0.995389521,,0,LongevityMap,0.995389521,1,,,,
40542429,2025-06-20,http://loopcatalog.lji.org,Loop Catalog,0.788397253,,0,Loop Catalog,0.788397253,1,,,,
24150937,2013-10-22,http://www.weizmann.ac.il/molgen/loqate,LoQAtE,0.994121492,Localizaiton and Quantitation Atlas of the yeast proteomE,0.870577331,LoQAtE,0.994121492,1,,,,
41339793,2025-12-03,http://lostdbcancer.com:8080,LOSTdb,0.995465457,,0,LOSTdb,0.995465457,1,,,,
28008948,2016-12-23,http://lotus.au.dk,Lotus Base,0.940765053,,0,Lotus Base,0.940765053,1,,,,
25819075,2015-03-27,http://lotus-db.wbgcas.cn,LOTUS-DB,0.744012758,,0,LOTUS-DB,0.744012758,1,,,,
21520333,2011-02-22,http://www.LOVD.nl,LOVD,0.994573355,Leiden Open-source Variation Database,0.861171469,LOVD,0.994573355,1,,,,
24243842,2013-11-15,http://www.bacterio.net,LPSN,0.997364774,List of Prokaryotic Names with Standing in Nomenclature,0.985107541,LPSN,0.997364774,1,,,,
"31599330, 27987180, 24185698",2020-01-01,http://bigd.big.ac.cn/lsd,LSD,0.993650754,leaf senescence database,0.934000885,LSD,0.993650754,3,,,,
39824652,2025-01-01,http://zenodo.org/records/13952449,LSD600,0.965329349,,0,LSD600,0.965329349,1,,,,
40164028,2025-03-30,http://45.248.163.59/bic/lsdb,LSDVvac,0.995539069,,0,LSDVvac,0.995539069,1,,,,
25630312,2016-03-01,http://www.bcbl.eu/databases/lse,LSE-Sign,0.994305208,,0,LSE-Sign,0.994305208,1,,,,
22750101,2012-06-30,http://www.vit.ac.in/leprosy/leprosy.htm,LSHGD,0.994387046,Leprosy Susceptible Human Gene Database,0.994129015,LSHGD,0.994387046,1,,,,
35306140,2022-03-16,http://cloud.tasly.com,LTM-TCM,0.994109678,,0,LTM-TCM,0.994109678,1,,,,
32499815,2020-05-15,http://luluseqdb.umk.pl/basic/web/index.php,LuluDB,0.996738493,,0,LuluDB,0.996738493,1,,,,
34936882,2021-12-21,http://www.lungmap.net/cell-cards,Lung CellCards,0.907546788,,0,Lung CellCards,0.907546788,1,,,,
32618424,2020-07-01,http://bmm-lab.github.io/LymphoAtlas,LymphoAtlas,0.957420588,,0,LymphoAtlas,0.957420588,1,,,,
26708986,2015-12-26,http://www.lymphos.org,LymPHOS,0.99777627,,0,LymPHOS,0.99777627,1,,,,
"26590263, 24270788",2015-11-20,http://lynx.ci.uchicago.edu,Lynx,0.996176362,,0,Lynx,0.996176362,2,,,,
37870437,2024-01-01,http://m2or.chemsensim.fr,M2OR,0.995492265,Molecule to Olfactory Receptor database,0.960498333,M2OR,0.995492265,1,,,,
24002112,2013-09-03,http://prodata.swmed.edu/M2S/mut2seq.cgi,M2SG,0.962027684,Mendelian Inheritance in Man,0.855303322,M2SG,0.962027684,1,,,,
34986603,2022-01-01,http://www.xjtlu.edu.cn/biologicalsciences/m5c-atlas,m5C-Atlas,0.984583199,,0,m5C-Atlas,0.984583199,1,,,,
40103610,2025-02-21,http://m6a2circ.canceromics.org,m6A2Circ,0.994096923,,0,m6A2Circ,0.994096923,1,,,,
33906563,2021-04-27,http://m6add.edbc.org,M6ADD,0.994489074,m6A-diseases database,0.816149268,M6ADD,0.994489074,1,,,,
36134713,2023-01-01,http://idrblab.org/m6areg,M6AREG,0.994694054,,0,M6AREG,0.994694054,1,,,,
29036329,2018-01-01,http://m6avar.renlab.org,m6AVar,0.985386446,,0,m6AVar,0.985386446,1,,,,
23658631,2013-04-29,http://mabscessus.um.edu.my,MabsBase,0.996929765,,0,MabsBase,0.996929765,1,,,,
36388568,2022-10-27,http://macadamiaggd.net,MacadamiaGGD,0.984882891,Macadamia germplasm and genomic database,0.928516063,MacadamiaGGD,0.984882891,1,,,,
39934999,2025-02-11,http://macaquenet.github.io,MacaqueNet,0.989827096,,0,MacaqueNet,0.989827096,1,,,,
37897362,2024-01-01,http://macc.badd-cao.net,MACC,0.992270947,,0,MACC,0.992270947,1,,,,
37027007,2023-07-01,http://ngdc.cncb.ac.cn/macdb,MACdb,0.996557176,,0,MACdb,0.996557176,1,,,,
25536965,2014-12-22,http://mace.sookmyung.ac.kr,MACE,0.964918494,,0,MACE,0.964918494,1,,,,
22058127,2011-11-03,http://www.ebi.ac.uk/thornton-srv/databases/MACiE,MACiE,0.995728016,Annotation,0.672201276,MACiE,0.995728016,1,,,,
22954629,2012-09-06,http://www.maconda.bham.ac.uk,MaConDa,0.993165344,Mass spectrometry Contaminants Database,0.910215296,MaConDa,0.993165344,1,,,,
39197059,2024-08-01,http://minmatt.shinyapps.io/MACSFeD,MACSFeD,0.997765899,Mosquito Acoustic Communication and Swarming Features Database,0.933751154,MACSFeD,0.997765899,1,,,,
32367112,2020-01-01,http://big.cdu.edu.cn/macsnvdb,MACSNVdb,0.99785769,,0,MACSNVdb,0.99785769,1,,,,
31353404,2019-01-01,http://madb.ethz.ch,MAdb,0.965469927,Mammalian Annotation Database tool,0.926022192,MAdb,0.965469927,1,,,,
40931350,2025-09-10,http://magdb.nanhulab.ac.cn,MAGdb,0.997733593,,0,MAGdb,0.997733593,1,,,,
31665439,2020-01-01,http://magen.whu.edu.cn,MaGenDB,0.993712246,,0,MaGenDB,0.993712246,1,,,,
24143056,2013-09-23,http://www.tnaugenomics.com/mango/index.php,MAGICdb,0.998173594,Mango Genetic stocks,0.772508487,MAGICdb,0.998173594,1,,,,
36467581,2022-11-12,http://www.unimd.org/magmd,MagMD,0.992519274,Metabolic action of gut Microbiota to Drugs,0.750123215,MagMD,0.992519274,1,,,,
"28943872, 28077565",2017-09-08,http://www.mahmi.org,MAHMI,0.988386333,Mechanism of Action of the Human Microbiome,0.950187612,MAHMI,0.988386333,2,,,,
"26432828, 26519406, 30407532, 30407532, 30407532, 30407532, 30407532, 30407532, 30407532, 30407532, 30407532, 30407532, 30407532, 30407532, 30407532, 30407532, 30407532, 30407532, 30407532, 30407532, 30407532, 30407532, 30407532, 30407532, 30407532, 30407532, 30407532, 30407532, 30407532, 30407532, 30407532, 30407532",2019-01-01,http://www.maizegdb.org,MaizeGDB,0.995507419,and,0.607942879,MaizeGDB,0.995507419,32,,,,
33193550,2020-10-22,http://maizemine.maizegdb.org,MaizeMine,0.995152235,Maize Genetics and Genome Database,0.688180787,MaizeMine,0.995152235,1,,,,
37953365,2024-01-01,http://majiq.biociphers.org/majiqlopedia,MAJIQlopedia,0.99311167,,0,MAJIQlopedia,0.99311167,1,,,,
23584832,2013-04-12,http://www.malacards.org,MalaCards,0.994350731,,0,MalaCards,0.994350731,1,,,,
32766702,2020-09-01,http://mfga.uni-muenster.de,MFGA,0.8441058,Male Fertility Gene Atlas,0.886184371,Male Fertility Gene Atlas,0.886184371,1,,,,
37819042,2024-01-01,http://bioinfo.biols.ac.cn/mami,MAMI,0.995462835,Microbiome Atlas of Mothers and Infants,0.981388903,MAMI,0.995462835,1,,,,
27974320,2016-12-14,"http://hpcwebapps.cit.nih.gov/ESBL/Database/MetabolicEnzymes/MetabolicEnzymeDatabase.html, http://hpcwebapps.cit.nih.gov/ESBL/Database/MetabolicEnzymes",,0,Mammalian Metabolic Enzyme Database,0.845961971,Mammalian Metabolic Enzyme Database,0.845961971,1,,,,
26912953,2015-11-30,http://www.iitm.ac.in/bioinfo/mmndb,Unlabelled Mammalian Mitochondrial ncRNA,0.79049837,Mammalian Mitochondrial ncRNA Database,0.941759574,Mammalian Mitochondrial ncRNA Database,0.941759574,1,,,,
30820574,2019-01-01,http://msgp.pt,,0,Mammalian Stress Granules Proteome,0.95231396,Mammalian Stress Granules Proteome,0.95231396,1,,,,
40251157,2025-04-18,http://resource.path.uab.edu/MammOnc-Home.html,MammOnc-DB,0.995778656,,0,MammOnc-DB,0.995778656,1,,,,
36170113,2022-09-01,http://texmst.ibms.sinica.edu.tw,MANE,0.979217052,expression profiles of MANE select transcripts,0.743972634,MANE,0.979217052,1,,,,
31648227,2019-10-24,http://manet.illinois.edu,MANET,0.982270757,metabolic Molecular Ancestry Networks,0.82753098,MANET,0.982270757,1,,,,
27924046,2016-10-24,http://manteia.igbmc.fr,Manteia,0.997795522,,0,Manteia,0.997795522,1,,,,
24558125,2014-02-20,http://mantra.tigem.it,MANTRA,0.991984367,,0,MANTRA,0.991984367,1,,,,
33903708,2021-04-26,http://stablab.uniroma2.it/MAP,MAP,0.872308294,microRNA Analysis Portal,0.776325062,MAP,0.872308294,1,,,,
39420633,2025-01-01,http://bigdata.ibp.ac.cn/mapBRAIN,MAPbrain,0.994884372,,0,MAPbrain,0.994884372,1,,,,
24391364,2013-12-06,http://www.mapsdatabase.com,MAPS,0.955033183,Medicinal plant Activities,0.944907701,MAPS,0.955033183,1,,,,
33685383,2021-03-18,http://lncrnapipe.cimap.res.in,MAPslnc,0.99292849,,0,MAPslnc,0.99292849,1,,,,
29897419,2018-09-01,http://www.mardy.net,MARDy,0.99679625,Mycology Antifungal Resistance Database,0.973570075,MARDy,0.99679625,1,,,,
36932341,2023-03-17,http://mare-mage.weebly.com,Mare-MAGE,0.801697463,,0,Mare-MAGE,0.801697463,1,,,,
24125644,2013-10-01,http://marinegenomics.oist.jp,MarinegenomicsDB,0.994072795,,0,MarinegenomicsDB,0.994072795,1,,,,
36401317,2022-11-18,http://webapp.ufz.de/marmdb,MarineMetagenomeDB,0.994095189,Marine Metagenome Metadata Database,0.956016183,MarineMetagenomeDB,0.994095189,1,,,,
"39535054, 33245771",2025-01-01,http://markerdb.ca,MarkerDB,0.996113002,,0,MarkerDB,0.996113002,2,,,,
24330312,2013-12-12,http://marmal-aid.org,Marmal-aid,0.976534307,,0,Marmal-aid,0.976534307,1,,,,
41361262,2025-12-08,http://www.marts-db.org,MARTS-DB,0.991317943,Mechanisms And Reactions of Terpene Synthases DataBase,0.939387841,MARTS-DB,0.991317943,1,,,,
24167507,2013-10-23,http://gator.masc-proteomics.org,MASCP Gator,0.840257004,,0,MASCP Gator,0.840257004,1,,,,
22545773,2012-04-30,http://bat.infspire.org/databases/masivedb,MASiVEdb,0.994499087,Mapping and Analysis of SireVirus Elements Database,0.726713588,MASiVEdb,0.994499087,1,,,,
34177338,2021-03-01,"http://webs2.kazusa.or.jp/massbase/, http://webs2.kazusa.or.jp/km2",MassBase,0.987924576,,0,MassBase,0.987924576,1,,,,
"36399478, 31586405",2023-01-01,http://matrisomedb.org,MatrisomeDB,0.997006476,the ECM-protein knowledge database,0.631314657,MatrisomeDB,0.997006476,2,,,,
"39838450, 31679514",2025-01-21,http://www.mavedb.org,MaveDB,0.996891856,,0,MaveDB,0.996891856,2,,,,
22301388,2012-02-02,http://www.biochem.mpg.de/maxqb,MaxQB,0.992410779,,0,MaxQB,0.992410779,1,,,,
41190809,2025-12-01,http://viz.stjude.cloud/st-jude-childrens-research-hospital/visualization/medulloblastoma-integrative-analysis-portal,MB-meta,0.902367393,,0,MB-meta,0.902367393,1,,,,
40800752,2025-02-21,http://www.marmosetbrainconnectome.org/apparatus,MBC,0.675761094,Marmoset Brain Connectome,0.635049477,MBC,0.675761094,1,,,,
39315152,2024-09-06,http://www.microbiota.cn,MBCN,0.956302583,Microbiome,0.520159543,MBCN,0.956302583,1,,,,
22547615,2012-04-30,"http://www.mbled.uni-stuttgart.de, http://www.lahey.org/Studies",MBLED,0.99639684,Lactamase Engineering Database,0.869486794,MBLED,0.99639684,1,,,,
34718713,2022-01-01,http://mbodymap.microbiome.cloud,mBodyMap,0.998005807,,0,mBodyMap,0.998005807,1,,,,
37086947,2023-04-21,http://bioinfor.imu.edu.cn/mbpa,MbPA,0.991649389,The Metal-binding Protein Atlas,0.91296197,MbPA,0.991649389,1,,,,
37114805,2023-04-01,http://datasharingada.fondazionerimed.com:8080/MBS,MBS,0.705147982,,0,MBS,0.705147982,1,,,,
34729303,2021-06-07,http://www.combio-lezhang.online/MCDB/index_html,MCDB,0.984939098,Mitotic Catastrophe Database,0.963184257,MCDB,0.984939098,1,,,,
24214963,2013-11-07,http://www.genomeindia.org/biocuration,MCDRP,0.995357215,Manually Curated Database of Rice Proteins,0.991914093,MCDRP,0.995357215,1,,,,
30057343,2018-07-18,http://bioinformatics.cau.edu.cn/MCENet,MCENet,0.991767049,,0,MCENet,0.991767049,1,,,,
37925500,2023-11-04,http://mcf.lifesynther.com,MCF2Chem,0.997077569,,0,MCF2Chem,0.997077569,1,,,,
25432973,2014-11-27,http://maize.jcvi.org/cellgenomics,MCG,0.953158339,Maize Cell Genomics,0.678850925,MCG,0.953158339,1,,,,
28481982,2017-09-01,http://friedmanlab.weizmann.ac.il/McPAS-TCR,McPAS-TCR,0.978659749,,0,McPAS-TCR,0.978659749,1,,,,
33780471,2021-03-29,http://mcpdb.mbi.ucla.edu,MCPdb,0.99681139,The bacterial microcompartment database,0.613576069,MCPdb,0.99681139,1,,,,
27069559,2016-03-02,http://spellchecker.mfldclin.edu,MD-CTS,0.988920406,of Clinical and,0.767214457,MD-CTS,0.988920406,1,,,,
30764761,2019-02-14,http://csc.columbusstate.edu/carroll/MDB,MDB,0.958996102,,0,MDB,0.958996102,1,,,,
40645675,2025-06-10,http://mddb.nitrr.ac.in,MDDB,0.987072965,MicroRNA Disease Databank,0.806561112,MDDB,0.987072965,1,,,,
38917209,2024-06-01,http://www.csuligroup.com/MDDOmics,MDDOmics,0.986775279,Major Depressive Disorder Omics,0.836025119,MDDOmics,0.986775279,1,,,,
40236778,2025-03-21,http://idrblab.org/mdipid,MDIPID,0.998067677,Microbiota-Drug Interaction and Disease Phenotype Interrelation Database,0.959521519,MDIPID,0.998067677,1,,,,
26513174,2015-11-01,http://mdp.unimore.it,MDP,0.993027329,and Drugs Portal,0.741629084,MDP,0.993027329,1,,,,
31240103,2019-06-15,http://mdr.xieslab.org,MDR,0.993409554,,0,MDR,0.993409554,1,,,,
30584170,2018-01-01,http://www.mdsgene.org,MDSGene,0.993123114,Database,0.699059725,MDSGene,0.993123114,1,,,,
37101150,2023-04-27,http://sky.sxau.edu.cn/MDSi.htm,MDSi,0.994119525,Multi-omics Database for,0.757475841,MDSi,0.994119525,1,,,,
38805752,2024-05-01,"http://zhanglab-web.tongji.edu.cn/mechanobase/, http://compbio-zhanglab.org/mechanobase",MechanoBase,0.997685373,,0,MechanoBase,0.997685373,1,,,,
38837788,2024-06-01,http://mechanoprodb.ibdm.univ-amu.fr,MechanoProDB,0.996076822,,0,MechanoProDB,0.996076822,1,,,,
41122912,2025-12-01,http://medakabase.nbrp.jp,MedakaBase,0.990168869,,0,MedakaBase,0.990168869,1,,,,
33084905,2021-01-01,http://das.chenlulab.com,MeDAS,0.996930599,Metazoan Developmental Alternative Splicing database,0.747435543,MeDAS,0.996930599,1,,,,
36243971,2023-01-01,http://medba.ddtmlab.org,MeDBA,0.993498147,Metalloenzyme Data,0.615156293,MeDBA,0.993498147,1,,,,
25098325,2014-08-06,http://mediadb.systemsbiology.net,MediaDB,0.991332531,,0,MediaDB,0.991332531,1,,,,
22701463,2012-06-11,http://phospho.medicago.wisc.edu,MPPD,0.981770674,Medicago PhosphoProtein Database,0.982081629,Medicago PhosphoProtein Database,0.982081629,1,,,,
25432968,2014-11-28,http://www.MedicagoGenome.org,MedicMine,0.649071693,Medicago truncatula genome database,0.925092287,Medicago truncatula genome database,0.925092287,1,,,,
37860605,2023-10-17,http://doi.org/10.24432/C5VS5G,MOVER,0.912756205,Medical Informatics Operating Room Vitals and Events Repository,0.952202519,Medical Informatics Operating Room Vitals and Events Repository,0.952202519,1,,,,
40833036,2025-09-01,http://www.cuilab.cn/medimg,MedImg,0.993596017,,0,MedImg,0.993596017,1,,,,
30381914,2018-11-28,http://bif.uohyd.ac.in/medserver,MedPServer,0.69970268,,0,MedPServer,0.69970268,1,,,,
29145608,2018-01-01,http://medreader.org,MeDReaders,0.957522929,,0,MeDReaders,0.957522929,1,,,,
39733351,2024-12-30,http://medshapenet.ikim.nrw,MedShapeNet,0.994905829,,0,MedShapeNet,0.994905829,1,,,,
35424258,2021-01-12,http://cb.imsc.res.in/mefsat,MeFSAT,0.988593876,Medicinal Fungi Secondary metabolites And Therapeutics,0.926579752,MeFSAT,0.988593876,1,,,,
29745830,2018-05-08,http://www.bi.cs.titech.ac.jp/megadock-web,MEGADOCK,0.884224534,,0,MEGADOCK,0.884224534,1,,,,
28791657,2018-06-01,http://sedufau.shinyapps.io/megalex,MEGALEX,0.995782244,,0,MEGALEX,0.995782244,1,,,,
"27899569, 31722416",2020-01-01,http://megares.meglab.org,MEGARes,0.933923781,,0,MEGARes,0.933923781,2,,,,
25566299,2014-12-16,http://meiosis.ibcas.ac.cn,MeioBase,0.997380674,,0,MeioBase,0.997380674,1,,,,
34485275,2021-08-13,http://mcg.ustc.edu.cn/bsc/meiosis/index.html,MeiosisOnline,0.993370068,,0,MeiosisOnline,0.993370068,1,,,,
24828308,2014-05-14,http://prime.psc.riken.jp/meko,MeKO,0.985758662,Metabolite Profiling Database for Knock-O,0.698294673,MeKO,0.985758662,1,,,,
31504189,2020-02-01,http://melad.ddtmlab.org,MeLAD,0.996227562,Metalloenzyme-Ligand Association Database,0.90846928,MeLAD,0.996227562,1,,,,
23875173,2013-07-16,"http://genesetdb.auckland.ac.nz/melanomadb/about.html, http://www.biomatters.com/apps/melanoma-profiler-for-research",MelanomaDB,0.994151652,,0,MelanomaDB,0.994151652,1,,,,
25380778,2014-11-07,http://www.melgene.org,MelGene,0.995092273,,0,MelGene,0.995092273,1,,,,
29795526,2018-05-24,http://melonomics.net,Melonomics,0.821713448,,0,Melonomics,0.821713448,1,,,,
"35481632, 27510400",2022-05-01,http://membranome.org,Membranome,0.99290514,,0,Membranome,0.99290514,2,,,,
33119751,2021-01-01,http://memmorf.hegelab.org,MemMoRF,0.971484363,,0,MemMoRF,0.971484363,1,,,,
30418645,2019-01-01,http://memprotmd.bioch.ox.ac.uk,MemProtMD,0.975355506,,0,MemProtMD,0.975355506,1,,,,
31157825,2020-07-01,http://menda.cqmu.edu.cn:8080/index.php,MENDA,0.996490777,,0,MENDA,0.996490777,1,,,,
33822911,2021-04-01,http://www.moreiralab.com/resources/mensadb,MENSAdb,0.992488444,MEmbrane protein dimer Novel Structure Analyser database,0.932648856,MENSAdb,0.992488444,1,,,,
23219992,2012-12-07,http://mgrc.kribb.re.kr:8080/MENT,MENT,0.987894893,Methylation and Expression database of,0.812570736,MENT,0.987894893,1,,,,
26450962,2015-10-07,http://mepd.cos.uni-heidelberg.de,MEPD,0.996673008,Medaka Expression Pattern Database,0.981669056,MEPD,0.996673008,1,,,,
31231773,2019-01-01,http://mepmirdb.cn/mepmirdb/index.html,MepmiRDB,0.99640429,medicinal plant microRNA database,0.712243244,MepmiRDB,0.99640429,1,,,,
38549946,2024-03-02,http://merits.unimelb-biotools.cloud.edu.au,MERITS,0.994483829,MycobactERIal PE/PPE proTeinS,0.776341653,MERITS,0.994483829,1,,,,
"29145643, 32920969, 22086950, 23584835, 24157837, 26527717",2020-10-03,http://www.ebi.ac.uk/merops,MEROPS,0.980729818,,0,MEROPS,0.980729818,6,,,,
21668943,2011-06-13,http://www.cbib.u-bordeaux2.fr/MERYB/index.php,MeRy-B,0.987240215,,0,MeRy-B,0.987240215,1,,,,
21177657,2011-01-01,http://konulab.fen.bilkent.edu.tr/mirna,mESAdb,0.995116591,microRNA expression and sequence analysis database,0.857367776,mESAdb,0.995116591,1,,,,
35559777,2020-12-22,http://aliayadi.github.io/MESOCOSM-database,MESOCOSM,0.996743441,,0,MESOCOSM,0.996743441,1,,,,
31836897,2019-01-01,http://mesophotic.org,mesophotic.org,0.972254475,,0,mesophotic.org,0.972254475,1,,,,
37941148,2024-01-01,http://mespeus.nchu.edu.tw,MESPEUS,0.996694028,,0,MESPEUS,0.996694028,1,,,,
29126312,2018-01-01,"http://compgenomics.utsa.edu/MeTDB/, http://www.xjtlu.edu.cn/metdb2",Met-DB,0.965683778,,0,Met-DB,0.965683778,1,,,,
"33835460, 25378335",2021-01-01,http://compgenomics.utsa.edu/MeTDB,MeT-DB,0.995145404,MethylTranscriptome DataBase,0.968732161,MeT-DB,0.995145404,2,,,,
"33306787, 23521697",2021-08-01,http://lmmd.ecust.edu.cn/metaadedb,MetaADEDB,0.991302609,,0,MetaADEDB,0.991302609,2,,,,
26322134,2015-08-28,http://minedatabase.mcs.anl.gov,MINEs,0.649246573,Metabolic In silico Network Expansions,0.687488483,Metabolic In silico Network Expansions,0.687488483,1,,,,
23935057,2013-08-09,http://www.metabolicmine.org,metabolicMine,0.990483761,,0,metabolicMine,0.990483761,1,,,,
"23060735, 23109552, 23630246",2013-04-29,http://www.ebi.ac.uk/metabolights,MetaboLights,0.997964621,,0,MetaboLights,0.997964621,3,,,,
37925911,2023-11-01,http://cellknowledge.com.cn/MetaboliteCOVID,MetaboliteCOVID,0.96209079,,0,MetaboliteCOVID,0.96209079,1,,,,
25905099,2015-04-07,http://metabolonote.kazusa.or.jp,Metabolonote,0.994843602,Metabolome,0.64512068,Metabolonote,0.994843602,1,,,,
22086948,2011-11-15,http://metacrop.ipk-gatersleben.de,MetaCrop,0.99725759,,0,MetaCrop,0.99725759,1,,,,
"29059334, 22102576",2018-01-01,"http://MetaCyc.org, http://BioCyc.org",MetaCyc,0.994340897,,0,MetaCyc,0.994340897,2,,,,
24850854,2014-05-21,http://bioinfo.hrbmu.edu.cn/MetaImprint,MetaImprint,0.993931651,,0,MetaImprint,0.993931651,1,,,,
"23155064, 29077942",2018-01-01,http://metalweb.cerm.unifi.it,MetalPDB,0.997881174,,0,MetalPDB,0.997881174,2,,,,
24475242,2014-01-27,http://mmdb.aori.u-tokyo.ac.jp,MetaMetaDB,0.99579674,Metagenomic DataBase,0.651920029,MetaMetaDB,0.99579674,1,,,,
25861770,2016-01-01,http://fgfr.ibms.sinic.aedu.tw/MetaMirClust,MetaMirClust,0.966021895,,0,MetaMirClust,0.966021895,1,,,,
34156446,2021-06-01,http://metamorf.hb.univ-amu.fr,MetamORF,0.997968137,,0,MetamORF,0.997968137,1,,,,
26527720,2015-11-02,http://www.metanetx.org,MetaNetX,0.997939885,,0,MetaNetX,0.997939885,1,,,,
33156326,2021-01-01,"http://www.metanetx.org/, http://rdf.metanetx.org",MetaNetX/MNXref,0.987576434,,0,MetaNetX/MNXref,0.987576434,1,,,,
35762265,2022-07-13,http://shiny.metapr2.org,metaPR2,0.97395879,,0,metaPR2,0.97395879,1,,,,
25288655,2014-10-06,http://metaprox.uwaterloo.ca,MetaProx,0.996964276,,0,MetaProx,0.996964276,1,,,,
24203705,2013-11-06,http://metaref.org,MetaRef,0.996002674,,0,MetaRef,0.996002674,1,,,,
33238004,2020-11-01,http://www.introni.it/Metastasis/metastasis.html,MetaTropismDB,0.996033907,,0,MetaTropismDB,0.996033907,1,,,,
29967752,2018-06-26,http://microbiology.se/software/metaxa2,Metaxa2,0.596945107,,0,Metaxa2,0.596945107,1,,,,
34718719,2022-01-01,http://bioinfo.njau.edu.cn/metazExp,MetazExp,0.998137057,,0,MetazExp,0.998137057,1,,,,
26255309,2015-08-08,http://proteomics.ysu.edu/secretomes/animal/index.php,MetazSecKB,0.997505963,,0,MetazSecKB,0.997505963,1,,,,
"36318250, 29161430, 25294826",2023-01-01,http://ngdc.cncb.ac.cn/methbank,MethBank,0.993737161,,0,MethBank,0.993737161,3,,,,
29433427,2018-02-13,http://cgma.scu.edu.cn/MethCNA,MethCNA,0.993689835,,0,MethCNA,0.993689835,1,,,,
37889076,2024-01-01,http://methmarkerdb.hzau.edu.cn,MethMarkerDB,0.995821476,DNA methylation biomarker,0.579610085,MethMarkerDB,0.995821476,1,,,,
27924023,2016-10-18,http://sysbio.sysu.edu.cn/methsmrt,MethSMRT,0.995354295,,0,MethSMRT,0.995354295,1,,,,
22140101,2011-12-02,http://epigenomics.columbia.edu/methylomedb/index.html,MethylomeDB,0.997244477,,0,MethylomeDB,0.997244477,1,,,,
23066841,2012-10-15,"http://www.metnetonline.org, http://www.metnetonline.org/tutorial",MetNet,0.945627868,,0,MetNet,0.945627868,1,,,,
31197322,2019-11-01,http://metosite.uma.es,MetOSite,0.994946599,,0,MetOSite,0.994946599,1,,,,
26106450,2015-06-23,http://www-metrabase.ch.cam.ac.uk,Metrabase,0.998185456,,0,Metrabase,0.998185456,1,,,,
23019219,2012-09-27,http://metscout.mpg.de,METscout,0.998384833,,0,METscout,0.998384833,1,,,,
39436035,2025-01-01,http://relab.xidian.edu.cn/metsDB,metsDB,0.994961977,,0,metsDB,0.994961977,1,,,,
28968812,2019-01-01,http://www.bio-annotation.cn/MetSigDis,MetSigDis,0.997604191,,0,MetSigDis,0.997604191,1,,,,
33382886,2020-12-01,http://www.healthdisparityinformatics.com/MetSRR,MetSRR,0.996502876,Metabolic Syndrome Research Resource,0.966591418,MetSRR,0.996502876,1,,,,
26173767,2015-07-30,http://mfmd.pasteur.ma,MFMD,0.991956189,Mediterranean Founder Mutation Database,0.945347416,MFMD,0.991956189,1,,,,
37908832,2023-10-16,http://124.223.195.214:9188/mfppdb/index,MFPPDB,0.993473053,multi-functional plant peptide database,0.810723931,MFPPDB,0.993473053,1,,,,
26656948,2015-12-09,http://metagenomics.anl.gov,MG-RAST,0.996288791,,0,MG-RAST,0.996288791,1,,,,
29069466,2018-01-01,http://ccg.vital-it.ch/mga,MGA,0.93783768,Genome,0.568572879,MGA,0.93783768,1,,,,
30841849,2019-03-06,http://mgap.ohsu.edu,mGAP,0.988449275,macaque Genotype And Phenotype,0.870370652,mGAP,0.988449275,1,,,,
39524427,2024-08-13,http://mgcpdb.biodb.org,MGCPdb,0.992584825,,0,MGCPdb,0.992584825,1,,,,
23860041,2013-07-17,http://mgdd.pasteur.ma,MGDD,0.994052202,Moroccan Genetic Disease Database,0.972358629,MGDD,0.994052202,1,,,,
22606288,2012-05-11,http://resource.ibab.ac.in/MGEx-Udb,MGEx-Udb,0.998166392,Mammalian Gene Expression Uterus database,0.957160369,MGEx-Udb,0.998166392,1,,,,
38776381,2024-05-01,http://www.crop-diversity.org/mgis/musa-in-situ,MGIS,0.870517234,,0,MGIS,0.870517234,1,,,,
"36477304, 31696235, 26582919",2023-01-01,http://www.ebi.ac.uk/metagenomics,MGnify,0.997318149,,0,MGnify,0.997318149,3,,,,
32386298,2020-01-01,http://research.nhgri.nih.gov/mnemiopsis,MGP Portal,0.925392497,Mnemiopsis Genome Project Portal,0.882159429,MGP Portal,0.925392497,1,,,,
36367311,2022-11-01,http://mgtdb.unsw.edu.au,MGTdb,0.992011309,,0,MGTdb,0.992011309,1,,,,
37831137,2024-01-01,http://mhap.sibcb.ac.cn,mHapBrowser,0.995197296,,0,mHapBrowser,0.995197296,1,,,,
36318236,2023-01-01,http://mhcmotifatlas.org,MHC Motif,0.689360127,MHC Motif Atlas,0.508573711,MHC Motif,0.689360127,1,,,,
39028752,2024-07-01,http://miami-ad.org,MIAMI-AD,0.992646098,Methylation in Aging and Methylation in AD,0.864577075,MIAMI-AD,0.992646098,1,,,,
27167218,2016-05-11,http://47.88.84.236/Miasdb,MiasDB,0.997192025,,0,MiasDB,0.997192025,1,,,,
"39657789, 36399496, 31612915",2025-01-01,http://mibig.secondarymetabolites.org,MIBiG,0.996939003,Minimum Information about a Biosynthetic Gene Cluster,0.971989518,MIBiG,0.996939003,3,,,,
38867901,2022-08-17,http://mibpop.genome-mining.cn,mibPOPdb,0.996619205,Microbial Biodegradation of Persistent Organic Pollutants Database,0.965734165,mibPOPdb,0.996619205,1,,,,
25022454,2014-01-01,http://www.polyu.edu.hk/bmi/dipp,MICAD,0.960550686,Molecular Imaging and,0.806334178,MICAD,0.960550686,1,,,,
24536078,2014-02-17,http://www.cdfd.org.in/micas,MICdb,0.989687264,,0,MICdb,0.989687264,1,,,,
40144382,2025-02-01,http://www.sysbio.ru/MiceDEGdb,MiceDEGdb,0.996718049,,0,MiceDEGdb,0.996718049,1,,,,
39707929,2024-12-01,http://microbialchemreskb.com,MiCK,0.995329058,Microbial Chemoresistance Knowledgebase,0.945632628,MiCK,0.995329058,1,,,,
26286928,2015-08-18,http://micrhode.sb-roscoff.fr,MicRhoDE,0.990796208,,0,MicRhoDE,0.990796208,1,,,,
38272335,2024-01-23,http://www.microbetcm.com,MicrobeTCM,0.998385906,,0,MicrobeTCM,0.998385906,1,,,,
31042284,2019-05-01,http://knights-lab.github.io/MLRepo,ML Repo,0.96120888,Microbiome Learning Repo,0.96743991,Microbiome Learning Repo,0.96743991,1,,,,
39441071,2025-01-01,http://www.microbiomenet.com,MicrobiomeNet,0.993089676,,0,MicrobiomeNet,0.993089676,1,,,,
36189892,2023-01-01,http://bio-annotation.cn/microbiota,microbioTA,0.997455776,,0,microbioTA,0.997455776,1,,,,
23178820,2012-11-21,"http://bidd.nus.edu.sg/group/MicrobPad/MicrobPad.asp, http://pha-bidd.nus.edu.sg/group/MicrobPad/MicrobPad.asp",MicrobPad MD,0.995625615,microbial pathogen diagnostic methods database,0.982669552,MicrobPad MD,0.995625615,1,,,,
39380496,2025-01-01,http://bio-bigdata.hrbmu.edu.cn/MicroEpitope,MicroEpitope,0.997456789,,0,MicroEpitope,0.997456789,1,,,,
25392421,2014-11-11,http://microkit.biocuckoo.org,MiCroKiTS,0.991478801,,0,MiCroKiTS,0.991478801,1,,,,
31667690,2019-10-30,http://www.microndata.net,Microndata,0.973953187,,0,Microndata,0.973953187,1,,,,
33418085,2020-12-01,"http://www.liwzlab.cn/microphenodb, http://lilab2.sysu.edu.cn/microphenodb",MicroPhenoDB,0.990126431,,0,MicroPhenoDB,0.990126431,1,,,,
"25425035, 22439011",2014-11-25,http://www4a.biotec.or.th/micropir2,microPIR,0.981774867,promoter interaction resource,0.824124861,microPIR,0.981774867,2,,,,
35303059,2022-03-01,http://m3cs.shinyapps.io/M3Cs,M3Cs,0.951334715,MicroRNA childhood Cancer Catalog,0.965200293,MicroRNA childhood Cancer Catalog,0.965200293,1,,,,
"23193269, 27899624, 28968784",2019-07-01,http://www.genoscope.cns.fr/agc/microscope,MicroScope,0.975439906,,0,MicroScope,0.975439906,3,,,,
35760231,2022-06-24,http://suc.gene-db.com,MicroSugar,0.99322331,,0,MicroSugar,0.99322331,1,,,,
37691964,2023-07-19,http://eplant.njau.edu.cn/microTomBase,MicroTom,0.979598403,,0,MicroTom,0.979598403,1,,,,
28365734,2017-01-01,http://www.midasfieldguide.org,MiDAS,0.995514631,,0,MiDAS,0.995514631,1,,,,
34363073,2021-08-01,http://mik.bicnirrh.res.in,MIK,0.993417561,Male Infertility Knowledgebase,0.925598693,MIK,0.993417561,1,,,,
34900127,2021-11-16,http://www.sysbio.org.cn/mikb,MIKB,0.997301161,Myocardial infarction knowledge base,0.9902739,MIKB,0.997301161,1,,,,
28490127,2017-04-12,http://mbpdb.nws.oregonstate.edu,,0,Milk bioactive peptide database,0.679362587,Milk bioactive peptide database,0.679362587,1,,,,
37530223,2023-08-02,http://milletdb.novogene.com,Milletdb,0.996221781,,0,Milletdb,0.996221781,1,,,,
36215042,2023-01-01,http://mimedb.org,MiMeDB,0.997806326,Human Microbial Metabolome Database,0.982950909,MiMeDB,0.997806326,1,,,,
22053087,2011-11-03,http://immunet.cn/mimodb,MimoDB,0.995547354,,0,MimoDB,0.995547354,1,,,,
22096233,2011-11-16,http://www.minas.uzh.ch,MINAS,0.994471371,Metal Ions in Nucleic AcidS,0.86654482,MINAS,0.994471371,1,,,,
37843123,2024-01-01,http://cm.jefferson.edu/MINRbase,MINRbase,0.997774637,Mitochondrial and Nuclear rRNA fragment database,0.989922629,MINRbase,0.997774637,1,,,,
22096227,2011-11-16,"http://mint.bio.uniroma2.it/mint/, http://mint.bio.uniroma2.it/mint/download.do",MINT,0.995954633,Molecular INTeraction Database,0.968848467,MINT,0.995954633,1,,,,
37919660,2023-11-02,http://weilab.sjtu.edu.cn/mipmining,Mip-mining,0.976330474,,0,Mip-mining,0.976330474,1,,,,
30268942,2018-09-27,http://mipanda.org,MiPanda,0.688638806,,0,MiPanda,0.688638806,1,,,,
40257906,2025-04-01,"http://corgenerf.com, http://corgenerf",MIPD,0.9980129,Molecules,0.93042478,MIPD,0.9980129,1,,,,
29109711,2017-10-23,http://proteininformatics.org/mkumar/mipepbase,miPepBase,0.993406117,Mimicry Peptide Database,0.776584784,miPepBase,0.993406117,1,,,,
22080560,2011-11-12,http://bioinfo.iitk.ac.in/MIPModDB,MIPModDB,0.992227316,,0,MIPModDB,0.992227316,1,,,,
23044546,2012-10-07,http://microrna.osumc.edu/mireditar,miR-EdiTar,0.902254691,,0,miR-EdiTar,0.902254691,1,,,,
30649247,2020-03-01,http://www.insect-genome.com/miR-pathway,miR+Pathway,0.936659026,,0,miR+Pathway,0.936659026,1,,,,
32436932,2021-05-01,http://ccsm.uth.edu/miRactDB,miRactDB,0.998288214,,0,miRactDB,0.998288214,1,,,,
35401578,2022-03-24,http://52.4.112.252/shiny/miragdb,miRAGDB,0.997167528,,0,miRAGDB,0.997167528,1,,,,
"30963485, 28049134",2019-01-01,http://miRandb.ir,miRandb,0.993180573,miRNA algorithmic network database,0.859572917,miRandb,0.993180573,2,,,,
"29036351, 23094086",2018-01-01,http://mirandola.iit.cnr.it,miRandola,0.990178049,extracellular circulating microRNAs,0.69080558,miRandola,0.990178049,2,,,,
"30423142, 24275495",2019-01-01,http://mirbase.org,miRBase,0.997651339,,0,miRBase,0.997651339,2,,,,
23325619,2013-01-16,http://mircancer.ecu.edu,miRCancer,0.985522926,,0,miRCancer,0.985522926,1,,,,
29036653,2018-01-01,http://mircarta.cs.uni-saarland.de,miRCarta,0.995174766,,0,miRCarta,0.995174766,1,,,,
"25378301, 31504780",2020-01-01,http://mirdb.org,miRDB,0.996351361,,0,miRDB,0.996351361,2,,,,
"36453996, 29194489",2023-01-01,http://ophid.utoronto.ca/mirDIP,mirDIP,0.971328497,,0,mirDIP,0.971328497,2,,,,
27799474,2016-10-30,http://www.wzgenomics.cn/mirdnmr,mirDNMR,0.996765435,,0,mirDNMR,0.996765435,1,,,,
31404401,2019-08-06,http://mirdrn.ncu.edu.tw/mirdrn,miRDRN,0.996445715,miRNA,0.549448252,miRDRN,0.996445715,1,,,,
22276777,2012-01-25,http://mirdsnp.ccr.buffalo.edu,miRdSNP,0.998023212,,0,miRdSNP,0.998023212,1,,,,
25889518,2015-03-28,http://www.mirecdb.org,miREC,0.907016993,,0,miREC,0.907016993,1,,,,
34349127,2021-08-04,http://ncrnaome.osumc.edu/miredibase,MiREDiBase,0.997606039,,0,MiREDiBase,0.997606039,1,,,,
26243198,2015-08-05,http://bnet.egr.vcu.edu/miRegulome,miRegulome,0.996385574,,0,miRegulome,0.996385574,1,,,,
21984757,2011-10-07,http://cmbi.bjmu.edu.cn/miren,miREnvironment,0.989526451,,0,miREnvironment,0.989526451,1,,,,
34052284,2021-05-28,http://www.physio.wzw.tum.de/mirev,miREV,0.99435091,,0,miREV,0.99435091,1,,,,
"26141515, 22013167",2015-06-16,http://www.combio.pl/mirex,mirEX,0.982228279,,0,mirEX,0.982228279,2,,,,
"25858286, 28439836",2017-01-01,"http://mirgate.bioinfo.cnio.es, http://mirgate.bioinfo.cnio.es/API",miRGate,0.99535054,,0,miRGate,0.99535054,2,,,,
"34850127, 31598695",2022-01-01,http://www.mirgenedb.org,MirGeneDB,0.99370259,,0,MirGeneDB,0.99370259,2,,,,
29220447,2017-01-01,http://www.miriad-database.org,MiRIAD,0.840786457,,0,MiRIAD,0.840786457,1,,,,
37930817,2024-01-01,http://miriq.agr.kyushu-u.ac.jp/index.php,MiRiQ,0.976682484,Mutation-induced Rice in,0.743874868,MiRiQ,0.976682484,1,,,,
28108447,2017-05-01,http://guanlab.ccmb.med.umich.edu/mirmine,miRmine,0.975829124,,0,miRmine,0.975829124,1,,,,
28365733,2017-01-01,http://www.mirnalyze.in,miRnalyze,0.994418919,,0,miRnalyze,0.994418919,1,,,,
25877638,2015-04-15,http://bioinfo.life,miRNASNP,0.998172939,,0,miRNASNP,0.998172939,1,,,,
32990748,2021-01-01,http://bioinfo.life.hust.edu.cn/miRNASNP,miRNASNP-v3,0.997226487,,0,miRNASNP-v3,0.997226487,1,,,,
39413204,2025-01-01,http://gong_lab.hzau.edu.cn/miRNASNP,miRNASNP-v4,0.996950974,,0,miRNASNP-v4,0.996950974,1,,,,
39540421,2025-01-01,http://www.ccb.uni-saarland.de/tissueatlas2025,miRNATissueAtlas,0.955463588,,0,miRNATissueAtlas,0.955463588,1,,,,
"22135287, 24243848",2013-11-15,http://mirnest.amu.edu.pl,miRNEST,0.990006804,,0,miRNEST,0.990006804,2,,,,
"27742822, 31691816",2020-01-01,http://mpd.bioinf.uni-sb.de,miRPathDB,0.997528672,miRNA Pathway Dictionary Database,0.964912802,miRPathDB,0.997528672,2,,,,
25527833,2014-12-20,http://www.microrna.gr/mirpub,mirPub,0.996326447,,0,mirPub,0.996326447,1,,,,
35352997,2022-03-30,http://mirror.egnome.co.kr,MIrROR,0.996891975,,0,MIrROR,0.996891975,1,,,,
23173617,2012-11-23,http://cmbi.bjmu.edu.cn/mirsnp,MirSNP,0.993562758,,0,MirSNP,0.993562758,1,,,,
24244721,2013-11-14,http://mudshark.brookes.ac.uk/MirStress,miRStress,0.982590735,,0,miRStress,0.982590735,1,,,,
40186419,2025-04-01,http://cosbi.ee.ncku.edu.tw/MirTarClash,mirTarCLASH,0.997238457,,0,mirTarCLASH,0.997238457,1,,,,
29077896,2018-01-01,"http://mcube.nju.edu.cn/jwang/lab/soft/mirtrans/, http://120.27.239.192/mirtrans",mirTrans,0.996958256,,0,mirTrans,0.996958256,1,,,,
30874795,2019-10-01,http://mirtrondb.cp.utfpr.edu.br,MirtronDB,0.997429311,,0,MirtronDB,0.997429311,1,,,,
39171462,2025-01-01,http://mirna.in/miRVim,miRVim,0.997347593,Structure Database,0.557841539,miRVim,0.997347593,1,,,,
30065744,2018-07-17,http://mirvit.ipsp.cnr.it,miRVIT,0.992824743,,0,miRVIT,0.992824743,1,,,,
"21605702, 25055920",2014-01-01,http://mirwalk.uni-hd.de,miRWalk,0.998156488,,0,miRWalk,0.998156488,2,,,,
25953081,2015-05-07,http://guanlab.ccmb.med.umich.edu/misomine,MIsoMine,0.996668458,,0,MIsoMine,0.996668458,1,,,,
23864220,2013-07-17,http://www.mispred.com,MisPred,0.997501791,,0,MisPred,0.997501791,1,,,,
33502607,2021-01-27,http://missense3d.bc.ic.ac.uk,Missense3D-DB,0.892035206,,0,Missense3D-DB,0.892035206,1,,,,
"37791884, 31754718",2024-01-01,http://mistdb.com,MiST,0.747567356,,0,MiST,0.747567356,2,,,,
"29155944, 29155944, 29155944, 29155944, 29155944, 29155944, 29155944, 29155944, 29155944, 29155944, 29155944, 29155944, 29155944, 29155944, 29155944, 29155944",2018-01-01,http://fgrtools.hms.harvard.edu/MIST,MIST,0.989567836,Molecular Interaction Search Tool,0.924612188,MIST,0.989567836,16,,,,
28608363,2017-06-27,http://misynpat.org,MiSynPat,0.997369468,,0,MiSynPat,0.997369468,1,,,,
34469540,2022-01-01,http://www.microrna.gr/mited,miTED,0.994124115,,0,miTED,0.994124115,1,,,,
24170808,2013-10-28,http://mitobreak.portugene.com,MitoBreak,0.998078406,mitochondrial DNA breakpoints database,0.974964321,MitoBreak,0.998078406,1,,,,
33174596,2021-01-01,http://www.broadinstitute.org/mitocarta,MitoCarta,0.984350145,,0,MitoCarta,0.984350145,1,,,,
29129553,2017-11-09,http://clingen.igib.res.in/mitoepigenome,mitoepigenomeKB,0.912198901,,0,mitoepigenomeKB,0.912198901,1,,,,
"36857197, 23955518, 29668970",2023-03-01,http://mitofish.aori.u-tokyo.ac.jp,MitoFish,0.996900797,,0,MitoFish,0.996900797,3,,,,
23585830,2013-04-09,http://mitolsdb.igib.res.in,MitoLSDB,0.996946871,,0,MitoLSDB,0.996946871,1,,,,
"22121219, 26432830, 30398659",2019-01-01,http://mitominer.mrc-mbu.cam.ac.uk,MitoMiner,0.994106472,,0,MitoMiner,0.994106472,3,,,,
38944368,2024-06-27,http://bicresources.jcbose.ac.in/ssaha4/mitopaddb/index.html,mitoPADdb,0.994311929,,0,mitoPADdb,0.994311929,1,,,,
24561221,2014-02-19,http://compubio.in/mitosatplant,MitoSatPlant,0.997031987,,0,MitoSatPlant,0.997031987,1,,,,
34266386,2021-07-15,http://www.mitotox.org,MitoTox,0.988955975,toxicity database,0.584199995,MitoTox,0.988955975,1,,,,
22123747,2011-11-28,http://www.caspur.it/mitozoa,MitoZoa,0.997121572,MITOchondrial genome database of metaZOAns,0.70377599,MitoZoa,0.997121572,1,,,,
25347823,2014-10-27,http://bio.scu.edu.cn:8085/MitProNet,MitProNet,0.994459689,,0,MitProNet,0.994459689,1,,,,
23071556,2012-10-05,http://mdd.psych.ac.cn,MK4MDD,0.993700966,evel Knowledge base for MDD,0.929511756,MK4MDD,0.993700966,1,,,,
38063081,2024-01-01,http://mlos.leloir.org.ar,MLOsMetaDB,0.991173863,,0,MLOsMetaDB,0.991173863,1,,,,
32159764,2020-01-01,http://biodb.swu.edu.cn/mmdb,MMHub,0.995018721,,0,MMHub,0.995018721,1,,,,
22139941,2011-12-01,http://mmmdb.iab.keio.ac.jp,MMMDB,0.997343063,Mouse Multiple Tissue Metabolome Database,0.988576792,MMMDB,0.997343063,1,,,,
27509041,2016-08-10,http://clri.res.in/subramanian/databases/mmpi/index.php,MMpI,0.985122144,,0,MMpI,0.985122144,1,,,,
31352145,2019-07-26,http://mmrdb.org,MMRdb,0.9871943,,0,MMRdb,0.9871943,1,,,,
32833025,2021-01-01,http://www.rna-society.org/mndr,MNDR,0.994394898,mammal ncRNA-disease repository,0.987229202,MNDR,0.994394898,1,,,,
22146221,2011-12-06,"http://minimotifminer.org, http://mnm.engr.uconn.edu",MnM,0.994092762,Minimotif Miner,0.651109982,MnM,0.994092762,1,,,,
25725060,2015-02-27,http://morus.swu.edu.cn/mntedb,MnTEdb,0.992904842,,0,MnTEdb,0.992904842,1,,,,
"39470701, 36416266, 33237329, 22661649, 25361972, 32696355",2025-01-01,http://mobidb.org,MobiDB,0.997653842,,0,MobiDB,0.997653842,6,,,,
27822553,2016-09-01,http://caporaso-lab.github.io/mockrobiota,mockrobiota,0.997430325,,0,mockrobiota,0.997430325,1,,,,
"24350770, 25404128, 24910945",2014-11-17,http://moped.proteinspire.org,MOPED,0.971850872,Model Organism Protein Expression Database,0.981790811,Model Organism Protein Expression Database,0.981790811,3,,,,
39947281,2025-02-11,http://modelarchive.org,ModelArchive,0.97886169,,0,ModelArchive,0.97886169,1,,,,
22856649,2012-08-02,http://bl210.caspur.it/MODEL-DB/MODEL-DB_web/MODindex.php.Operating,ModelDB,0.958948493,,0,ModelDB,0.958948493,1,,,,
32986834,2021-01-01,http://modelseed.org/biochem,ModelSEED,0.991726339,,0,ModelSEED,0.991726339,1,,,,
27504011,2016-08-07,http://modem.hzau.edu.cn,MODEM,0.9967134,,0,MODEM,0.9967134,1,,,,
21856757,2011-08-19,http://www.modencode.org,modENCODE,0.994001627,model organism Encyclopedia of DNA Elements,0.97074911,modENCODE,0.994001627,1,,,,
29284660,2017-12-28,http://epic.gs.washington.edu/modERN,ModERN,0.978945613,Model Organism ENCyclopedia,0.767016259,ModERN,0.978945613,1,,,,
29618898,2018-02-28,"http://cib.res.in, http://cib.res.in",MODII,0.976052999,MOlecular Database on Indian Insects,0.967991948,MODII,0.976052999,1,,,,
22080565,2011-11-12,http://intermine.modencode.org,modMine,0.931703269,,0,modMine,0.931703269,1,,,,
38239810,2023-11-27,http://modms.lzu.edu.cn,MODMS,0.992806077,multi-omics database of M,0.883685844,MODMS,0.992806077,1,,,,
"38015436, 34893873, 33835459, 23118484, 29106616",2024-01-01,http://iimcb.genesilico.pl/modomics,MODOMICS,0.997817814,Modification Pathways Database,0.882010448,MODOMICS,0.997817814,5,,,,
38926513,2024-06-26,http://www.fynn-guo.cn,MOI,0.995019138,,0,MOI,0.995019138,1,,,,
39373530,2025-01-01,http://idrblab.org/MolBiC,MolBiC,0.994303286,,0,MolBiC,0.994303286,1,,,,
34510194,2021-09-01,http://modb.ytu.edu.cn,MODB,0.971826156,Mollusca mitochondrial database,0.986387879,Mollusca mitochondrial database,0.986387879,1,,,,
"39530242, 33219670",2025-01-01,http://mgbase.qnlm.ac,MolluscDB,0.998527646,,0,MolluscDB,0.998527646,2,,,,
23143105,2012-11-09,http://monarchbase.umassmed.edu,MonarchBase,0.996606827,,0,MonarchBase,0.996606827,1,,,,
38835776,2024-05-21,http://monet.mdanderson.org,MONET,0.970035374,MicrOsatellite Neoantigen Discovery Tool,0.644558986,MONET,0.970035374,1,,,,
21880229,2011-07-01,http://www.kovlerdiabetescenter.org/registry,,0,Monogenic Diabetes Registry,0.641969562,Monogenic Diabetes Registry,0.641969562,1,,,,
33909069,2021-12-01,http://www.bio.iitb.ac.in/mbpd,,0,Monosaccharide Biosynthesis Pathways Database,0.936623167,Monosaccharide Biosynthesis Pathways Database,0.936623167,1,,,,
30944327,2019-04-03,http://www.ebi.ac.uk/metabolights/MTBLS142,MIADB,0.96922636,monoterpene indole alkaloid database,0.976412416,monoterpene indole alkaloid database,0.976412416,1,,,,
30371819,2019-01-01,http://moondb.hb.univ-amu.fr,MoonDB,0.993003726,,0,MoonDB,0.993003726,1,,,,
"29126295, 33245761, 25324305",2021-01-01,http://moonlightingproteins.org,MoonProt,0.995451093,,0,MoonProt,0.995451093,3,,,,
30858555,2019-03-11,http://morcvd.sblab-nsit.net/About,MorCVD,0.99740231,,0,MorCVD,0.99740231,1,,,,
41237312,2025-11-14,http://www.cityu.edu.hk/bms/morning,MoRNiNG,0.989984989,,0,MoRNiNG,0.989984989,1,,,,
24923822,2014-06-11,http://morus.swu.edu.cn/morusdb,MorusDB,0.993190169,Morus Genome Database,0.793358922,MorusDB,0.993190169,1,,,,
29206899,2018-04-01,http://mosaic.cs.umn.edu,MOSAIC,0.996641636,,0,MOSAIC,0.996641636,1,,,,
32911083,2020-04-01,"http://mosaicbase.com/, http://49.4.21.8:8000",MosaicBase,0.997231185,,0,MosaicBase,0.997231185,1,,,,
39526369,2025-01-01,http://motus-db.org,mOTUs-db,0.978775093,,0,mOTUs-db,0.978775093,1,,,,
25145340,2014-08-20,http://mouseidgenes.helmholtz-muenchen.de,Mouse IDGenes,0.925365269,,0,Mouse IDGenes,0.925365269,1,,,,
31559753,2019-09-01,http://mouseliver.com,Mouse Liver Portal,0.730381191,,0,Mouse Liver Portal,0.730381191,1,,,,
31825307,2019-12-11,http://touchscreencognition.org,MouseBytes,0.869805098,,0,MouseBytes,0.869805098,1,,,,
26527726,2015-11-02,http://www.inetbio.org/mousenet,MouseNet,0.958441854,,0,MouseNet,0.958441854,1,,,,
36762471,2023-02-01,http://mousepost.be,Mousepost,0.988967896,,0,Mousepost,0.988967896,1,,,,
24194596,2013-11-04,http://proteinformatics.charite.de/mppd,MP:PD,0.98293969,membrane protein packing database,0.938239947,MP:PD,0.98293969,1,,,,
27681445,2016-09-28,http://bioinform.info,MPD3,0.968090475,Medicinal Plants Database for,0.855982542,MPD3,0.968090475,1,,,,
30092360,2018-08-06,"http://www.mpds-diabetes.in, http://www.way2drug.com/passonline",MPDSDM,0.995594293,Molecular property diagnostic suite for diabetes mellitus,0.949859989,MPDSDM,0.995594293,1,,,,
21349870,2011-02-23,http://biolinfo.org/mpid-t2,MPID-T2,0.942223958,MHC-Peptide Interaction Database-T,0.729910028,MPID-T2,0.942223958,1,,,,
33514395,2021-01-29,http://mutanome.lerner.ccf.org,MPM,0.994437575,My Personal Mutanome,0.963305771,MPM,0.994437575,1,,,,
38391229,2024-02-23,http://qyzhanglab.hzau.edu.cn/MPMdb,MPMdb,0.986868963,metabolites of pathogenic microorganisms database,0.961820355,MPMdb,0.986868963,1,,,,
23894139,2013-07-26,http://bioinformatics.biol.uoa.gr/mpMoRFsDB,mpMoRFsDB,0.948040187,,0,mpMoRFsDB,0.948040187,1,,,,
37648696,2023-08-30,http://mppmcdb.cloudna.cn,MPPCD,0.997545481,minority people panmicrobial community database,0.969792187,MPPCD,0.997545481,1,,,,
34156447,2021-06-01,http://bis.zju.edu.cn/mppi,mPPI,0.952142298,,0,mPPI,0.952142298,1,,,,
39325859,2024-10-01,http://mpravardb.rc.ufl.edu,MPRAVarDB,0.99816519,,0,MPRAVarDB,0.99816519,1,,,,
34147352,2021-06-15,"http://www.ncbi.nlm.nih.gov/geo/, http://www.ufrgs.br/mpsbase",MPSBase,0.996857762,,0,MPSBase,0.996857762,1,,,,
32337573,2021-03-01,http://www.iitm.ac.in/bioinfo/mptherm,MPTherm,0.997999251,,0,MPTherm,0.997999251,1,,,,
"36483202, 31231774",2022-11-22,http://mrvcv2.biownmc.info,Mr.Vc,0.98936215,,0,Mr.Vc,0.98936215,2,,,,
38978014,2024-07-08,http://www.cellknowledge.com.cn/mrclinkdb,MRCLinkdb,0.998097718,Metabolite-Receptor based Cell Link Database,0.622438574,MRCLinkdb,0.998097718,1,,,,
23619930,2013-10-01,http://www3.imperial.ac.uk/bioinfsupport/resources/software/mridb,MRIdb,0.995113969,,0,MRIdb,0.995113969,1,,,,
27899620,2016-11-29,http://MRPrimerV.com,MRPrimerV,0.993523359,,0,MRPrimerV,0.993523359,1,,,,
22961451,2012-01-01,http://mrtdd.mbc.nctu.edu.tw,MRTDD,0.996869192,,0,MRTDD,0.996869192,1,,,,
38449024,2024-03-06,http://mscsdb.jflab.ac.cn:18088/index,MSCsDB,0.997018456,,0,MSCsDB,0.997018456,1,,,,
28854643,2017-06-01,http://tdb.ccmb.res.in/msdb,MSDB,0.971259832,Microsatellite Database,0.94480021,MSDB,0.971259832,1,,,,
29106642,2018-01-01,http://www.bio-bigdata.com/msdd,MSDD,0.997410993,MiRNA SNP Disease Database,0.985756731,MSDD,0.997410993,1,,,,
"25542617, 26919060",2016-03-21,http://mseqdr.org,MSeqDR,0.998155057,Mitochondrial Disease Sequence Data Resource,0.910063028,MSeqDR,0.998155057,2,,,,
38788333,2024-05-01,http://bio-bigdata.hrbmu.edu.cn/MSGD,MSGD,0.982660055,Multiple Sclerosis Gene Database,0.92019949,MSGD,0.982660055,1,,,,
26486520,2015-10-21,http://MSGene.bioinfo-minzhao.org,MSGene,0.992402017,,0,MSGene,0.992402017,1,,,,
21546393,2011-05-05,http://www.broadinstitute.org/msigdb,MSigDB,0.988693297,Molecular signatures database,0.879078257,MSigDB,0.988693297,1,,,,
29145625,2018-01-01,http://tardis.cgu.edu.tw/msignaturedb,mSignatureDB,0.991612613,,0,mSignatureDB,0.991612613,1,,,,
32777102,2020-09-01,http://mskkp.org,MSK-KP,0.953117967,Musculoskeletal Knowledge Portal,0.928650388,MSK-KP,0.953117967,1,,,,
37289843,2023-06-08,http://guolab.whu.edu.cn/Mslar,Mslar,0.9789529,Microbial Synthetic Lethal and Rescue Database,0.966032311,Mslar,0.9789529,1,,,,
34850956,2022-01-01,http://msrepdb.cbrc.kaust.edu.sa/pages/msRepDB/index.html,msRepDB,0.907069266,,0,msRepDB,0.907069266,1,,,,
22491796,2012-04-03,http://decrypthon.igbmc.fr/msv3d,MSV3d,0.996012549,Database of human MisSense Variants,0.791921243,MSV3d,0.996012549,1,,,,
"25332399, 26302176",2015-08-21,http://tumor.informatics.jax.org,MTB,0.995452483,Mouse Tumor Biology Database,0.991739839,MTB,0.995452483,2,,,,
21584191,2011-04-22,http://www.bicjbtdrc-mgims.in/MTB-PCDB,MTB-PCDB,0.996515731,The Mycobacterium tuberculosis Proteome Comparison Database,0.917592347,MTB-PCDB,0.996515731,1,,,,
30738202,2019-02-07,http://ab-openlab.csir.res.in/cgi-bin/gb2/gbrowse,MtBrowse,0.99495405,,0,MtBrowse,0.99495405,1,,,,
21880546,2011-08-30,http://bmi.icmr.org.in/mtbsd/MtbSD.php,MtbSD,0.997164249,Mycobacterium tuberculosis Structural Database,0.987535059,MtbSD,0.997164249,1,,,,
22209237,2011-12-29,http://ccbb.jnu.ac.in/Tb,MTCID,0.993752122,uberculosis clinical isolate genetic polymorphism database,0.893513964,MTCID,0.993752122,1,,,,
22309450,2012-02-06,http://bioinformatics.cau.edu.cn/MtTransporter,MTDB,0.993324598,truncatula transporter database,0.971297204,MTDB,0.993324598,1,,,,
34245304,2021-11-01,http://medicago.toulouse.inrae.fr/MtExpress,MtExpress,0.993226945,,0,MtExpress,0.993226945,1,,,,
26490638,2015-01-01,http://mtibase.sysu.edu.cn,MtiBase,0.993986785,,0,MtiBase,0.993986785,1,,,,
30813887,2019-02-26,http://bioinfodbs.kantiana.ru/mtProtEvol,mtProtEvol,0.955864847,,0,mtProtEvol,0.955864847,1,,,,
32079733,2020-02-20,http://mtsspdb.noble.org,MtSSPdb,0.998309374,truncatula Small Secreted Peptide Database,0.937849825,MtSSPdb,0.998309374,1,,,,
37093842,2023-04-24,http://neurobioinfo.github.io/MTSvieweR,MTSviewer,0.975694895,,0,MTSviewer,0.975694895,1,,,,
29869221,2019-02-01,http://hdl.handle.net/2374.MIA/6067,MU3D,0.996364331,Miami University Deception Detection Database,0.954041362,MU3D,0.996364331,1,,,,
24465676,2014-01-17,http://reprod.njmu.edu.cn/mUbiSiDa,mUbiSiDa,0.997054636,mammalian Ubiquitination Site Database,0.863494439,mUbiSiDa,0.997054636,1,,,,
25559128,2014-12-16,http://mufold.org/mufolddb.php,MUFOLD-DB,0.985240579,,0,MUFOLD-DB,0.985240579,1,,,,
37791887,2024-01-01,http://multifacetedprotdb.biocomp.unibo.it,MultifacetedProtDB,0.953238785,,0,MultifacetedProtDB,0.953238785,1,,,,
24253302,2013-11-18,http://wallace.uab.es/multitask,MultitaskProtDB,0.998039424,,0,MultitaskProtDB,0.998039424,1,,,,
31652812,2019-10-23,http://leb.snu.ac.kr/mmdb,MMDB,0.96417357,Murine Microbiome Database,0.973936637,Murine Microbiome Database,0.973936637,1,,,,
30837356,2019-03-01,http://bioinfnrcb.byethost7.com/nrcbbio,MusatransSSRDB,0.983545184,,0,MusatransSSRDB,0.983545184,1,,,,
26590264,2015-11-20,http://www.mutationaligner.org,MutationAligner,0.997395098,,0,MutationAligner,0.997395098,1,,,,
35586731,2022-05-13,http://www.vidyalab.rf.gd,MutaXome,0.974166691,,0,MutaXome,0.974166691,1,,,,
22730453,2012-06-21,http://www.MuteinDB.org,MuteinDB,0.990509152,,0,MuteinDB,0.990509152,1,,,,
31588509,2020-07-01,http://www.innovebioinfo.com/Databases/Mutationdb_About.php,MutEx,0.993316352,,0,MutEx,0.993316352,1,,,,
29401218,2018-07-01,http://www.iitm.ac.in/bioinfo/MutHTP,MutHTP,0.994622827,mutations in human transmembrane proteins,0.955130294,MutHTP,0.994622827,1,,,,
27907895,2016-10-07,http://zhaobioinfo.org/mutLBSgeneDB,mutLBSgeneDB,0.983370721,mutated ligand binding site gene DataBase,0.615566436,mutLBSgeneDB,0.983370721,1,,,,
33600011,2021-03-01,http://brb.nci.nih.gov/splicing,MutSpliceDB,0.996531308,,0,MutSpliceDB,0.996531308,1,,,,
30053238,2018-01-01,http://lms.snu.edu.in/mutTCPDB/index.php,mutTCPdb,0.996738315,,0,mutTCPdb,0.996738315,1,,,,
38458603,2024-03-06,http://mvar.jax.org,MVAR,0.990407392,Mouse Variation Registry,0.927082121,MVAR,0.990407392,1,,,,
34718748,2022-01-01,http://mvip.whu.edu.cn,MVIP,0.989840388,of,0.645461619,MVIP,0.989840388,1,,,,
"39475188, 24311565, 29106611",2025-01-01,http://bioinformatics.charite.de/mvoc,mVOC,0.945702612,,0,mVOC,0.945702612,3,,,,
29177508,2018-01-01,http://mvp.medgenius.info,MVP,0.808669806,Microbe Versus,0.708312586,MVP,0.808669806,1,,,,
26166372,2015-06-01,http://bioinf.xmu.edu.cn/MVsCarta,MVsCarta,0.977910161,,0,MVsCarta,0.977910161,1,,,,
28454513,2017-04-28,http://bicresources.jcbose.ac.in/ssaha4/mycbase,MYCbase,0.986929297,,0,MYCbase,0.986929297,1,,,,
24592289,2014-02-15,http://mycobacteriarv.igib.res.in,MycobacRV,0.986873567,,0,MycobacRV,0.986873567,1,,,,
37881319,2023-06-13,http://www.biosino.org/mpa,MPA,0.892500922,Mycobacteriaceae Phenome Atlas,0.960052146,Mycobacteriaceae Phenome Atlas,0.960052146,1,,,,
33653882,2021-03-02,http://msrdb.org,MSR,0.835704486,Mycobacterial Systems Resource,0.923476199,Mycobacterial Systems Resource,0.923476199,1,,,,
"25754864, 21622642",2015-03-08,http://mycoclap.fungalgenomics.ca,mycoCLAP,0.783426881,Characterized,0.764837186,mycoCLAP,0.783426881,2,,,,
"36520399, 24297253",2023-01-01,http://mycocosm.jgi.doe.gov,MycoCosm,0.99669534,,0,MycoCosm,0.99669534,2,,,,
38933486,2024-06-18,http://mycodiversity.liacs.nl,MycoDiversity,0.970931828,,0,MycoDiversity,0.970931828,1,,,,
23275726,2012-12-08,http://www.bicjbtdrc-mgims.in/MycoProtease-DB,MycoProtease-DB,0.981270339,,0,MycoProtease-DB,0.981270339,1,,,,
22563442,2012-04-26,http://mycorrdb.uohbif.in,MycoRRdb,0.989182293,,0,MycoRRdb,0.989182293,1,,,,
23952586,2013-08-16,http://www.bicnbu.in/mycosec,MycoSec,0.997377336,Mycobacterium,0.634468615,MycoSec,0.997377336,1,,,,
34025934,2021-04-19,http://139.59.12.92,MycoTRAP-DB,0.982121785,Mycobacterium tuberculosis Resistance Associated,0.798473769,MycoTRAP-DB,0.982121785,1,,,,
35958127,2022-07-25,http://mycowiki.uni-goettingen.de,MycoWiki,0.997281492,,0,MycoWiki,0.997281492,1,,,,
38244111,2024-01-20,http://project.iith.ac.in/cgntlab/myelodb,MyeloDB,0.997466803,,0,MyeloDB,0.997466803,1,,,,
25378328,2014-11-06,http://mympn.crg.eu,MyMpn,0.998210311,,0,MyMpn,0.998210311,1,,,,
34527188,2021-07-26,http://myodata.bio.unipd.it,MyoData,0.9587152,,0,MyoData,0.9587152,1,,,,
32393257,2020-05-11,http://www.sys-myo.com/myominer,MyoMiner,0.994202495,,0,MyoMiner,0.994202495,1,,,,
32451429,2020-05-25,http://www.myomirdb.in,MyomirDB,0.99731797,,0,MyomirDB,0.99731797,1,,,,
23189029,2012-11-12,http://caps.ncbs.res.in/myosinome,Myosinome,0.969296992,,0,Myosinome,0.969296992,1,,,,
37124321,2023-04-26,http://zenodo.org/record/7389996,MYRiAD,0.989961684,Room Acoustic Database,0.724019811,MYRiAD,0.989961684,1,,,,
38958433,2024-07-01,http://dicsoft1.physics.iisc.ac.in/MyxoPortal,MyxoPortal,0.994952738,,0,MyxoPortal,0.994952738,1,,,,
38683336,2024-01-01,"http://metazoogene.org/mzgdb/, http://metazoogene.org",MZGdb,0.997173774,MetaZooGene Atlas and Database,0.659419528,MZGdb,0.997173774,1,,,,
40419450,2025-05-26,http://nadb.idruglab.cn,NA-DB,0.970922371,,0,NA-DB,0.970922371,1,,,,
34389843,2021-08-01,http://nabe.denglab.org,Nabe,0.985496402,,0,Nabe,0.985496402,1,,,,
26912952,2015-11-30,http://nabic.rda.go.kr/DNAchip,NABIC,0.985369205,,0,NABIC,0.985369205,1,,,,
36280237,2023-01-01,http://genesilico.pl/nacddb,NACDDB,0.996552646,Nucleic Acid Circular Dichroism Database,0.946949699,NACDDB,0.996552646,1,,,,
28086860,2017-01-13,http://nadh.ice.mpg.de,NaDH,0.970333695,Nicotiana attenuata Data Hub,0.910567932,NaDH,0.970333695,1,,,,
37167092,2023-05-11,http://www.biosino.org/nafldkb,NAFLDkb,0.997683585,,0,NAFLDkb,0.997683585,1,,,,
39413200,2025-01-01,http://nairdb.genesilico.pl,NAIRDB,0.997771382,Nucleic Acid InfraRed Data Bank,0.91759844,NAIRDB,0.997771382,1,,,,
25172923,2014-08-28,http://www.naked-mole-rat.org,,0,Naked Mole Rat Genome Resource,0.875342856,Naked Mole Rat Genome Resource,0.875342856,1,,,,
26896846,2016-02-20,http://bsbe.iiti.ac.in/bsbe/naldb/HOME.php,NALDB,0.99670428,Nucleic acid ligand database,0.987690696,NALDB,0.99670428,1,,,,
33103271,2020-11-27,http://nandesyn.single-cell.cn,NanDeSyn,0.989316845,Nannochloropsis Design and Synthesis,0.926788456,NanDeSyn,0.989316845,1,,,,
38300518,2024-01-01,http://www.nanolas.cloud,NanoLAS,0.703057349,,0,NanoLAS,0.703057349,1,,,,
23874618,2013-07-12,http://nanominer.cs.tut.fi,NanoMiner,0.984119594,,0,NanoMiner,0.984119594,1,,,,
21928249,2011-07-01,http://serviziweb.ulss12.ve.it/firbabo,RBLA0,0.827072576,Nanosized Cancer Polymarker Biochip Project,0.891584954,Nanosized Cancer Polymarker Biochip Project,0.891584954,1,,,,
28641017,2017-06-22,http://african-compounds.org/nanpdb,NANPDB,0.997249413,Northern African Natural Products Database,0.983017099,NANPDB,0.997249413,1,,,,
23996831,2014-06-01,http://naps.nencki.gov.pl,NAPS,0.940910459,Nencki Affective Picture System,0.825295125,NAPS,0.940910459,1,,,,
31640730,2019-10-22,http://nard.macrogen.com,NARD,0.994531229,Northeast Asian Reference Database,0.981074795,NARD,0.994531229,1,,,,
34718710,2022-01-01,http://www.npatlas.org,Natural Products Atlas,0.622965475,,0,Natural Products Atlas,0.622965475,1,,,,
39931895,2025-02-11,http://naturar.quimica.unlp.edu.ar,NaturAr,0.992972493,,0,NaturAr,0.992972493,1,,,,
26507856,2015-10-26,http://nbdb.bii.a-star.edu.sg,NBDB,0.986459076,Nucleotide binding database,0.770806229,NBDB,0.986459076,1,,,,
33359127,2020-12-23,http://nbigv.org,NBIGV,0.983493745,,0,NBIGV,0.983493745,1,,,,
37042467,2023-04-01,http://valdes-tresanco-ms.github.io/NbThermo,NbThermo-a,0.996974266,,0,NbThermo-a,0.996974266,1,,,,
32117995,2020-02-14,http://nc2eye.bio-data.cn,Nc2Eye,0.997420222,,0,Nc2Eye,0.997420222,1,,,,
38142743,2023-12-23,http://www.ncawdb.net,NCAD,0.994312167,non-coding variant annotation database,0.968079056,NCAD,0.994312167,1,,,,
36333292,2022-11-04,http://www2.ncbiobank.org/Index_en,NCBN,0.9352507,Center Biobank Network,0.650562119,NCBN,0.9352507,1,,,,
28961690,2017-12-01,http://www.jianglab.cn/ncDR,ncDR,0.99832958,,0,ncDR,0.99832958,1,,,,
23322530,2013-01-15,http://www.ncdr.com,NCDR CathPCI,0.706379139,,0,NCDR CathPCI,0.706379139,1,,,,
32105730,2020-02-24,http://www.jianglab.cn/ncEP,ncEP,0.997201324,,0,ncEP,0.997201324,1,,,,
36162726,2022-09-23,http://www.jianglab.cn/ncFO,ncFO,0.995647252,,0,ncFO,0.995647252,1,,,,
"26516186, 24608173, 22080562",2015-10-29,http://ncg.kcl.ac.uk,NCG,0.929202914,Network of Cancer Genes,0.920580149,NCG,0.929202914,3,,,,
37550087,2023-11-01,http://ioa.cancer.gov,NCI-60,0.979108453,,0,NCI-60,0.979108453,1,,,,
38808472,2024-09-01,http://ncp.wiki/ncpbook,NCPbook,0.9972983,,0,NCPbook,0.9972983,1,,,,
39470718,2025-01-01,http://bis.zju.edu.cn/ncPlantDB,ncPlantDB,0.998108864,,0,ncPlantDB,0.998108864,1,,,,
36736440,2023-02-02,http://ncr2met.wchoda.com,ncR2Met,0.993023932,,0,ncR2Met,0.993023932,1,,,,
32487016,2020-06-01,http://www.jianglab.cn/ncRI,ncRI,0.994199097,,0,ncRI,0.994199097,1,,,,
25540777,2014-12-10,http://ncrnadb.scienze.univr.it/ncrnadb,ncRNA-DB,0.996957827,,0,ncRNA-DB,0.996957827,1,,,,
31410488,2020-01-01,http://ibi.hzau.edu.cn/ncRNA-eQTL,ncRNA-eQTL,0.982337432,,0,ncRNA-eQTL,0.982337432,1,,,,
31637139,2019-10-15,http://www.biomed-bigdata.com:50020/index.html,ncRNA2MetS,0.990252088,metabolic syndrome-associated non,0.63908056,ncRNA2MetS,0.990252088,1,,,,
37953323,2024-01-01,http://www.jianglab.cn/ncRNADrug,ncRNADrug,0.994197071,,0,ncRNADrug,0.994197071,1,,,,
33275967,2020-12-01,http://www.liwzlab.cn/ncrnavar,ncRNAVar,0.998307347,,0,ncRNAVar,0.998307347,1,,,,
27152146,2016-05-04,http://purl.obolibrary.org/obo/ncro.owl,NCRO,0.979602456,The Non-Coding RNA Ontology,0.890178517,NCRO,0.979602456,1,,,,
32122231,2020-03-26,http://lilab2.sysu.edu.cn/ncrpheno,ncRPheno,0.996450782,Online Mendelian Inheritance in Man,0.861822203,ncRPheno,0.996450782,1,,,,
38489989,2024-03-11,http://www.ncrdb.cn,ncRS,0.995978534,,0,ncRS,0.995978534,1,,,,
38173318,2024-01-01,http://bioserver3.physics.iisc.ac.in/cgi-bin/nccspd,NCSp,0.996908009,,0,NCSp,0.996908009,1,,,,
39137906,2024-08-01,http://www.nidmarker-db.cn/ncStem/index.html,ncStem,0.996320426,,0,ncStem,0.996320426,1,,,,
40344361,2025-05-01,http://www.uc-med.net/NDAMD,ND-AMD,0.996497488,Neurological Disease Animal Model Database,0.979280969,ND-AMD,0.996497488,1,,,,
40371632,2025-05-01,http://sysbio.org.cn/NDDRF,NDDRF,0.981503487,Knowledgebase of Risk Factors for Neurodegenerative Diseases,0.922375267,NDDRF,0.981503487,1,,,,
37715195,2023-09-15,http://dwh.nascop.org,NDW,0.827422023,,0,NDW,0.827422023,1,,,,
24297257,2013-12-01,http://nectarmutation.org,NECTAR,0.995319307,Non-synonymous Enriched Coding muTation ARchive,0.943871379,NECTAR,0.995319307,1,,,,
24214996,2013-11-08,http://mips.helmholtz-muenchen.de/proj/ppi/negatome,Negatome,0.987791359,,0,Negatome,0.987791359,1,,,,
35952423,2022-07-13,http://neist.res.in/neimpdb,NEI-MPDB,0.958150645,North East India medicinal plants database,0.941404819,NEI-MPDB,0.958150645,1,,,,
27017950,2016-03-17,http://neisseria.um.edu.my,NeisseriaBase,0.990827322,,0,NeisseriaBase,0.990827322,1,,,,
36367313,2022-11-01,http://nemar.org,NEMAR,0.972204685,,0,NEMAR,0.972204685,1,,,,
22139919,2011-12-01,http://nematode.net,Nematode.net,0.99133563,,0,Nematode.net,0.99133563,1,,,,
22419844,2012-02-28,http://bif.uohyd.ac.in/nemedplant/orhttp://202.41.85.11/nemedplant,NeMedPlant,0.994859576,,0,NeMedPlant,0.994859576,1,,,,
37311149,2023-06-01,http://liuxslab.com/Neodb,Neodb,0.997734308,,0,Neodb,0.997734308,1,,,,
39399491,2024-09-27,http://ophid.utoronto.ca/NephroDIP,NephroDIP,0.996426105,landscape of kidney allograft tissues data integration portal,0.859936154,NephroDIP,0.996426105,1,,,,
22833564,2012-07-25,http://prodata.swmed.edu/LRNes,NESdb,0.996034861,,0,NESdb,0.996034861,1,,,,
34630517,2021-09-23,http://rbc-dsai-iitm.github.io/NetGenes,NetGenes,0.995349348,,0,NetGenes,0.995349348,1,,,,
25527095,2014-12-18,http://www.netgestalt.org,NetGestalt,0.99514091,,0,NetGestalt,0.99514091,1,,,,
"30084000, 21996254, 27139435, 21959865",2018-08-06,"http://www.netpath.org, http://www.netpath.org/pathways?path_id=NetPath_172",NetPath,0.996446371,,0,NetPath,0.996446371,4,,,,
23203867,2012-11-29,http://ophid.utoronto.ca/networx,NetwoRx,0.998048842,,0,NetwoRx,0.998048842,1,,,,
26183225,2015-07-14,http://genetics-db.neu.edu.tr,NEU-GD,0.990502596,Near East University Genetic Mutation Database,0.902750194,NEU-GD,0.990502596,1,,,,
23286825,2013-01-03,http://bioschool.iitd.ac.in/NeuroDNet,NeuroDNet,0.995239019,,0,NeuroDNet,0.995239019,1,,,,
24229347,2013-11-14,http://chibi.ubc.ca/neurogem,NeuroGeM,0.99263829,,0,NeuroGeM,0.99263829,1,,,,
40983680,2025-09-22,http://neurolipidatlas.com,Neurolipid Atlas,0.949642211,,0,Neurolipid Atlas,0.949642211,1,,,,
28651363,2017-11-01,http://neurommsig.scai.fraunhofer.de,NeuroMMSig,0.995421886,Multimodal mechanistic signatures for neurodegenerative diseases,0.627636355,NeuroMMSig,0.995421886,1,,,,
30684219,2019-01-25,http://yu-mbl-muscledb.com/NeuroMuscleDB,NeuroMuscleDB,0.997726917,,0,NeuroMuscleDB,0.997726917,1,,,,
21821666,2011-08-05,http://proteomics.ucsd.edu/Software/NeuroPedia.html,NeuroPedia,0.996082842,,0,NeuroPedia,0.996082842,1,,,,
25931458,2015-04-29,http://isyslab.info/NeuroPep,NeuroPep,0.99364078,,0,NeuroPep,0.99364078,1,,,,
39612507,2024-11-29,http://www.neurosurgen.com,NeurosurGen,0.996178746,,0,NeurosurGen,0.996178746,1,,,,
"22039101, 25740498",2011-10-27,http://newt-omics.mpi-bn.mpg.de,Newt-omics,0.960447629,,0,Newt-omics,0.960447629,2,,,,
24271398,2013-11-23,http://www.nexontology.org)-an,NeXO,0.978267789,,0,NeXO,0.978267789,1,,,,
"22139911, 25593349, 27899619, 31724716",2020-01-01,http://www.nextprot.org,neXtProt,0.98649776,,0,neXtProt,0.98649776,4,,,,
21884625,2011-01-20,http://nfiregulome.ccr.buffalo.edu,NFI-Regulome,0.677506616,Database,0.495260537,NFI-Regulome,0.677506616,1,,,,
33514746,2021-01-29,http://nelumbo.biocloud.net,NGD,0.874260724,Nelumbo Genome Database,0.871381362,NGD,0.874260724,1,,,,
22517761,2012-04-19,http://bioinfo.mc.vanderbilt.edu/NGS/index.html,NGS,0.890904665,Next Generation Sequencing Catalog,0.871557927,NGS,0.890904665,1,,,,
"24271385, 27794041",2016-10-27,http://bioinfo2.ugr.es/NGSmethDB,NGSmethDB,0.998551369,,0,NGSmethDB,0.998551369,2,,,,
40467839,2025-06-04,http://jmd.nibn.go.jp,NIBN JMD,0.957994887,NIBN Japan Microbiome Database,0.802799724,NIBN JMD,0.957994887,1,,,,
24501396,2014-02-05,http://www.css.cornell.edu/faculty/buckley/nifh.htm,nifH,0.961427331,,0,nifH,0.961427331,1,,,,
26013919,2015-05-27,http://molossinus.lab.nig.ac.jp/msmdb,NIG_MoG,0.989151716,of Genetics Mouse Genome database,0.914421072,NIG_MoG,0.989151716,1,,,,
32090261,2020-01-01,http://bioinfo.imtech.res.in/manojk/nipahvr,NipahVR,0.995369494,,0,NipahVR,0.995369494,1,,,,
27530928,2016-08-16,http://nldb.hgc.jp,NLDB,0.996441364,Natural Ligand DataBase,0.982187194,NLDB,0.996441364,1,,,,
29106588,2018-01-01,http://rostlab.org/services/nlsdb,NLSdb,0.997089744,,0,NLSdb,0.997089744,1,,,,
40899695,2025-10-01,http://biodb.com.cn/NMOD/index.html,NMOD,0.987594366,database,0.836993217,NMOD,0.987594366,1,,,,
37811892,2024-01-01,"http://www.nmpfamsdb.org/, http://bib.fleming.gr/NMPFamsDB",NMPFamsDB,0.998273015,Novel Metagenome Protein Families Database,0.958887909,NMPFamsDB,0.998273015,1,,,,
41262473,2025-11-04,http://gi-lab-tigs.github.io/Homepage,NMPhenogen,0.99770391,,0,NMPhenogen,0.99770391,1,,,,
23125372,2012-11-03,http://nonb.abcc.ncifcrf.gov,non-B,0.956009358,,0,non-B,0.956009358,1,,,,
"25392405, 23203872",2014-11-11,http://nhprtr.org,NHPRTR,0.710883155,non-human primate reference transcriptome resource,0.920451568,non-human primate reference transcriptome resource,0.920451568,2,,,,
24573879,2014-02-25,http://nonatobase.ufsc.br,NONATObase,0.994081736,,0,NONATObase,0.994081736,1,,,,
"22135294, 33196801, 24285305, 26586799, 29140524",2021-01-01,http://www.noncode.org,NONCODE,0.997087181,,0,NONCODE,0.997087181,5,,,,
21491493,2011-04-12,http://recerca.upc.edu/imem/index.htm,NCAD,0.637544513,Noncoded Amino acids Database,0.975250321,Noncoded Amino acids Database,0.975250321,1,,,,
26721496,2016-01-01,"http://www.noncode.org/, http://www.bioinfo.org",NONCODEv4,0.99214226,,0,NONCODEv4,0.99214226,1,,,,
32111231,2020-02-28,http://www.ncdtcdb.cn:8080/NoncoRNA,NoncoRNA,0.997252762,,0,NoncoRNA,0.997252762,1,,,,
"37184712, 31691799, 29082924",2023-01-01,http://norine.univ-lille.fr/norine,Norine,0.987097681,,0,Norine,0.987097681,3,,,,
22581809,2012-05-11,http://www.nirs.go.jp/db/anzendb/NORMDB/ENG/index.php,NORM,0.674789657,,0,NORM,0.674789657,1,,,,
38723350,2024-04-30,http://www.norman-network.com/nds/bacteria,NORMAN ARB&ARG)-A,0.76548522,NORMAN antibiotic resistant bacteria and resistance genes database,0.916078746,NORMAN antibiotic resistant bacteria and resistance genes database,0.916078746,1,,,,
27285615,2016-06-10,http://nepiac.nehu.ac.in/index.php,NEIHPID,0.965815055,Northeast India Helminth Parasite Information Database,0.971249071,Northeast India Helminth Parasite Information Database,0.971249071,1,,,,
25931459,2015-04-29,http://www.nii.ac.in/novptmenzy.html,novPTMenzy,0.971780777,,0,novPTMenzy,0.971780777,1,,,,
"39574402, 34791429",2025-01-01,http://np-mrd.org,NP-MRD,0.99564687,Natural Products Magnetic Resonance Database,0.971846809,NP-MRD,0.99564687,2,,,,
23203877,2012-11-29,http://crdd.osdd.net/raghava/npact,NPACT,0.997277677,Naturally Occurring Plant-based Anti-cancer Compound-Activity-Target database,0.987839665,NPACT,0.997277677,1,,,,
36624664,2023-01-01,http://bidd.group/NPASS,NPASS,0.98116076,,0,NPASS,0.98116076,1,,,,
33306802,2020-12-01,http://www.organchem.csdb.cn/scdb/NPBS,NPBS,0.996700525,Natural Products & Biological Sources,0.790207267,NPBS,0.996700525,1,,,,
41254790,2025-11-18,http://biochemai.cstspace.cn/npbs,NPBS Atlas,0.948111236,natural product and biological source atlas,0.72634995,NPBS Atlas,0.948111236,1,,,,
28184254,2017-01-05,http://silver.sejong.ac.kr/npcare,NPCARE,0.992175639,,0,NPCARE,0.992175639,1,,,,
25178289,2014-10-01,http://npcdb.snu.ac.kr,NPCDB,0.993397549,Native Pig and Chicken Breed Database,0.977203727,NPCDB,0.993397549,1,,,,
36795011,2023-02-16,http://npcvar.idrblab.net,NPcVar,0.996837974,,0,NPcVar,0.996837974,1,,,,
39380205,2024-09-01,"http://www.bio-add.org/Nphos/, http://ppodd.org.cn/Nphos",Nphos,0.995699525,,0,Nphos,0.995699525,1,,,,
"26656949, 23193292",2015-12-09,http://npidb.belozersky.msu.ru,NPIDB,0.997779801,Nucleic acid-Protein Interaction DataBase,0.976899055,NPIDB,0.997779801,2,,,,
"36373614, 31670377, 24217916",2023-01-01,http://bigdata.ibp.ac.cn/npinter5,NPInter,0.993997335,,0,NPInter,0.993997335,3,,,,
30354114,2018-11-06,http://nr-dbind.drugdesign.fr,NR-DBIND,0.99506779,Nuclear Receptors Database Including Negative Data,0.977114015,NR-DBIND,0.99506779,1,,,,
25262355,2014-09-27,http://proline.biochem.iisc.ernet.in/NRICHD,NrichD,0.996541321,,0,NrichD,0.996541321,1,,,,
24666037,2014-03-25,http://nrlist.drugdesign.fr,NRLiSt BDB,0.936061025,,0,NRLiSt BDB,0.936061025,1,,,,
27899613,2016-11-28,http://www.bio-bigdata.net/nsdna,NSDNA,0.996830682,Nervous System Disease NcRNAome Atlas,0.991699129,NSDNA,0.996830682,1,,,,
22369214,2012-01-17,http://nsltpdb.life.nthu.edu.tw,nsLTPDB,0.937543948,plant non-specific lipid transfer protein database,0.758426607,nsLTPDB,0.937543948,1,,,,
23084778,2012-07-25,http://www.nsort.org/db,NSort/DB,0.925428107,,0,NSort/DB,0.925428107,1,,,,
"28775335, 23330984",2017-08-03,http://nubbe.iq.unesp.br/portal/nubbedb.html,NuBBEDB,0.996761322,of Natural Products Database,0.788312316,NuBBEDB,0.996761322,2,,,,
34120586,2021-06-13,http://compbio-zhanglab.org/NUCOME,NUCOME,0.996816218,,0,NUCOME,0.996816218,1,,,,
35061087,2022-01-21,http://generegulation.org/nucposdb,NucPosDB,0.998203218,,0,NucPosDB,0.998203218,1,,,,
23196988,2012-11-29,http://shark.abl.ku.edu/nurbs,NURBS,0.996146083,,0,NURBS,0.996146083,1,,,,
29739837,2018-05-17,http://nvertx.kahikai.org,NvERTx,0.99687469,Nematostella vectensis Embryogenesis and Regeneration Transcriptomics,0.891611405,NvERTx,0.99687469,1,,,,
41287046,2025-11-24,http://datascience.imtech.res.in/anshu/nipah,NVIK,0.978602052,Nipah Virus Inhibitor Knowledgebase,0.943918983,NVIK,0.978602052,1,,,,
36394419,2022-11-01,http://oakrootrnadb.idpan.poznan.pl,OakRootRNADB,0.963825166,,0,OakRootRNADB,0.963825166,1,,,,
35788653,2022-07-01,http://ibi.zju.edu.cn/oaobdb,OAOB,0.780173436,,0,OAOB,0.780173436,1,,,,
"34655133, 30217829",2021-10-29,http://opig.stats.ox.ac.uk/webapps/oas,OAS,0.866781175,Antibody Space,0.754744515,OAS,0.866781175,2,,,,
36922515,2023-03-15,http://www.ncei.noaa.gov/products/ocean-carbon-acidification-data-system,OCADS,0.98785764,Ocean Carbon and Acidification Data System,0.898985377,OCADS,0.98785764,1,,,,
28365722,2017-01-01,http://ocappidb.uca.works,OCaPPI-Db,0.996962115,Oligonucleotide Capture Probes for Pathogen Identification Database,0.991928976,OCaPPI-Db,0.996962115,1,,,,
34241085,2021-05-01,http://oscar.as.uky.edu,OCELOT,0.996991932,Organic Crystals in Electronic and,0.949127361,OCELOT,0.996991932,1,,,,
32974523,2019-06-13,http://ocins.cftri.com/ocins,Ocins,0.64978832,,0,Ocins,0.64978832,1,,,,
25604238,2015-01-21,http://ocri-genomics.org/ocsESTdb,ocsESTdb,0.997286081,,0,ocsESTdb,0.997286081,1,,,,
26995712,2016-03-16,http://csbg.cnb.csic.es/odcs,ODCs,0.995768189,Orphan Disease Connections,0.98984336,ODCs,0.995768189,1,,,,
36699350,2022-04-26,http://odebase.org,ODEbase,0.992772937,,0,ODEbase,0.992772937,1,,,,
31662803,2018-01-18,http://db.cger.nies.go.jp/dataset/ODIAC,ODIAC,0.977021754,Open-source Data Inventory for Anthropogenic CO2,0.870113115,ODIAC,0.977021754,1,,,,
35504357,2022-04-30,http://netbio.bgu.ac.il/odisea,ODiseA,0.993363082,Organ-Disease Annotations,0.763176953,ODiseA,0.993363082,1,,,,
32324748,2020-04-23,http://www.odobd.org,OdoBD,0.832681954,,0,OdoBD,0.832681954,1,,,,
35687095,2022-07-01,http://tara-oceans.mio.osupytheas.fr/ocean-gene-atlas,OGA2,0.970190987,Gene Atlas,0.770525485,OGA2,0.970190987,1,,,,
33247934,2020-11-01,http://ogda.ytu.edu.cn,OGDA,0.98520869,Organelle Genome Database for Algae,0.973292843,OGDA,0.98520869,1,,,,
26827236,2016-01-30,http://www.bioinfo-cbs.org/ogdd,OGDD,0.991602957,Olive Genetic Diversity Database,0.950038569,OGDD,0.991602957,1,,,,
"33084874, 27799467, 22075992",2021-01-01,http://v3.ogee.info,OGEE,0.996816039,,0,OGEE,0.996816039,3,,,,
30535146,2019-01-01,http://ogob.ie,OGOB,0.957013845,Oomycete Gene Order Browser,0.890639731,OGOB,0.957013845,1,,,,
33581334,2021-02-10,"http://www.oglyp.org/, http://www.oglyp.org/download.php",OGP,0.993771553,,0,OGP,0.993771553,1,,,,
31566225,2020-01-01,http://ogrdb.airr-community.org,OGRDB,0.995836377,Germline Receptor Database,0.822012579,OGRDB,0.995836377,1,,,,
27234245,2012-09-24,http://qtaro.abr.affrc.go.jp/ogro,OGRO,0.748835266,,0,OGRO,0.748835266,1,,,,
31612943,2020-01-01,http://ohnologs.curie.fr,OHNOLOGS,0.941329122,,0,OHNOLOGS,0.941329122,1,,,,
41216191,2025-10-30,http://szcube.origimed.com,OKAIN,0.997707188,,0,OKAIN,0.997707188,1,,,,
34469532,2022-01-01,http://bioserver.iiita.ac.in/olfactionbase,OlfactionBase,0.995920837,,0,OlfactionBase,0.995920837,1,,,,
35411390,2022-04-01,http://olida.ibsquare.be,OLIDA,0.992154598,OLIgogenic diseases DAtabase,0.723045554,OLIDA,0.992154598,1,,,,
"37962356, 25399418, 29106550, 33174605",2024-01-01,http://omabrowser.org,OMA,0.997215748,Orthologous Matrix,0.856745347,OMA,0.997215748,4,,,,
28182744,2017-02-09,http://omdb.diracmaterials.org,OMDB,0.992427528,Organic materials database,0.874303088,OMDB,0.992427528,1,,,,
32556221,2020-07-01,http://occupationalcohorts.net,OMEGA-NET,0.988661706,,0,OMEGA-NET,0.988661706,1,,,,
25024350,2014-07-14,http://omictools.com,OMICtools,0.998182535,,0,OMICtools,0.998182535,1,,,,
25428349,2014-11-26,http://omim.org,OMIM,0.977684259,Online Mendelian Inheritance in Man,0.973285995,OMIM,0.977684259,1,,,,
33749993,2021-03-01,http://omnipathdb.org,OmniPath,0.994131088,,0,OmniPath,0.994131088,1,,,,
27515825,2016-08-10,http://www.scfbio-iitd.res.in/software/onco/NavSite/index.htm,Onco-Regulon,0.983626167,,0,Onco-Regulon,0.983626167,1,,,,
30445567,2019-01-01,http://www.oncobase.biols.ac.cn,OncoBase,0.998138845,,0,OncoBase,0.998138845,1,,,,
34718715,2022-01-01,http://oncodb.org,OncoDB,0.99657166,,0,OncoDB,0.99657166,1,,,,
24651967,2014-03-20,http://bioinfo.au.tsinghua.edu.cn/oncomirdb/Contact,oncomiRDB,0.994694889,,0,oncomiRDB,0.994694889,1,,,,
24428888,2014-01-15,http://tdb.ccmb.res.in/OncomiRdbB/index.htm,OncomiRdbB,0.993847489,,0,OncomiRdbB,0.993847489,1,,,,
29657279,2017-02-07,http://rna.sysu.edu.cn/onconcrna,oncoNcRNA,0.992065489,,0,oncoNcRNA,0.992065489,1,,,,
29186335,2018-04-01,http://oncoppi.emory.edu,OncoPPi,0.987840295,,0,OncoPPi,0.987840295,1,,,,
39535034,2025-01-01,http://idrblab.org/OncoSexome,OncoSexome,0.996176541,,0,OncoSexome,0.996176541,1,,,,
32597311,2020-06-28,http://bioinformatics.zju.edu.cn/OncotRF,OncotRF,0.998194695,,0,OncotRF,0.998194695,1,,,,
38589374,2024-04-08,http://zenodo.org/record/8289245,ONFIRE,0.977964723,,0,ONFIRE,0.977964723,1,,,,
31195415,2019-06-13,http://www.prostata-ca.net,Onkonet,0.994386017,,0,Onkonet,0.994386017,1,,,,
40890154,2025-09-01,http://onmr.ai-bio.net,ONMR,0.997156143,,0,ONMR,0.997156143,1,,,,
34986600,2022-01-01,http://onquadro.cs.put.poznan.pl,ONQUADRO,0.9969275,,0,ONQUADRO,0.9969275,1,,,,
26637529,2015-12-04,http://www.onrldb.org,ONRLDB,0.997567415,Orphan Nuclear Receptor Ligand Binding Database,0.977192277,ONRLDB,0.997567415,1,,,,
24271386,2013-11-22,http://bhapp.c2b2.columbia.edu/OnTheFly/index.php,OnTheFly,0.997192144,,0,OnTheFly,0.997192144,1,,,,
39895658,2025-01-06,http://data.mendeley.com/datasets/6ft99kf89b/2,ONUBAD,0.997681022,,0,ONUBAD,0.997681022,1,,,,
36640825,2023-01-12,http://www.organchip.cn,OOCDB,0.996115744,organs-on-a-chip database,0.835103676,OOCDB,0.996115744,1,,,,
31500643,2019-09-10,http://www.lovd.nl/OPA1,OPA1,0.989455819,,0,OPA1,0.989455819,1,,,,
31831730,2019-12-12,http://www.odonatephenotypicdatabase.org,OPD,0.9961472,Odonate Phenotypic Database,0.971511943,OPD,0.9961472,1,,,,
33361798,2020-12-23,http://octad.org,OCTAD,0.955712438,Open Cancer TherApeutic Discovery,0.961413613,Open Cancer TherApeutic Discovery,0.961413613,1,,,,
37665017,2024-01-01,http://open-genes.org,Open Genes,0.883226097,,0,Open Genes,0.883226097,1,,,,
39657122,2025-01-01,http://platform.opentargets.org,Open Targets,0.695419411,,0,Open Targets,0.695419411,1,,,,
33045747,2021-01-01,http://genetics.opentargets.org,Open Targets Genetics,0.843843058,Targets,0.592151999,Open Targets Genetics,0.843843058,1,,,,
37082565,2022-12-01,http://opensrh.mlins.org,OpenSRH,0.997704446,,0,OpenSRH,0.997704446,1,,,,
26496950,2015-10-22,http://opentein.hgc.jp,OpenTein,0.988018394,Teratoma Investigation,0.906912729,OpenTein,0.988018394,1,,,,
37930849,2024-01-01,http://ngdc.cncb.ac.cn/opia,OPIA,0.985691408,Open Plant Image Archive,0.906657785,OPIA,0.985691408,1,,,,
21890895,2011-09-02,"http://opm.phar.umich.edu, http://opm.phar.umich.edu/server.php",OPM,0.993578792,Orientations of Proteins in Membranes,0.970261431,OPM,0.993578792,1,,,,
30760842,2019-02-13,http://ssr.icar.gov.in/index.php,OpSatdb,0.978444099,,0,OpSatdb,0.978444099,1,,,,
38870722,2024-06-05,http://idrblab.org/optics,OPTICS,0.987588108,,0,OPTICS,0.987588108,1,,,,
23272737,2012-12-29,http://www.optimas-bioenergy.org/optimas_dw,OPTIMAS-DW,0.971398151,,0,OPTIMAS-DW,0.971398151,1,,,,
29913065,2018-07-03,http://www.optobase.org,OptoBase,0.9975577,,0,OptoBase,0.9975577,1,,,,
38802746,2024-05-27,http://www.orangeexpdb.com,OrangeExpDB,0.99444747,,0,OrangeExpDB,0.99444747,1,,,,
21735248,2011-07-07,http://www.utwente.nl/choir/orchestra,ORchestra,0.99726969,,0,ORchestra,0.99726969,1,,,,
"34384382, 21245031",2021-08-12,http://orchidbase.itps.ncku.edu.tw,OrchidBase,0.997832179,,0,OrchidBase,0.997832179,2,,,,
"28111366, 23324169",2017-01-01,http://orchidstra2.abrc.sinica.edu.tw,Orchidstra,0.991553485,,0,Orchidstra,0.991553485,2,,,,
32693783,2020-07-21,http://order.jic.ac.uk,ORDER,0.97873052,Oilseed Rape Developmental Expression Resource,0.972284428,ORDER,0.97873052,1,,,,
26578589,2015-11-17,http://www.oreganno.org,ORegAnno,0.998606801,Open Regulatory Annotation database,0.859214735,ORegAnno,0.998606801,1,,,,
25313158,2014-10-13,http://mips.helmholtz-muenchen.de/Organ_System_Heterogeneity,,0,Organ System Heterogeneity,0.808443427,Organ System Heterogeneity,0.808443427,1,,,,
38967205,2024-07-05,http://organogenesisdb.com,OrganogenesisDB,0.997607172,,0,OrganogenesisDB,0.997607172,1,,,,
36271792,2023-01-01,http://www.inbirg.com/organoid_db,OrganoidDB,0.998128057,,0,OrganoidDB,0.998128057,1,,,,
39373514,2025-01-01,http://idrblab.org/orgxenomics,OrgXenomics,0.980679929,,0,OrgXenomics,0.980679929,1,,,,
39373502,2025-01-01,http://bioinfo-mml.sjtu.edu.cn/oriTDB2,oriTDB,0.994065464,,0,oriTDB,0.994065464,1,,,,
40963069,2025-09-17,http://sysbio.org.cn/ormckb,ORMCKB,0.998137355,oral microbiome knowledge database,0.753804624,ORMCKB,0.998137355,1,,,,
31724725,2020-01-01,http://rnabiology.ircm.qc.ca/oRNAment,oRNAment,0.992074907,,0,oRNAment,0.992074907,1,,,,
"27899580, 33196836, 23180791, 30395283, 25428351",2021-01-01,http://orthodb.org,OrthoDB,0.997169971,,0,OrthoDB,0.997169971,5,,,,
30380106,2019-01-01,http://lbgi.fr/orthoinspectorv3,OrthoInspector,0.992683411,,0,OrthoInspector,0.992683411,1,,,,
23203876,2012-11-29,http://www.pathogenomics.sfu.ca/ortholugedb,OrtholugeDB,0.973012209,,0,OrtholugeDB,0.973012209,1,,,,
23203890,2012-11-29,http://www.genoportal.org/PSSP/index.do,OrysPSSP,0.995186687,,0,OrysPSSP,0.995186687,1,,,,
"33661371, 26578696",2021-03-04,"http://viewer.shigen.info/oryzagenome21detail/index.xhtml, http://shigen.nig.ac.jp/rice/oryzabase",OryzaGenome,0.958561838,,0,OryzaGenome,0.958561838,2,,,,
21486466,2011-04-12,http://oryzapg.iab.keio.ac.jp,OryzaPG,0.995268643,,0,OryzaPG,0.995268643,1,,,,
36544722,2022-10-25,http://archive.materialscloud.org/record/2022.106,OSCAR,0.995001197,,0,OSCAR,0.995001197,1,,,,
35371973,2022-03-11,http://bioinfo.henu.edu.cn/GC/GCList.jsp,OSgc,0.995118737,Online consensus Survival analysis of gastric cancer,0.831485086,OSgc,0.995118737,1,,,,
36474475,2022-01-27,http://ophid.utoronto.ca/OsteoDIP,OsteoDIP,0.995020032,Osteoarthritis Data Integration Portal,0.959226161,OsteoDIP,0.995020032,1,,,,
31086734,2019-04-26,http://biokb.ncpsb.org/osteoporosis,OsteoporosAtlas,0.993293166,,0,OsteoporosAtlas,0.993293166,1,,,,
22768977,2012-07-06,http://www.eumicrobedb.org/transcripts,OTD,0.98326385,Oomycete Transcriptomics Database,0.776904251,OTD,0.98326385,1,,,,
29069459,2018-01-01,http://overgenedb.amu.edu.pl,OverGeneDB,0.993383467,,0,OverGeneDB,0.993383467,1,,,,
38822152,2024-06-01,http://oysterdb.com.cn,OysterDB,0.996471465,,0,OysterDB,0.996471465,1,,,,
35373848,2022-04-25,http://doi.org/10.15482/USDA.ADC/1523365,P-FLUX,0.995589167,,0,P-FLUX,0.995589167,1,,,,
24174541,2013-10-29,http://pmite.hzau.edu.cn/django/mite,P-MITE,0.894164824,plant MITE databases,0.776570714,P-MITE,0.894164824,1,,,,
29855811,2018-08-01,http://p-pal.di.uminho.pt/tools,P-PAL,0.997003108,Procura-PALavras,0.787817964,P-PAL,0.997003108,1,,,,
"24243849, 28150236",2013-11-15,http://p3db.org,P(3)DB,0.997485409,Plant Protein Phosphorylation Database,0.983375771,P(3)DB,0.997485409,2,,,,
37930867,2024-01-01,http://ngdc.cncb.ac.cn/p10k,P10K,0.995204985,Protist 10,0.849458098,P10K,0.995204985,1,,,,
25324303,2014-10-16,http://www.p2cs.org,P2CS,0.982351462,prokaryotic two-component systems,0.689270794,P2CS,0.982351462,1,,,,
23153078,2012-11-15,http://www.p2tf.org,P2TF,0.991170208,Predicted Prokaryotic Transcription Factors,0.982642752,P2TF,0.991170208,1,,,,
37871773,2023-10-21,http://www.cellknowledge.com.cn/p450rdb,P450Rdb,0.988300309,,0,P450Rdb,0.988300309,1,,,,
34332522,2021-07-31,http://clinicaltrials.gov/ct2/show/record/NCT04675918?cond=pediatric+cardiac+arrest&draw=2&rank=10,PACHIN,0.991595972,Pediatric In-Hospital Cardiac Arrest International Registry,0.979042335,PACHIN,0.991595972,1,,,,
30134653,2018-09-06,http://chemyang.ccnu.edu.cn/ccb/database/PADFrag,PADFrag,0.997416735,Pesticide And Drug Fragments,0.979545602,PADFrag,0.997416735,1,,,,
23046413,2012-09-11,http://bio.informatics.iupui.edu/PAGED,PAGED,0.99276948,Pathway And Gene Enrichment Database,0.900361799,PAGED,0.99276948,1,,,,
24312499,2013-12-02,http://bioinf.xmu.edu.cn/PaGenBase,PaGenBase,0.997129798,,0,PaGenBase,0.997129798,1,,,,
26072489,2015-06-01,http://discovery.informatics.iupui.edu/PAGER,PAGER,0.964891553,,0,PAGER,0.964891553,1,,,,
33245774,2021-01-01,http://discovery.informatics.uab.edu/PAGER-CoV,PAGER-CoV,0.984723121,,0,PAGER-CoV,0.984723121,1,,,,
41087926,2025-10-14,"http://www.pahgncb.com/, http://pahg.qau.edu.pk",PAHG,0.969983697,Phylogenomic Analysis of Human Genome,0.825310482,PAHG,0.969983697,1,,,,
25336619,2014-10-21,http://www.paidb.re.kr,PAIDB,0.989453137,Pathogenicity Island Database,0.901366401,PAIDB,0.989453137,1,,,,
40715549,2025-07-26,http://naturalantibody.com/paired-ab-ngs,PairedAbNGS,0.963677347,,0,PairedAbNGS,0.963677347,1,,,,
39494542,2025-01-01,http://pairpot.bioxai.cn,Pairpot,0.996454418,,0,Pairpot,0.996454418,1,,,,
30239681,2018-01-01,http://palmxplore.mpob.gov.my,PalmXplore,0.977348566,,0,PalmXplore,0.977348566,1,,,,
29106626,2018-01-01,http://pseudomonas.umaryland.edu,PAMBD,0.997342527,Pseudomonas aeruginosaMetabolome Database,0.988374015,PAMBD,0.997342527,1,,,,
30874591,2019-03-15,http://bioinfo.icgeb.res.in/pamirdb,PAmiRDB,0.994146883,,0,PAmiRDB,0.994146883,1,,,,
31373607,2020-02-01,http://db.cngb.org/pird,PIRD,0.95986867,Pan Immune Repertoire Database,0.967511244,Pan Immune Repertoire Database,0.967511244,1,,,,
35693187,2022-05-25,http://panaxgdb.ynau.edu.cn,PanaxGDB,0.981607139,,0,PanaxGDB,0.981607139,1,,,,
38367620,2024-02-16,http://pancan-apaqtm-zju.shinyapps.io/pancanaQTM,Pancan-apaQTM,0.803443988,,0,Pancan-apaQTM,0.803443988,1,,,,
30203047,2019-01-01,http://bioinfo.life.hust.edu.cn/Pancan-meQTL,Pancan-meQTL,0.99280415,,0,Pancan-meQTL,0.99280415,1,,,,
36060809,2022-08-19,http://www.pancircbase.net,PanCircBase,0.996479988,,0,PanCircBase,0.996479988,1,,,,
33294866,2020-10-05,http://www.pancreatlas.org,Pancreatlas,0.996841073,,0,Pancreatlas,0.996841073,1,,,,
30349509,2018-10-08,http://www.bioinfo.iicb.res.in/pangfr-hm,PanGFR-HM,0.976677001,,0,PanGFR-HM,0.976677001,1,,,,
41152997,2025-10-28,http://www.gdwk-bioinfo.com/pan_metastasis/home,Panmim,0.996636093,,0,Panmim,0.996636093,1,,,,
25102069,2014-08-18,http://panoramaweb.org,Panorama,0.978761613,,0,Panorama,0.978761613,1,,,,
29487113,2018-02-27,http://panoramaweb.org/public.url,Panorama Public,0.976007561,,0,Panorama Public,0.976007561,1,,,,
21731755,2011-06-23,http://www4a.biotec.or.th/PASNP,PanSNPdb,0.997955024,sian,0.570886314,PanSNPdb,0.997955024,1,,,,
"23868073, 33290554, 26578592, 27899595, 30407594, 23193289",2021-01-01,http://www.pantherdb.org,PANTHER,0.996814907,Protein Analysis Through Evolutionary Relationships,0.987256037,PANTHER,0.996814907,6,,,,
31733062,2020-01-01,http://paramecium.i2bc.paris-saclay.fr,ParameciumDB,0.996724844,,0,ParameciumDB,0.996724844,1,,,,
24923818,2014-06-12,http://crdd.osdd.net/raghava/parapep,ParaPep,0.996673524,,0,ParaPep,0.996673524,1,,,,
21593080,2011-05-18,http://www2.cancer.ucl.ac.uk/Parkinson_Db2,ParkDB,0.997004271,,0,ParkDB,0.997004271,1,,,,
40580499,2025-09-01,http://parpal.c3g-app.sd4h.ca,PARPAL,0.997733593,PARalog Protein Redistribution using Abundance and Localization in Yeast,0.820289728,PARPAL,0.997733593,1,,,,
35039098,2022-01-18,http://parrot.tu-freiberg.de,PARROT,0.967045903,,0,PARROT,0.967045903,1,,,,
23448274,2013-03-01,"http://hi.ustc.edu.cn:8080/PASmiR, http://pcsb.ahau.edu.cn:8080/PASmiR",PASmiR,0.993088782,,0,PASmiR,0.993088782,1,,,,
33363449,2020-12-08,http://musaelab.ca/pass-database,PASS,0.929875195,,0,PASS,0.929875195,1,,,,
36243963,2023-01-01,http://bioinfo.qd.sdu.edu.cn/PAT,PAT,0.99432224,prokaryotic antimicrobial toxin database,0.994219638,PAT,0.99432224,1,,,,
37962386,2024-01-01,http://pathbank.org,PathBank,0.949589729,,0,PathBank,0.949589729,1,,,,
"37994706, 31733064",2024-01-01,http://ophid.utoronto.ca/pathDIP,PathDIP,0.994651794,Pathway Data Integration Portal,0.866223836,PathDIP,0.994651794,2,,,,
34521345,2021-09-14,http://pathfams.uwaterloo.ca,PathFams,0.991846502,,0,PathFams,0.991846502,1,,,,
31160594,2019-06-03,http://patho.phenomebrowser.net,PathoPhenoDB,0.995027721,henomebrowser,0.623123646,PathoPhenoDB,0.995027721,1,,,,
24727366,2014-04-10,http://www.pathoplant.de/expression_analysis.php,PathoPlant,0.994976938,,0,PathoPlant,0.994976938,1,,,,
27625390,2016-09-12,http://pathoyeastract.org,PathoYeastract,0.99473387,Search for Transcriptional Regulators And,0.811140098,PathoYeastract,0.99473387,1,,,,
25591449,2015-01-15,http://proteomeview.hupo.org.cn/PathPPI/PathPPI.html,PathPPI,0.955567122,,0,PathPPI,0.955567122,1,,,,
31647099,2020-01-01,http://www.pathwaycommons.org,Pathway Commons,0.995383561,,0,Pathway Commons,0.995383561,1,,,,
30395323,2019-01-01,http://www.patlas.site,pATLAS,0.996197641,,0,pATLAS,0.996197641,1,,,,
"24225323, 31667520, 25273106",2020-01-01,http://www.patricbrc.org,PATRIC,0.997595549,Center,0.560106337,PATRIC,0.997595549,3,,,,
"23093593, 28053164",2016-10-05,http://pave.niaid.nih.gov,PaVE,0.990848164,Papillomavirus Episteme,0.861218005,PaVE,0.990848164,2,,,,
22535208,2012-04-24,http://pax-db.org,PaxDb,0.987990916,,0,PaxDb,0.987990916,1,,,,
31950190,2020-01-01,http://www.sysbio.org.cn/pcalistdb,PCaLiStDB,0.995350957,PCa,0.603868067,PCaLiStDB,0.995350957,1,,,,
32810235,2021-01-01,"http://pcat.zhenglab.info, http://www.pedtranscriptome.org",PCAT,0.967368126,PDX for Childhood Cancer Therapeutics,0.790382832,PCAT,0.967368126,1,,,,
22800569,2012-07-16,http://strees.protres.ru,PCBOST,0.969115496,Protein Classification Based on Structural Trees,0.917069605,PCBOST,0.969115496,1,,,,
24839966,2014-05-19,http://www.pancreaticcancerdatabase.org,PCD,0.993127882,Pancreatic Cancer Database,0.967810631,PCD,0.993127882,1,,,,
"34999124, 22674824, 27613420",2022-01-06,http://pcddb.cryst.bbk.ac.uk,PCDDB,0.998229384,Protein Circular Dichroism Data Bank,0.960739791,PCDDB,0.998229384,3,,,,
23282181,2012-12-12,http://h-invitational.jp/hinv/pcdq,PCDq,0.992855191,complex,0.558051407,PCDq,0.992855191,1,,,,
28053167,2016-10-07,http://bis.zju.edu.cn/pcernadb/index.jsp,PceRBase,0.983400321,ceRNA database,0.803619842,PceRBase,0.983400321,1,,,,
40234091,2025-04-15,http://pci-db.org,PCI-DB,0.985853803,Peptides for Cancer Immunotherapy Database,0.968843222,PCI-DB,0.985853803,1,,,,
34718712,2022-01-01,http://www.tobaccodb.org/pcmdb,PCMDB,0.998084247,Plant Cell Marker DataBase,0.953205893,PCMDB,0.998084247,1,,,,
24569397,2014-02-26,http://crdd.osdd.net/raghava/pcmdb,PCMdb,0.994843006,Pancreatic Cancer Methylation Database,0.990767524,PCMdb,0.994843006,1,,,,
28011869,2017-01-01,http://pcomdb.lowtem.hokudai.ac.jp/proteins/top,PCoM-DB,0.992738867,protein co-migration database,0.720944236,PCoM-DB,0.992738867,1,,,,
31725861,2017-01-01,http://pcosbase.org,PCOSBase,0.996945679,,0,PCOSBase,0.996945679,1,,,,
26578565,2015-11-17,http://pcoskb.bicnirrh.res.in,PCOSKB,0.997247696,,0,PCOSKB,0.997247696,1,,,,
32895427,2020-09-07,http://www.pcoskb.bicnirrh.res.in,PCOSKBR2,0.997740662,PolyCystic Ovary Syndrome KnowledgeBase,0.975534484,PCOSKBR2,0.997740662,1,,,,
33997360,2021-04-24,http://p450.biodesign.ac.cn,PCPD,0.983033021,Plant cytochrome P450 database,0.944938992,PCPD,0.983033021,1,,,,
28365721,2017-01-01,http://bdg.hfut.edu.cn/pcppi/index.html,PCPPI,0.994418144,Penicillium -Crop Protein-Protein Interactions,0.860982812,PCPPI,0.994418144,1,,,,
35452518,2022-04-01,"http://cci-bioinfo.uncc.edu, http://cci-bioinfo.uncc.edu",PCRMS,0.970753819,predicted cis-regulatory modules,0.902325094,PCRMS,0.970753819,1,,,,
29040761,2018-01-01,http://systemsbiology.cau.edu.cn/chromstates,PCSD,0.967814763,Plant Chromatin State Database,0.940431786,PCSD,0.967814763,1,,,,
38462036,2024-03-09,http://pcatools.shinyapps.io/PCTA_app,PCTA,0.955290318,Pan-cancer Cell Line Transcriptome Atlas,0.837705433,PCTA,0.955290318,1,,,,
25551368,2014-12-31,http://bioinfo.hrbmu.edu.cn/pd_ngsatlas,PD_NGSAtlas,0.995458275,,0,PD_NGSAtlas,0.995458275,1,,,,
32404014,2020-04-01,http://bioinfo.bdu.ac.in/pb3,PDB-2-PBv3.0,0.936054283,,0,PDB-2-PBv3.0,0.936054283,1,,,,
25301850,2014-10-09,http://www.pdbbind-cn.org,PDBbind,0.995774388,,0,PDBbind,0.995774388,1,,,,
37561405,2023-08-10,"http://www.wwpdb.org/, http://www.pdbc.org.cn",PDBc,0.962212145,Worldwide Protein Data Bank,0.774119869,PDBc,0.962212145,1,,,,
26476444,2015-10-17,http://pdbe.org,PDBe,0.99717021,,0,PDBe,0.99717021,1,,,,
"34755867, 31584092",2022-01-01,http://pdbe-kb.org,PDBe-KB,0.995546019,Protein Data Bank in Europe - Knowledge Base,0.917781591,PDBe-KB,0.995546019,2,,,,
26615193,2015-11-28,http://pdbflex.org,PDBFlex,0.998265803,,0,PDBFlex,0.998265803,1,,,,
"40133793, 21976737, 27789697, 34865074",2025-02-15,http://pdbj.org,PDBj,0.996294558,Protein Data Bank Japan,0.880288279,PDBj,0.996294558,4,,,,
23203988,2012-11-30,http://pdbtm.enzim.hu,PDBTM,0.995859504,Protein Data Bank of transmembrane proteins,0.802712626,PDBTM,0.995859504,1,,,,
39225545,2024-09-01,http://pdc.cancer.gov,PDC,0.847366825,Data Commons,0.547899485,PDC,0.847366825,1,,,,
26504143,2015-10-26,http://biomine.ece.ualberta.ca/PDID,PDID,0.99190706,Protein-Drug Interaction Database,0.975201716,PDID,0.99190706,1,,,,
32103267,2020-01-01,http://drosophila.biomedtzc.cn,PDIR,0.982636213,Predicted Drosophila Interactome Resource,0.975733578,PDIR,0.982636213,1,,,,
33304468,2020-11-20,http://ageing.shinyapps.io/pdmethdb,PDmethDB,0.997210741,Parkinson's Disease Methylation Database,0.937413712,PDmethDB,0.997210741,1,,,,
30115014,2018-08-16,http://pdumbase.gdcb.iastate.edu,PdumBase,0.998220384,,0,PdumBase,0.998220384,1,,,,
29743053,2018-05-09,http://www.picb.ac.cn/PDXliver,PDXliver,0.993864596,,0,PDXliver,0.993864596,1,,,,
35475145,2022-04-22,http://portal.pdxnetwork.org,PDXNet,0.996842101,,0,PDXNet,0.996842101,1,,,,
29699484,2018-04-25,http://www.actrec.gov.in:8080/pdzscape,PDZBase,0.993412837,,0,PDZBase,0.993412837,1,,,,
24174539,2013-10-29,http://pedb.vib.be,pE-DB,0.995654404,,0,pE-DB,0.995654404,1,,,,
29216377,2018-01-01,http://hpc-bioinformatics.cineca.it/peach,PeachVar-DB,0.993295565,,0,PeachVar-DB,0.993295565,1,,,,
22712730,2012-06-19,http://bioinfolab.muohio.edu/txid3818v1,PeanutDB,0.997910798,,0,PeanutDB,0.997910798,1,,,,
41277040,2025-11-22,http://cgm.sjtu.edu.cn/PeanutOmics,PeanutOmics,0.996803939,,0,PeanutOmics,0.996803939,1,,,,
37410918,2023-07-01,http://pearomics.njau.edu.cn,PearMODB,0.993743286,Pear Multiomics Database,0.865899757,PearMODB,0.993743286,1,,,,
29126123,2018-01-01,http://www.unimd.org/pedam,PedAM,0.973055482,Pediatric Disease Annotations & Medicines,0.695434553,PedAM,0.973055482,1,,,,
26073932,2015-06-15,http://pedican.bioinfo-minzhao.org,Pedican,0.98098731,of pediatric cancers,0.786508222,Pedican,0.98098731,1,,,,
37100784,2023-04-27,http://physionet.org/content/vindr-pcxr/1.0.0,PediCXR,0.993804336,,0,PediCXR,0.993804336,1,,,,
26048622,2015-06-03,http://www.pediatricmri.nih.gov,PedsDTI,0.868158847,NIH MRI study of normal brain development,0.851746321,PedsDTI,0.868158847,1,,,,
34504668,2021-08-17,http://combio.snu.ac.kr/pen,PEN,0.994843125,Protein-gene Expression Nexus,0.95734026,PEN,0.994843125,1,,,,
40619098,2025-07-05,http://genemed.tech/pencards,PenCards,0.997158587,,0,PenCards,0.997158587,1,,,,
38050352,2023-12-04,http://expression.plant.tools,PEO,0.994621873,Plant Expression Omnibus,0.82414875,PEO,0.994621873,1,,,,
29455297,2018-02-18,http://www.pep725.eu,PEP725,0.994008164,Pan European Phenological database,0.893914139,PEP725,0.994008164,1,,,,
29982280,2019-01-01,http://huanglab.phys.hust.edu.cn/pepbdb,PepBDB,0.992508531,Peptide Binding DataBase,0.660811494,PepBDB,0.992508531,1,,,,
23696878,2013-05-16,http://wukong.tongji.edu.cn/pepid,PEpiD,0.998079658,Prostate Epigenetic Database,0.979941408,PEpiD,0.998079658,1,,,,
27819351,2016-11-07,http://crdd.osdd.net/raghava/peplife,PEPlife,0.99723953,,0,PEPlife,0.99723953,1,,,,
36474016,2022-12-06,http://i.uestc.edu.cn/PQsarDB,PepQSAR,0.986828268,,0,PepQSAR,0.986828268,1,,,,
39483086,2024-11-01,http://peptaloid.niser.ac.in,Peptaloid,0.98772198,,0,Peptaloid,0.98772198,1,,,,
33647438,2021-02-26,http://peptherdia.herokuapp.com,PepTherDia,0.833288401,,0,PepTherDia,0.833288401,1,,,,
39308247,2024-09-01,http://bioinformaticscollege.ir/peptihub,PeptiHub,0.997727156,,0,PeptiHub,0.997727156,1,,,,
39514414,2024-11-01,http://peptipedia.cl,Peptipedia,0.969533563,,0,Peptipedia,0.969533563,1,,,,
24406170,2014-01-06,http://peptisite.ucsd.edu,PeptiSite,0.997222483,,0,PeptiSite,0.997222483,1,,,,
31629694,2019-10-17,http://bioinformatics.biol.uoa.gr/db=permemdb,PerMemDB,0.997093499,,0,PerMemDB,0.997093499,1,,,,
31259547,2019-07-01,http://permm.phar.umich.edu,PerMM,0.995338023,,0,PerMM,0.995338023,1,,,,
23180785,2012-11-24,http://peroxibase.toulouse.inra.fr,PeroxiBase,0.998095334,,0,PeroxiBase,0.998095334,1,,,,
36243973,2023-01-01,http://www.inbirg.com/pertorg,PertOrg,0.997030616,,0,PertOrg,0.997030616,1,,,,
39377396,2025-01-01,http://www.perturbase.cn,PerturBase,0.998180866,,0,PerturBase,0.998180866,1,,,,
39351872,2025-01-01,http://perturbatlas.kratoss.site,PerturbAtlas,0.997184157,,0,PerturbAtlas,0.997184157,1,,,,
40381983,2025-05-15,http://bioailab.com/PerturbSeq.db,PerturbSeq.db,0.998067609,,0,PerturbSeq.db,0.998067609,1,,,,
37165197,2023-05-10,http://perunpdb.com.pe,PeruNPDB,0.976453951,Peruvian Natural Products Database,0.737019157,PeruNPDB,0.976453951,1,,,,
33080028,2021-01-01,http://dianalab.e-ce.uth.gr/peryton,Peryton,0.997871995,,0,Peryton,0.997871995,1,,,,
23084601,2012-10-18,http://bejerano.stanford.edu/pesnpdb,PESNPdb,0.998070478,,0,PESNPdb,0.998070478,1,,,,
27936097,2016-12-09,http://petmbase.org,PeTMbase,0.988303959,,0,PeTMbase,0.988303959,1,,,,
25198774,2014-01-01,http://pfaldb.jnu.ac.in,PfalDB,0.975739539,,0,PfalDB,0.975739539,1,,,,
30733462,2019-02-07,http://lee.kias.re.kr,PFDB,0.996777177,protein folding kinetics database,0.818020368,PFDB,0.996777177,1,,,,
20672376,2011-01-01,http://pfs.nus.edu.sg,pfSNP,0.996151626,SNPs,0.563585818,pfSNP,0.996151626,1,,,,
27824078,2016-11-08,http://wgmlstdb.imst.nsysu.edu.tw,PGAdb-builder,0.779213417,,0,PGAdb-builder,0.779213417,1,,,,
21765097,2011-07-15,http://nwrce.org/pgat,PGAT,0.996497869,Prokaryotic-genome Analysis Tool,0.875871877,PGAT,0.996497869,1,,,,
37710163,2023-09-15,http://pyrusgdb.sdau.edu.cn,PGDB,0.952342351,Pear Genomics Database,0.897598892,PGDB,0.952342351,1,,,,
"27987164, 24363285",2017-01-01,http://pgdbj,PGDBj,0.985787213,Plant Genome DataBase Japan,0.963867758,PGDBj,0.985787213,2,,,,
"23180799, 27987177",2017-01-01,http://chibba.agtec.uga.edu/duplication,PGDD,0.996008992,Plant Genome Duplication Database,0.988166434,PGDD,0.996008992,2,,,,
31584086,2020-01-01,"http://www.pgghan.org, http://www.hanchinesegenomes.org",PGG.Han,0.980565399,,0,PGG.Han,0.980565399,1,,,,
29112749,2018-01-01,http://www.pggpopulation.org,PGG.Population,0.989457592,,0,PGG.Population,0.989457592,1,,,,
31640808,2019-10-22,http://www.pggsnv.org,PGG.SNV,0.993890333,,0,PGG.SNV,0.993890333,1,,,,
36243989,2023-01-01,http://www.biosino.org/pggsv,PGG.SV,0.993154693,,0,PGG.SV,0.993154693,1,,,,
29223505,2017-12-07,http://www.pakmutation.com,PGMD,0.981539965,Pakistan Genetic Mutation Database,0.853109753,PGMD,0.981539965,1,,,,
37953384,2024-01-01,http://www.pgsdepot.net,PGS-Depot,0.993866408,,0,PGS-Depot,0.993866408,1,,,,
39373542,2025-01-01,http://phagedive.dsmz.de,PhageDive,0.998365462,,0,PhageDive,0.998365462,1,,,,
37904614,2024-01-01,http://phagescope.deepomics.org,PhageScope,0.997090042,,0,PhageScope,0.997090042,1,,,,
28365761,2017-03-01,http://phagesdb.org,PhagesDB,0.997792363,Actinobacteriophage Database,0.878269814,PhagesDB,0.997792363,1,,,,
21624156,2011-05-17,http://purl.bioontology.org/ontology/PHARE,PHARE-KB,0.872125208,,0,PHARE-KB,0.872125208,1,,,,
36255213,2022-10-01,http://www.pharmakovariome.com,PharmaKoVariome,0.992599785,,0,PharmaKoVariome,0.992599785,1,,,,
37831083,2024-01-01,http://ngdc.cncb.ac.cn/pharmgwas,PharmGWAS,0.994564831,,0,PharmGWAS,0.994564831,1,,,,
35879321,2022-07-25,http://alphaindex.zju.edu.cn/PHARP/index.php,PHARP,0.723126988,pig Haplotype Reference Panel,0.716919149,PHARP,0.723126988,1,,,,
31584089,2020-01-01,http://db.phasep.pro,PhaSepDB,0.996137023,,0,PhaSepDB,0.996137023,1,,,,
31612960,2020-01-01,http://phasepro.elte.hu,PhaSePro,0.996815085,,0,PhaSePro,0.996815085,1,,,,
27026615,2016-03-28,http://phekb.org,PheKB,0.997518778,Phenotype KnowledgeBase,0.822092161,PheKB,0.997518778,1,,,,
33245779,2021-01-01,http://phelige.com,PheLiGe,0.99728775,,0,PheLiGe,0.99728775,1,,,,
21507258,2011-04-20,http://phemadb.sourceforge.net,PheMaDB,0.986041546,Phenotype,0.610215828,PheMaDB,0.986041546,1,,,,
23378291,2013-03-04,http://phenodb.net,PhenoDB,0.997127712,Mendelian Inheritance in,0.610693395,PhenoDB,0.997127712,1,,,,
29370821,2018-01-25,http://mips.helmholtz-muenchen.de/phenodis,PhenoDis,0.995657861,,0,PhenoDis,0.995657861,1,,,,
31228159,2019-01-01,http://phenogen.org,PhenoGen,0.95278728,Rat,0.555455029,PhenoGen,0.95278728,1,,,,
22009677,2011-10-18,http://phenom.ccbr.utoronto.ca,PhenoM,0.993650556,Phenomics of yeast Mutants,0.973869509,PhenoM,0.993650556,1,,,,
26251998,2015-08-31,http://phenomecentral.org,PhenomeCentral,0.995991707,,0,PhenomeCentral,0.995991707,1,,,,
22255115,2011-01-01,http://faculty.neu.edu.cn/bmie/han/PhenOMIM,PHENOMIM,0.989852965,,0,PHENOMIM,0.989852965,1,,,,
31642469,2020-01-01,http://www.biosino.org/PhenoModifier,PhenoModifier,0.996493459,,0,PhenoModifier,0.996493459,1,,,,
28748223,2017-07-24,http://www.phenoplasm.org,PhenoPlasm,0.98693198,,0,PhenoPlasm,0.98693198,1,,,,
21554668,2011-05-09,http://bioweb.supagro.inra.fr/phenopsis,PHENOPSIS,0.950341225,,0,PHENOPSIS,0.950341225,1,,,,
31307376,2019-07-16,http://phenpath.biocomp.unibo.it,PhenPath,0.98982805,,0,PhenPath,0.98982805,1,,,,
25414340,2014-11-20,http://www.phi-base.org,PHI-base,0.987774253,Pathogen-Host Interactions database,0.932421378,PHI-base,0.987774253,1,,,,
23497033,2013-03-06,http://www.phibiotics.org,phiBIOTICS,0.983398318,,0,phiBIOTICS,0.983398318,1,,,,
35776535,2022-06-01,http://philm2web.live,PHILM2Web,0.943760085,Pathogen-Host Interactions by,0.781881496,PHILM2Web,0.943760085,1,,,,
26225242,2015-03-18,http://cadd.pharmacy.nankai.edu.cn/phin,PhIN,0.994730279,protein pharmacology interaction network database,0.937448184,PhIN,0.994730279,1,,,,
30055873,2018-07-19,http://www.scbit.org/phopepmass/index.html,PhoPepMass,0.996143401,,0,PhoPepMass,0.996143401,1,,,,
23172287,2012-11-20,http://phosphat.mpimp-golm.mpg.de,PhosPhAt,0.993283868,,0,PhosPhAt,0.993283868,1,,,,
23674503,2013-05-13,http://www.phosphogrid.org,PhosphoGRID,0.998093545,,0,PhosphoGRID,0.998093545,1,,,,
24227675,2013-11-13,http://www.phosphonetworks.org,PhosphoNetworks,0.997868598,,0,PhosphoNetworks,0.997868598,1,,,,
"22135298, 25514926",2011-12-01,http://www.phosphosite.org,PhosphoSitePlus,0.998392642,,0,PhosphoSitePlus,0.998392642,2,,,,
35994309,2022-08-01,http://phosprof.medals.jp,Phosprof,0.997133374,,0,Phosprof,0.997133374,1,,,,
33104790,2021-01-01,http://phycocosm.jgi.doe.gov,PhycoCosm,0.996997952,,0,PhycoCosm,0.996997952,1,,,,
37580331,2023-08-15,http://phylobone.com,Phylobone,0.983361483,,0,Phylobone,0.983361483,1,,,,
"34718760, 24275491",2022-01-01,http://www.phylomedb.org,PhylomeDB,0.996954501,,0,PhylomeDB,0.996954501,2,,,,
26117828,2015-06-27,http://www.bioinfo.org/phyloNoncode,PhyloNONCODE,0.804293454,,0,PhyloNONCODE,0.804293454,1,,,,
24771669,2014-04-26,http://g2im.u-clermont1.fr/phylopdb,PhylOPDb,0.997332573,,0,PhylOPDb,0.997332573,1,,,,
26980519,2016-03-15,http://www.compsysbio.org/phylopro,PhyloPro,0.998065591,,0,PhyloPro,0.998065591,1,,,,
29624889,2018-06-01,http://metanogen.biotech.uni.wroc.pl,PhyMet2,0.994540513,,0,PhyMet2,0.994540513,1,,,,
26441671,2015-09-09,http://physiome.jp,Physiome.jp,0.977062356,,0,Physiome.jp,0.977062356,1,,,,
35372245,2022-03-17,http://physionet.org/content/icu-infection-zigong-fourth/1.0,PhysioNet,0.683678627,,0,PhysioNet,0.683678627,1,,,,
36995916,2023-03-30,http://www.way2drug.com/p4h,Phyto4Health,0.992414498,,0,Phyto4Health,0.992414498,1,,,,
35234849,2022-01-01,http://phytochemdb.com,phytochemdb,0.99354281,,0,phytochemdb,0.99354281,1,,,,
25740460,2015-04-06,http://phytoref.fr,PhytoREF,0.99713105,,0,PhytoREF,0.99713105,1,,,,
24870500,2014-05-15,http://www.lea.esalq.usp.br/phytoseiidae,,0,Phytoseiidae database,0.598889927,Phytoseiidae database,0.598889927,1,,,,
30576486,2018-01-01,http://phytotypedb.bio.unipd.it,PhytoTypeDB,0.998071671,,0,PhytoTypeDB,0.998071671,1,,,,
22110026,2011-11-22,http://www.phytozome.net,Phytozome,0.998088956,,0,Phytozome,0.998088956,1,,,,
21801404,2011-07-29,http://www-cryst.bioc.cam.ac.uk/piccolo,PICCOLO,0.993021965,,0,PICCOLO,0.993021965,1,,,,
"36350677, 29077937",2023-01-01,http://pickles.hart-lab.org,PICKLES,0.996508896,CRISPR Knockout,0.593691432,PICKLES,0.996508896,2,,,,
23826978,2013-07-04,http://bioinformatics.psb.ugent.be/pico-plaza,pico-PLAZA,0.990684529,,0,pico-PLAZA,0.990684529,1,,,,
34111777,2021-06-05,http://biodb.sdau.edu.cn/PID/index.php,PID,0.98083353,Plant Intron Database,0.959512129,PID,0.98083353,1,,,,
23607573,2013-08-01,http://www.pid-net.org,PID-NET,0.746310925,,0,PID-NET,0.746310925,1,,,,
"27742820, 23180792",2016-10-13,"http://probes.pw.usda.gov/piece, http://aegilops.wheat.ucdavis.edu/piece",PIECE,0.997208118,Plant Intron Exon Comparison and Evolution,0.978025717,PIECE,0.997208118,2,,,,
37956339,2024-01-01,http://pigbiobank.farmgtex.org,PigBiobank,0.9948318,animal Genotype-Tissue Expression,0.688639181,PigBiobank,0.9948318,1,,,,
25270086,2014-10-01,http://pigd.ahau.edu.cn,PIGD,0.992457569,Poaceae Intronless Genes Database,0.982717186,PIGD,0.992457569,1,,,,
40036767,2025-05-01,http://pigome.com,PIGOME,0.997483194,,0,PIGOME,0.997483194,1,,,,
27478368,2016-07-19,http://caps.ncbs.res.in/pimadb,PIMADb,0.994888186,protein interactions in huge macromolecular assemblies,0.905600566,PIMADb,0.994888186,1,,,,
30147056,2018-01-01,http://pimbase.kalis-amts.de,PIMBase,0.997270882,,0,PIMBase,0.997270882,1,,,,
22067443,2011-11-08,http://cbg.garvan.unsw.edu.au/pina,PINA,0.992636144,Protein Interaction Network Analysis,0.964843237,PINA,0.992636144,1,,,,
28096778,2016-11-24,http://app.bioelm.com,PineElm_SSRdb,0.885082662,,0,PineElm_SSRdb,0.885082662,1,,,,
34107869,2021-06-09,http://pinir.ncl.res.in,PINIR,0.995020032,Pin-II type PIs Information Resource,0.970687181,PINIR,0.995020032,1,,,,
38204359,2024-01-01,http://pioxidb.dcmb.med.umich.edu,piOxi,0.98235178,,0,piOxi,0.98235178,1,,,,
25252779,2014-09-23,http://www.pip-db.org,PIP-DB,0.989458632,Protein Isoelectric Point database,0.94516476,PIP-DB,0.989458632,1,,,,
39460620,2025-01-01,http://nmdc.cn/pipdb,PIPdb,0.997112572,Plasmids in Pathogens Database,0.984586324,PIPdb,0.997112572,1,,,,
23396298,2013-02-08,http://cabindb.iasri.res.in/pigeonpea,PIPEMicroDB,0.981419305,PIgeonPEa Microsatellite DataBase,0.70065501,PIPEMicroDB,0.981419305,1,,,,
"34871445, 25425034, 30371818",2022-01-01,http://bigdata.ibp.ac.cn/piRBase,piRBase,0.997035384,,0,piRBase,0.997035384,3,,,,
33330918,2021-01-01,http://njmu-edu.cn:3838/piRNA-eQTL,piRNA-eQTL,0.997409006,,0,piRNA-eQTL,0.997409006,1,,,,
34302483,2022-01-01,http://www.smallrnagroup.uni-mainz.de/piRNAclusterDB,piRNAclusterDB,0.652865052,,0,piRNAclusterDB,0.652865052,1,,,,
"34965192, 24997126",2021-12-31,http://dibresources.jcbose.ac.in/zhumur/pirnaquest2,piRNAQuest,0.996235311,,0,piRNAQuest,0.996235311,2,,,,
30357353,2019-01-01,http://cosbi6.ee.ncku.edu.tw/piRTarBase,piRTarBase,0.99358052,,0,piRTarBase,0.99358052,1,,,,
30053269,2018-01-01,http://pitdb.org,PITDB,0.992001295,,0,PITDB,0.992001295,1,,,,
30805645,2019-01-01,http://compbio.clemson.edu/pkad,PKAD,0.989784598,,0,PKAD,0.989784598,1,,,,
"29662024, 32679723",2020-07-15,http://www.icoa.fr/pkidb,PKIDB,0.987339139,Protein Kinase Inhibitor Database,0.97000488,PKIDB,0.987339139,2,,,,
22559792,2012-05-15,http://cadd.suda.edu.cn/admet,PKKB,0.895442531,PharmacoKinetics Knowledge Base,0.882700513,PKKB,0.895442531,1,,,,
37106367,2023-04-27,http://zzdlab.com/PlaASDB/ASDB/index.html,PlaASDB,0.994321823,,0,PlaASDB,0.994321823,1,,,,
39385626,2025-01-01,http://opig.stats.ox.ac.uk/webapps/plabdab-nano,PLAbDab-nano,0.991517093,,0,PLAbDab-nano,0.991517093,1,,,,
31103066,2019-04-01,http://pat.nichd.nih.gov,PAT,0.751513183,Placental Atlas Tool,0.817075777,Placental Atlas Tool,0.817075777,1,,,,
30266409,2018-08-01,"http://systbio.cau.edu.cn/plad/index.php, http://zzdlab.com/plad/index.php",PlaD,0.996840239,,0,PlaD,0.996840239,1,,,,
36412326,2022-11-01,http://39.104.28.169:18095,PlagueKD,0.59019053,,0,PlagueKD,0.59019053,1,,,,
27924044,2016-10-24,http://www.systembioinfo.org/plamom,PlaMoM,0.996463239,Plant Mobile Macromolecules,0.947892308,PlaMoM,0.996463239,1,,,,
30101318,2018-01-01,http://planc-te.cp.utfpr.edu.br,PlaNC-TE,0.996604753,,0,PlaNC-TE,0.996604753,1,,,,
23688397,2013-05-20,http://planex.plantbioinformatics.org,PLANEX,0.997026294,PLAnt co-EXpression database,0.942242801,PLANEX,0.997026294,1,,,,
23426257,2013-02-19,http://planform.daniel-lobo.com,Planform,0.994146824,lanarian,0.698465049,Planform,0.994146824,1,,,,
"26578570, 30496475",2019-01-01,http://planmine.mpi-cbg.de,PlanMine,0.994910002,,0,PlanMine,0.994910002,2,,,,
38993115,2024-07-11,http://yanglab.hzau.edu.cn/PCMD,PCMD,0.98806262,Plant Comparative Metabolome Database,0.989287274,Plant Comparative Metabolome Database,0.989287274,1,,,,
38585015,2024-01-10,http://pfgd.bio2db.com,PFGD,0.96159153,Plant Flowering-time Gene Database,0.962068983,Plant Flowering-time Gene Database,0.962068983,1,,,,
"26527721, 23203886",2015-11-02,"http://pgsb.helmholtz-muenchen.de/plant/index.jsp, http://transplantdb.eu",PlantsDB,0.96487546,Plant Genome and Systems Biology,0.978462391,Plant Genome and Systems Biology,0.978462391,2,,,,
36409390,2022-11-18,http://plantintron.com,PISE,0.98943685,Plant Intron-Splicing Efficiency Database,0.992250171,Plant Intron-Splicing Efficiency Database,0.992250171,1,,,,
24980131,2014-06-30,http://www.plantrdnadatabase.com,Plant rDNA,0.623982986,Plant rDNA database,0.521373582,Plant rDNA,0.623982986,1,,,,
33137192,2021-01-01,http://gong_lab.hzau.edu.cn/Plant_imputeDB,Plant-ImputeDB,0.997689724,,0,Plant-ImputeDB,0.997689724,1,,,,
25435546,2014-11-29,http://plant-pras.riken.jp,Plant-PrAS,0.983476034,Plant Protein Annotation Suite database,0.848614266,Plant-PrAS,0.983476034,1,,,,
31612325,2019-10-14,http://bioinformatics.cimap.res.in/sharma/PlantAFP,PlantAFP,0.990319967,,0,PlantAFP,0.990319967,1,,,,
33546584,2021-02-05,http://www.machado.cnptia.embrapa.br/plantannot,Plantannot,0.995641232,Plant Co-expression Annotation Resource,0.853625529,Plantannot,0.995641232,1,,,,
36328151,2022-10-31,http://bioinfor.nefu.edu.cn/PlantCADB,PlantCADB,0.992473602,chromatin accessibility database,0.630893901,PlantCADB,0.992473602,1,,,,
25125445,2014-08-14,http://cys.bios.niu.edu/plantcazyme,PlantCAZyme,0.998365402,,0,PlantCAZyme,0.998365402,1,,,,
37867975,2023-10-05,http://www.functionalgenomics.cn/PlantCHRs,PlantCHRs,0.996765244,Plant Chromatin Remodeling Factors Database,0.987776458,PlantCHRs,0.996765244,1,,,,
35637632,2022-05-30,http://ibi.zju.edu.cn/plantcircbase,PlantcircBase,0.996972144,,0,PlantcircBase,0.996972144,1,,,,
31725858,2017-01-01,http://bis.zju.edu.cn/plantcircnet/index.php,PlantCircNet,0.997203588,,0,PlantCircNet,0.997203588,1,,,,
39189447,2025-01-01,http://plant.deepbiology.cn/PlantCircRNA,PlantCircRNA,0.997637987,,0,PlantCircRNA,0.997637987,1,,,,
40700523,2025-07-01,http://plant.connectome.tools,PlantConnectome,0.99404043,,0,PlantConnectome,0.99404043,1,,,,
26400163,2015-09-22,http://plantdhs.org,PlantDHS,0.996344864,,0,PlantDHS,0.996344864,1,,,,
26887375,2016-02-18,http://bioinfo-tool.cp.utfpr.edu.br/plantemirdb,PlanTE-MIR DB,0.85333695,,0,PlanTE-MIR DB,0.85333695,1,,,,
37646937,2023-01-01,http://tools.ibg.deu.edu.tr/plantenrichment,PlanTEnrichment,0.994290054,,0,PlanTEnrichment,0.994290054,1,,,,
38055832,2024-01-01,http://planteome.org,Planteome,0.997561514,,0,Planteome,0.997561514,1,,,,
36271793,2023-01-01,http://biotec.njau.edu.cn/plantExp,PlantExp,0.99732846,,0,PlantExp,0.99732846,1,,,,
28158643,2017-01-01,http://plantomics.mind.meiji.ac.jp/PlantExpress,PlantExpress,0.993935406,,0,PlantExpress,0.993935406,1,,,,
38411627,2024-03-01,http://rocesv.github.io/PlantFUNCO,PlantFUNCO,0.997382581,,0,PlantFUNCO,0.997382581,1,,,,
35134149,2022-02-01,http://biodb.sdau.edu.cn/PGF/index.html,PlantGF,0.993233919,Plant Gene Family Platform,0.788699597,PlantGF,0.993233919,1,,,,
34534340,2022-01-01,http://systemsbiology.cau.edu.cn/PlantGSEAv2,PlantGSAD,0.996506035,Plant Gene Set Annotation Database,0.848377784,PlantGSAD,0.996506035,1,,,,
37951713,2023-11-01,http://deepbiology.cn/PlantIntronDB,PlantIntronDB,0.997428894,,0,PlantIntronDB,0.997428894,1,,,,
36950350,2023-03-06,http://bioinformatics.um6p.ma/PlantLTRdb,PlantLTRdb,0.99800694,,0,PlantLTRdb,0.99800694,1,,,,
22080512,2011-11-10,http://www.plantmetabolomics.org,PlantMetabolomics,0.962467134,,0,PlantMetabolomics,0.962467134,1,,,,
35523906,2022-05-06,http://plantmwpidb.com,PlantMWpIDB,0.99095422,,0,PlantMWpIDB,0.99095422,1,,,,
22058132,2011-11-03,http://bis.zju.edu.cn/pnatdb,PlantNATsDB,0.995334884,NAT database,0.576344937,PlantNATsDB,0.995334884,1,,,,
35024864,2022-04-01,http://plantnexus.ohio.edu,PlantNexus,0.995638669,,0,PlantNexus,0.995638669,1,,,,
26112452,2015-06-26,http://bioinfolab.miamioh.edu/plantordb,PlantOrDB,0.997664332,,0,PlantOrDB,0.997664332,1,,,,
37897364,2024-01-01,http://plantpad.samlab.cn,PlantPAD,0.992430449,Plant Phenomics Analysis of Disease,0.734652827,PlantPAD,0.992430449,1,,,,
35842742,2022-07-30,http://jasonxu.shinyapps.io/PlantPhoneDB,PlantPhoneDB,0.994704008,,0,PlantPhoneDB,0.994704008,1,,,,
21418024,2011-08-01,http://www.plantpis.ba.itb.cnr.it,PlantPIs,0.9976331,,0,PlantPIs,0.9976331,1,,,,
34977976,2022-01-03,http://www.plantrep.cn,PlantRep,0.997838855,,0,PlantRep,0.997838855,1,,,,
28111365,2017-01-01,"http://probes.pw.usda.gov/plantrgdb, http://aegilops.wheat.ucdavis.edu/plantrgdb",PlantRGDB,0.995906234,Plant Retrocopied Gene DataBase,0.938694141,PlantRGDB,0.995906234,1,,,,
"36196656, 23066098",2022-10-17,http://plantrna.ibmp.cnrs.fr,PlantRNA,0.962213755,,0,PlantRNA,0.962213755,2,,,,
"27924042, 24174544",2016-10-24,"http://planttfdb.cbi.pku.edu.cn/, http://plantregmap.cbi.pku.edu.cn",PlantTFDB,0.997673213,,0,PlantTFDB,0.997673213,2,,,,
"37450161, 32028878",2023-01-01,http://zzdlab.com/plappisite/index.php,PlaPPISite,0.995016873,,0,PlaPPISite,0.995016873,2,,,,
39441081,2025-01-01,http://plasmid.deepomics.org,PlasmidScope,0.995240033,,0,PlasmidScope,0.995240033,1,,,,
28592293,2017-06-07,http://genome.lcqb.upmc.fr/plasmobase,Plasmobase,0.995240629,,0,Plasmobase,0.995240629,1,,,,
25593348,2015-01-01,http://plasmogem.sanger.ac.uk,PlasmoGEM,0.99704349,Plasmodium Genetic Modification,0.977940926,PlasmoGEM,0.99704349,1,,,,
25378306,2014-11-05,http://lcgbase.big.ac.cn/plastid-LCGbase,Plastid-LCGbase,0.993730698,,0,Plastid-LCGbase,0.993730698,1,,,,
40221859,2025-05-01,http://plateletbase.clinlabomics.org.cn,PlateletBase,0.997934759,,0,PlateletBase,0.997934759,1,,,,
35441360,2022-04-19,http://plavimop.prd.fr/en/motions,PLAViMoP,0.98882556,,0,PLAViMoP,0.98882556,1,,,,
"34747486, 25324309, 27987171, 29069403",2022-01-01,http://bioinformatics.psb.ugent.be/plaza,PLAZA,0.996272564,Comparative Genomic Database,0.86294961,PLAZA,0.996272564,4,,,,
37290059,2023-06-01,http://plbd.org,PLBD,0.983621538,igand binding database,0.660878554,PLBD,0.983621538,1,,,,
26746174,2016-01-07,http://bioinf.mind.meiji.ac.jp/phapt,Pleurochrysome,0.995230675,,0,Pleurochrysome,0.995230675,1,,,,
22084198,2011-11-13,http://www.plexdb.org,PLEXdb,0.997321129,,0,PLEXdb,0.997321129,1,,,,
28529077,2017-05-03,http://plmd.biocuckoo.org,PLMD,0.97490716,protein lysine modification database,0.703303804,PLMD,0.97490716,1,,,,
28203705,2017-07-01,http://bioinformatics.caf.ac.cn/Pln24NT,Pln24NT,0.996295124,,0,Pln24NT,0.996295124,1,,,,
"33079992, 23476021",2021-01-01,http://plncdb.tobaccodb.org,PLncDB,0.997522697,Plant long non-coding RNA database,0.98458527,PLncDB,0.997522697,2,,,,
26211629,2015-07-23,http://bioinformatics.ahau.edu.cn/PLNlncRbase,PLNlncRbase,0.997170389,,0,PLNlncRbase,0.997170389,1,,,,
40625169,2025-01-01,http://plovdb.ott.ru,PLoV,0.983962551,Pregnancy Loss genetic Variant,0.898626435,PLoV,0.983962551,1,,,,
32190163,2020-03-14,http://www.insight-group.org/variants/databases,PLSD,0.991903663,Prospective Lynch Syndrome Database,0.954046357,PLSD,0.991903663,1,,,,
35438150,2022-05-01,http://www.pltdb-hust.com,PltDB,0.998079062,,0,PltDB,0.998079062,1,,,,
35605006,2022-05-23,http://bioinformatics.um6p.ma/PltRNAdb/index.php,PltRNAdb,0.995503008,Plant transfer RNA database,0.691312507,PltRNAdb,0.995503008,1,,,,
38748636,2024-05-01,http://www.pmbreastcancer.com,PMBC,0.933548093,,0,PMBC,0.933548093,1,,,,
31738435,2019-01-01,http://pmbd.genome-mining.cn/home,PMBD,0.987427726,Plastics Microbial Biodegradation Database,0.977427036,PMBD,0.987427726,1,,,,
27733507,2016-10-12,http://www.sesame-bioinfo.org/PMDBase,PMDBase,0.997673035,,0,PMDBase,0.997673035,1,,,,
38483315,2024-03-14,http://deeprxn.ics.uci.edu/pmechdb,PMechDB,0.993418992,,0,PMechDB,0.993418992,1,,,,
37819039,2024-01-01,http://pmhub.org.cn,PMhub,0.981177449,Plant Metabolome Hub,0.943486226,PMhub,0.981177449,1,,,,
33554247,2021-09-01,http://easybioai.com/PMIDB,PMI-DB,0.978619933,,0,PMI-DB,0.978619933,1,,,,
35567946,2022-04-29,http://www.lwb-lab.cn/PmiRtarbase,PmiRtarbase,0.994659603,,0,PmiRtarbase,0.994659603,1,,,,
27789569,2017-05-01,http://pmkb.weill.cornell.edu,PMKB,0.992120802,Precision Medicine Knowledge Base,0.967980176,PMKB,0.992120802,1,,,,
41003669,2025-09-26,http://pmkbase.com,PMkbase,0.996826351,Phenotype Microarray Knowledgebase,0.965465059,PMkbase,0.996826351,1,,,,
23624946,2013-04-26,http://www.proteinmodelportal.org,PMP,0.941905677,Protein Model,0.727932513,PMP,0.941905677,1,,,,
39657145,2024-12-01,http://apps.thesgc.org/pmp,PmP,0.988213241,Probe my Pathway,0.692333293,PmP,0.988213241,1,,,,
28862395,2017-09-01,http://pmsdn.hms.harvard.edu,PMS_DN,0.993797079,Phelan-McDermid syndrome data network,0.926657796,PMS_DN,0.993797079,1,,,,
23725466,2013-06-03,http://pmted.agrinome.org,PMTED,0.991327643,Plant MiRNA Target Expression Database,0.971420904,PMTED,0.991327643,1,,,,
34551435,2022-01-01,http://pncshub.erc.monash.edu,PncsHub,0.998222709,,0,PncsHub,0.998222709,1,,,,
25398903,2014-11-14,http://structuralbiology.cau.edu.cn/PNRD,PNRD,0.991778493,plant ncRNA database,0.92003082,PNRD,0.991778493,1,,,,
40594746,2025-07-01,http://sysbio.org.cn/pocdkb,POCDKB,0.964916646,Postoperative cognitive dysfunction knowledge base,0.896604906,POCDKB,0.964916646,1,,,,
24092884,2013-10-03,http://podb.nibb.ac.jp/Organellome,PODB,0.986917019,Plant Organelles Database,0.934489107,PODB,0.986917019,1,,,,
25505034,2014-12-11,http://bioinf.mind.meiji.ac.jp/podc,PODC,0.992418885,Center,0.597645581,PODC,0.992418885,1,,,,
28966675,2017-08-09,http://bioinfo.ahau.edu.cn/pogd,POGD,0.997819841,Poaceae orphan genes database,0.986579394,POGD,0.997819841,1,,,,
24198250,2013-11-05,http://pogo.ece.drexel.edu,POGO-DB,0.998100138,,0,POGO-DB,0.998100138,1,,,,
24340041,2013-12-10,http://pogs.uoregon.edu,POGs2,0.997185946,Putative orthologous Groups 2 Database,0.964314751,POGs2,0.997185946,1,,,,
34747466,2022-01-01,http://rna.sysu.edu.cn/pol3base,Pol3Base,0.996362269,,0,Pol3Base,0.996362269,1,,,,
33186585,2020-11-10,http://polarprotdb.enzim.hu,PolarProtDb,0.996842086,,0,PolarProtDb,0.996842086,1,,,,
21993301,2011-10-12,http://polbase.neb.com,Polbase,0.996193171,,0,Polbase,0.996193171,1,,,,
41263451,2025-01-01,http://poled-db.org,PolED,0.99271667,,0,PolED,0.99271667,1,,,,
29069441,2018-01-01,http://www.polya-db.org/v3,PolyA_DB,0.997724459,,0,PolyA_DB,0.997724459,1,,,,
31617559,2020-01-01,http://polyasite.unibas.ch,PolyASite,0.985653996,,0,PolyASite,0.985653996,1,,,,
40073641,2025-03-07,http://lccc.ywangcomp.org,PolyCrit,0.993850589,chromatography,0.545284271,PolyCrit,0.993850589,1,,,,
"22080514, 24163105",2013-10-24,http://compbio.uthsc.edu/miRSNP,PolymiRTS,0.997374415,polymorphism in microRNA target site,0.918009511,PolymiRTS,0.997374415,2,,,,
"37599593, 26980520",2023-08-01,http://polyq.pt,PolyQ,0.976776481,,0,PolyQ,0.976776481,2,,,,
23151233,2012-11-14,http://polysac3db.cermav.cnrs.fr,PolySac3DB,0.961255148,,0,PolySac3DB,0.961255148,1,,,,
22509333,2012-04-11,http://crdd.osdd.net/raghava/polysacdb,PolysacDB,0.988787591,,0,PolysacDB,0.988787591,1,,,,
24855436,2014-01-17,http://polytraits.lifewatchgreece.eu,Polytraits,0.996589065,,0,Polytraits,0.996589065,1,,,,
30335169,2019-01-01,http://pophumanscan.uab.cat,PopHumanScan,0.995905161,,0,PopHumanScan,0.995905161,1,,,,
27515999,2016-08-12,"http://bioinformatics.caf.ac.cn/PoplarGene, http://124.127.201.25/PoplarGene",PoplarGene,0.995907903,,0,PoplarGene,0.995907903,1,,,,
21366916,2011-03-02,http://www.popoolation.at/pgt,PoPoolation,0.903602421,,0,PoPoolation,0.903602421,1,,,,
37448726,2023-06-10,http://www.gaemons.net/PopFMIntro,PopTradeOff,0.96778816,,0,PopTradeOff,0.96778816,1,,,,
28830355,2017-08-22,http://www.ars.usda.gov/Services/docs.htm?docid=6065,,0,porcine translational research database,0.834548388,porcine translational research database,0.834548388,1,,,,
21472892,2011-06-21,http://www.lovd.nl/porcn,PORCN,0.596062005,,0,PORCN,0.596062005,1,,,,
38365724,2024-02-16,http://moreiralab.com/resources/poseidon,POSEIDON,0.98354286,,0,POSEIDON,0.98354286,1,,,,
"25404129, 22135290",2014-11-17,"http://possum.cbrc.jp/PoSSuM/, http://possum.cbrc.jp/PoSSuM/drug_search",PoSSuM,0.947280467,PoSSuM drug search,0.722460806,PoSSuM,0.947280467,2,,,,
28053162,2016-10-05,http://POSTAR.ncrnalab.org,POSTAR,0.967771292,,0,POSTAR,0.967771292,1,,,,
30239819,2019-01-01,http://lulab.life.tsinghua.edu.cn/postar,POSTAR2,0.963751674,,0,POSTAR2,0.963751674,1,,,,
34403477,2022-01-01,http://postar.ncrnalab.org,POSTAR3,0.979073087,,0,POSTAR3,0.979073087,1,,,,
39985759,2025-02-01,http://www.sdklab-biophysics-dzu.net/PotatoBSLnc,PotatoBSLnc,0.989397407,,0,PotatoBSLnc,0.989397407,1,,,,
39372719,2024-10-03,http://www.potatogd.com.cn,PotatoG-DKB,0.982718357,Potato Gene-Disease Knowledge Base,0.892397247,PotatoG-DKB,0.982718357,1,,,,
39028753,2024-07-01,http://sysbio.org.cn/PPCs,PPCRKB,0.994004726,ostoperative Pulmonary Complications Risk Factor Knowledge Base,0.876211286,PPCRKB,0.994004726,1,,,,
24304897,2013-12-03,http://www.plasmaproteomedatabase.org,PPD,0.996921718,Plasma Proteome Database,0.985280633,PPD,0.996921718,1,,,,
"27987179, 24194597",2017-01-01,http://ppdb.agr.gifu-u.ac.jp,PPDB,0.988334405,Plant Promoter Database,0.942410922,PPDB,0.988334405,2,,,,
30804701,2019-02-14,http://ppeao.ird.fr,PPEAO,0.983579457,,0,PPEAO,0.983579457,1,,,,
37933857,2024-01-01,http://ngdc.cncb.ac.cn/ppgr,PPGR,0.998191774,Resource for Perennial Plant Genomes and Regulation,0.988353149,PPGR,0.998191774,1,,,,
39048957,2024-07-24,http://peachtree.work/home,PPGV,0.991626084,peach genome and variation database,0.821139443,PPGV,0.991626084,1,,,,
35147037,2022-02-11,http://ppihotspot.limlab.dnsalias.org,PPI-HotspotDB,0.796918733,,0,PPI-HotspotDB,0.796918733,1,,,,
27551106,2016-08-22,http://biodev.cea.fr/interevol/ppi4dock,PPI4DOCK,0.968132639,,0,PPI4DOCK,0.968132639,1,,,,
26620522,2015-11-30,http://comp-sysbio.org/ppim,PPIM,0.989891842,Protein-Protein Interaction Database for Maize,0.972055906,PPIM,0.989891842,1,,,,
30127348,2018-08-20,http://www.cup.edu.in:99/ppins/home.php,PPInS,0.995528519,Protein-Protein Interaction Sitesbase,0.959092394,PPInS,0.995528519,1,,,,
21786137,2011-07-24,http://protein.cau.edu.cn/ppira,PPIRA,0.925762713,,0,PPIRA,0.925762713,1,,,,
34716373,2021-10-29,http://ppmdb.easyomics.org,PPMdb,0.994303644,PlantPathMarks,0.944572687,PPMdb,0.994303644,1,,,,
41070750,2025-11-01,http://ppsdb.wikibase.cloud,PPSDB,0.997374916,Protist-Prokaryote Symbiosis Database,0.987470597,PPSDB,0.997374916,1,,,,
31337335,2019-07-24,http://pptdb.cgu.edu.tw,PPTdb,0.99392122,Pathogenic Protist Transmembranome database,0.98263188,PPTdb,0.99392122,1,,,,
28651001,2017-06-26,http://14.139.229.199/PpTFDB/Home.aspx,PpTFDB,0.990379,Pigeonpea Transcription Factors Database,0.94807246,PpTFDB,0.990379,1,,,,
23193267,2012-11-27,http://ssu-rrna.org,PR(2,0.98287158,Protist Ribosomal Reference database,0.980404947,PR(2,0.98287158,1,,,,
36592044,2023-01-01,http://praline.tartaglialab.com,PRALINE,0.993406296,,0,PRALINE,0.993406296,1,,,,
23055619,2012-08-03,http://pri.hgc.jp,PRD,0.985122204,,0,PRD,0.985122204,1,,,,
22589183,2012-05-01,http://bioinfo.montp.cnrs.fr/?r=repeatDB,PRDB,0.969944358,Protein Tandem Repeat DataBase,0.902798961,PRDB,0.969944358,1,,,,
40202108,2025-04-09,http://www.csb.iitkgp.ac.in/applications/PRDBv3/PRDBv3.php,PRDBv3.0,0.959753776,Protein-RNA Docking Benchmark,0.909074575,PRDBv3.0,0.959753776,1,,,,
26200753,2015-06-17,http://pregi.bi.up.ac.za/index.php,Pre_GI,0.997470955,Predicted Genomic Islands database,0.986275991,Pre_GI,0.997470955,1,,,,
29530937,2018-03-12,http://public.synergylab.cn/pair,AIR,0.706697822,Predicted Arabidopsis Interactome Resource,0.918171836,Predicted Arabidopsis Interactome Resource,0.918171836,1,,,,
29425804,2018-02-06,http://peve.med.u-tokai.ac.jp,pEVE,0.907541066,Predicted Endogenous Viral Elements,0.975142624,Predicted Endogenous Viral Elements,0.975142624,1,,,,
25558364,2014-12-02,http://www.predicts.org.uk,PREDICTS,0.901059151,,0,PREDICTS,0.901059151,1,,,,
40795159,2025-09-01,http://www.biosino.org/predigs,PreDigs,0.993992269,,0,PreDigs,0.993992269,1,,,,
25725063,2015-02-27,http://server.cs.ucf.edu/predrem,PreDREM,0.996430159,,0,PreDREM,0.996430159,1,,,,
23193263,2012-11-27,http://bhapp.c2b2.columbia.edu/PrePPI,PrePPI,0.997049689,,0,PrePPI,0.997049689,1,,,,
"34850118, 23161682, 29156057",2022-01-01,http://prgdb.org/prgdb4,PRGdb,0.998317122,Plant Resistance Genes database,0.982363117,PRGdb,0.998317122,3,,,,
33216897,2020-11-01,http://rat.biomedtzc.cn,PRID,0.985948801,predicted rat interactome database,0.924220908,PRID,0.985948801,1,,,,
23292601,2013-01-03,http://prime.psc.riken.jp,PRIMe,0.993307292,,0,PRIMe,0.993307292,1,,,,
22086960,2011-11-15,http://pga.mgh.harvard.edu/primerbank,PrimerBank,0.995503724,,0,PrimerBank,0.995503724,1,,,,
23772554,2013-06-01,http://primos.fh-hagenberg.at,PRIMOS,0.99499613,Protein Interaction and Molecule Search,0.874199007,PRIMOS,0.99499613,1,,,,
22363733,2012-02-20,http://libaio.biol.mcgill.ca/prion,PrionHome,0.987491906,,0,PrionHome,0.987491906,1,,,,
31161204,2020-05-01,http://prismoid.erc.monash.edu,PRISMOID,0.997668028,,0,PRISMOID,0.997668028,1,,,,
37831097,2024-01-01,"http://bioinformatics.sc.cn/PRMD, http://rnainformatics.org.cn/PRMD",PRMD,0.992931008,Plant RNA Modification Database,0.980015182,PRMD,0.992931008,1,,,,
32542382,2020-06-01,http://www.biosequencing.cn/PRMdb,PRMdb,0.995993018,high-throughput analysis of modified,0.833429269,PRMdb,0.995993018,1,,,,
21031599,2011-01-01,http://bioinfo.hr/pro-mine,PRO-MINE,0.97720556,PROtein Mutations In NEurodegeneration,0.793561556,PRO-MINE,0.97720556,1,,,,
28171531,2017-02-01,http://lin.uestc.edu.cn/database/pro54db,Pro54DB,0.984204948,,0,Pro54DB,0.984204948,1,,,,
25097386,2014-06-30,http://bicmku.in/ProADD,ProADD,0.992834508,,0,ProADD,0.992834508,1,,,,
26586809,2015-11-19,http://www.probebase.net,probeBase,0.996019483,,0,probeBase,0.996019483,1,,,,
22268964,2012-02-07,http://probis.cmm.ki.si/database,ProBiS-Database,0.990155792,,0,ProBiS-Database,0.990155792,1,,,,
34319727,2021-07-28,http://probis-dock-database.insilab.org,ProBiS-Dock,0.990430673,,0,ProBiS-Dock,0.990430673,1,,,,
27153608,2016-04-03,http://probonto.org,ProbOnto,0.962836146,,0,ProbOnto,0.962836146,1,,,,
35962763,2022-08-01,http://probresist.com,ProbResist,0.997370839,,0,ProbResist,0.997370839,1,,,,
32119071,2020-06-01,http://web.iitm.ac.in/bioinfo2/procaff,ProCaff,0.978805065,carbohydrate complex binding affinity database,0.665413107,ProCaff,0.978805065,1,,,,
31598690,2020-01-01,http://www.procarbdb.science/procarb,ProCarbDB,0.995657146,,0,ProCarbDB,0.995657146,1,,,,
34850133,2022-01-01,http://www.prodoric.de,PRODORIC,0.997488201,,0,PRODORIC,0.997488201,1,,,,
29136200,2018-01-01,http://www.prodoric2.de,PRODORIC2,0.997216105,,0,PRODORIC2,0.997216105,1,,,,
24270047,2013-11-20,http://profileDB.-microdiscovery.de,ProfileDB,0.997333407,,0,ProfileDB,0.997333407,1,,,,
24225322,2013-11-12,http://www.progenetix.org,Progenetix,0.996031821,,0,Progenetix,0.996031821,1,,,,
"31647096, 28053165, 36408900",2020-01-01,http://progenomes.embl.de,proGenomes2,0.9957847,,0,proGenomes2,0.9957847,3,,,,
22039152,2011-10-28,http://www.proglycprot.org,ProGlycProt,0.997674525,,0,ProGlycProt,0.997674525,1,,,,
31620779,2020-01-01,http://bigd.big.ac.cn/padsarsenal,PADS,0.94088002,prokaryotic antiviral defense system,0.965218917,prokaryotic antiviral defense system,0.965218917,1,,,,
33539888,2021-02-02,http://lin-group.cn/database/ppd,PPD,0.750178277,Prokaryotic Promoter Database,0.956242067,Prokaryotic Promoter Database,0.956242067,1,,,,
25382819,2015-02-01,http://vulcan.cs.uga.edu/prokino,ProKinO,0.995589495,,0,ProKinO,0.995589495,1,,,,
21781326,2011-07-22,http://nucleix.mbu.iisc.ernet.in/prombase,PromBase,0.990113139,,0,PromBase,0.990113139,1,,,,
38816410,2024-05-30,http://menda.cqmu.edu.cn,ProMENDA,0.993535995,,0,ProMENDA,0.993535995,1,,,,
33196798,2021-01-01,http://bioinformatics.charite.de/promiscuous2,Promiscuous,0.892922521,,0,Promiscuous,0.892922521,1,,,,
34606614,2022-01-01,http://web.iitm.ac.in/bioinfo2/pronab,ProNAB,0.997446954,,0,ProNAB,0.997446954,1,,,,
32358997,2020-05-27,http://ccrcc.cptac-network-view.org,ProNetView-ccRCC,0.936549442,,0,ProNetView-ccRCC,0.936549442,1,,,,
26089836,2015-06-03,http://tagc.univ-mrs.fr/pronto,PrOnto,0.986176848,,0,PrOnto,0.986176848,1,,,,
22096236,2011-11-16,http://operons.ibt.unam.mx/OperonPredictor,ProOpDB,0.997804239,Prokaryotic Operon DataBase,0.958016768,ProOpDB,0.997804239,1,,,,
36169225,2023-01-01,http://ngdc.cncb.ac.cn/propan,ProPan,0.997629762,,0,ProPan,0.997629762,1,,,,
33388027,2021-01-02,http://bioinfo.dcc.ufmg.br/propedia,Propedia,0.98778069,,0,Propedia,0.98778069,1,,,,
26450949,2015-10-08,http://propepper.net,ProPepper,0.996425271,,0,ProPepper,0.996425271,1,,,,
22102570,2011-11-18,http://proportal.mit.edu,ProPortal,0.995003283,,0,ProPortal,0.995003283,1,,,,
22102581,2011-11-18,http://prorepeat.bioinformatics.nl,ProRepeat,0.997152328,,0,ProRepeat,0.997152328,1,,,,
36828269,2023-02-23,http://proseqaprodb.mkulab.in,ProSeqAProDb,0.756196737,ProSequence Assisted Protein Database,0.62094301,ProSeqAProDb,0.756196737,1,,,,
29575358,2018-04-30,http://protabank.org,ProtaBank,0.99739188,,0,ProtaBank,0.99739188,1,,,,
"39225044, 36300631, 33010159",2025-01-01,http://cadd.zju.edu.cn/protacdb,PROTAC-DB,0.975279614,,0,PROTAC-DB,0.975279614,3,,,,
31844049,2019-12-16,http://protargetminer.genexplain.com,ProTargetMiner,0.99520582,,0,ProTargetMiner,0.99520582,1,,,,
36300618,2023-01-01,http://dunbrack2.fccc.edu/protcad,ProtCAD,0.984928989,Common Assembly Database,0.782262305,ProtCAD,0.984928989,1,,,,
22110041,2011-11-21,http://pcidb.russelllab.org,ProtChemSI,0.998405278,,0,ProtChemSI,0.998405278,1,,,,
39836872,2025-01-21,http://www.protcrown.cn,PROTCROWN,0.992763519,,0,PROTCROWN,0.992763519,1,,,,
29377907,2018-01-29,http://profiles.bs.ipm.ir/softwares/protdatatherm,ProtDataTherm,0.960978508,,0,ProtDataTherm,0.960978508,1,,,,
"41230635, 35411388, 22123743",2025-01-01,http://caps.ncbs.res.in/pass2,PASS2,0.736524582,Protein Alignment Organized as Structural Superfamilies,0.91549047,Protein Alignment Organized as Structural Superfamilies,0.91549047,3,,,,
30985146,2018-10-15,http://massive.ucsd.edu/ProteoSAFe/protein_explorer_splash.jsp,ProteinExplorer,0.992175162,,0,ProteinExplorer,0.992175162,1,,,,
27789699,2016-10-26,http://isoelectricpointdb.org,Proteome-pI,0.946856538,,0,Proteome-pI,0.946856538,1,,,,
34718696,2022-01-01,http://isoelectricpointdb2.org,Proteome-pI 2.0,0.868963085,,0,Proteome-pI 2.0,0.868963085,1,,,,
25414335,2014-11-20,http://proteomescout.wustl.edu,ProteomeScout,0.997024179,,0,ProteomeScout,0.997024179,1,,,,
"34791421, 29106664, 31665479",2022-01-01,http://www.proteomicsdb.org,ProteomicsDB,0.997059524,,0,ProteomicsDB,0.997059524,3,,,,
21536137,2011-04-23,http://www.proteopedia.org,Proteopedia,0.995484591,,0,Proteopedia,0.995484591,1,,,,
27115628,2016-01-01,http://www.abren.net/protherm,ProTherm,0.994540989,,0,ProTherm,0.994540989,1,,,,
"33196841, 34826364",2021-11-01,http://web.iitm.ac.in/bioinfo2/prothermdb/index.html,ProThermDB,0.998294175,,0,ProThermDB,0.998294175,2,,,,
35389344,2022-02-18,http://protist.guru,protist.guru,0.996105635,,0,protist.guru,0.996105635,1,,,,
25911153,2015-04-24,http://www.protobug.cs.huji.ac.il,ProtoBug,0.979299188,,0,ProtoBug,0.979299188,1,,,,
37596815,2023-08-19,http://protein-redox-potential.web.app,ProtReDox,0.996928871,,0,ProtReDox,0.996928871,1,,,,
28498885,2017-09-01,http://www.iitm.ac.in/bioinfo/PROXiMATE,PROXiMATE,0.997301996,,0,PROXiMATE,0.997301996,1,,,,
31796964,2019-01-01,http://scbb.ihbt.res.in/PRP,PRP,0.96961385,Plant Regulomics Portal,0.915672481,PRP,0.96961385,1,,,,
22669905,2012-06-04,http://pocket.uchicago.edu/psc,PSC,0.840825796,protein surface classification,0.706926028,PSC,0.840825796,1,,,,
22080505,2011-11-10,http://idp1.force.cs.is.nagoya-u.ac.jp/pscdb,PSCDB,0.963445306,Protein Structural Change DataBase,0.849862774,PSCDB,0.963445306,1,,,,
32345779,2020-01-01,http://bicresources.jcbose.ac.in,PSCRIdb,0.996715069,,0,PSCRIdb,0.996715069,1,,,,
34122478,2021-05-20,http://forestry.fafu.edu.cn/db/SDX,PSDX,0.995595694,trichocarpa Stem Differentiating,0.907250769,PSDX,0.995595694,1,,,,
23396300,2013-02-08,http://pseudomap.mbc.nctu.edu.tw,pseudoMap,0.987089634,,0,pseudoMap,0.987089634,1,,,,
26578582,2015-11-17,http://www.pseudomonas.com,Pseudomonas Genome,0.462780903,,0,Pseudomonas Genome,0.462780903,1,,,,
40397480,2025-07-01,http://www.plantsi.cn,PSIA,0.937960804,Plant Self-Incompatibility Atlas,0.918130926,PSIA,0.937960804,1,,,,
35234850,2022-03-01,http://psindb.itk.ppke.hu,PSINDB,0.997504592,,0,PSINDB,0.997504592,1,,,,
31599098,2019-10-28,http://big.cdu.edu.cn/psmd,PSMD,0.98416996,Pan-Species Microsatellite Database,0.979983436,PSMD,0.98416996,1,,,,
26759061,2016-01-13,http://www.bio-bigdata.com/Psmir,Psmir,0.9962219,,0,Psmir,0.9962219,1,,,,
36646374,2023-01-13,http://webpsn.hpc.unimo.it/psngpcr.php,psnGPCRdb,0.996151805,,0,psnGPCRdb,0.996151805,1,,,,
35227289,2022-02-28,http://psnpbind.org,PSnpBind,0.996988416,,0,PSnpBind,0.996988416,1,,,,
"26602691, 33313828",2021-01-01,http://db.psort.org,PSORTdb,0.997708738,,0,PSORTdb,0.997708738,2,,,,
30587128,2018-12-27,http://syslab5.nchu.edu.tw/PSRN,PSRN,0.994711161,plant stress RNA-Seq nexus,0.983671112,PSRN,0.994711161,1,,,,
34059664,2021-06-01,http://www.pssrd.info,PSSRD,0.96689924,SSR database,0.615605434,PSSRD,0.96689924,1,,,,
40185904,2025-04-04,http://psycgmomics.info,PsycGM,0.997438788,,0,PsycGM,0.997438788,1,,,,
25964630,2015-05-11,"http://www.psygenet.org/, http://opendatacommons.org/licenses/odbl/1.0",PsyGeNET,0.997668445,Psychiatric disorders and Genes association NETwork,0.906647378,PsyGeNET,0.997668445,1,,,,
31809863,2019-08-01,http://psymukb.net,PsyMuKB,0.996618569,NeuroPsychiatric Mutation Knowledge Base,0.886189427,PsyMuKB,0.996618569,1,,,,
23162083,2012-11-18,http://lilab.ecust.edu.cn/ptid,PTID,0.993905127,Pesticide-Target interaction database,0.957429435,PTID,0.993905127,1,,,,
24857970,2014-05-24,http://www.dsimb.inserm.fr/dsimb_tools/PTM-SD,PTM-SD,0.924359113,Posttranslational modification structural database,0.737245253,PTM-SD,0.924359113,1,,,,
26043787,2015-05-29,http://gcode.kaist.ac.kr/ptmsnp,PTM-SNP,0.989071167,,0,PTM-SNP,0.989071167,1,,,,
"23193284, 25361965",2014-10-31,http://ptmcode.embl.de,PTMcode,0.961656034,,0,PTMcode,0.961656034,2,,,,
36548389,2023-01-01,http://ptmint.sjtu.edu.cn,PTMint,0.994503617,,0,PTMint,0.994503617,1,,,,
35462956,2022-04-07,http://nipgr.ac.in/PtncRNAdb,PtncRNAdb,0.975404024,plant transfer RNA-derived non-coding,0.723563963,PtncRNAdb,0.975404024,1,,,,
23911837,2013-07-31,http://www.PTP-central.org,PTP-central,0.99302128,,0,PTP-central,0.99302128,1,,,,
29939244,2018-01-01,http://www.nipgr.res.in/PtRFdb,PtRFdb,0.996222079,,0,PtRFdb,0.996222079,1,,,,
25392416,2014-11-11,http://www.megabionet.org/aspd,PubAngioGen,0.991985381,,0,PubAngioGen,0.991985381,1,,,,
28481528,2017-05-19,http://pubchemqc.riken.jp,PubChemQC,0.988919353,,0,PubChemQC,0.988919353,1,,,,
21980353,2011-09-29,http://www.pubmed2ensembl.org,pubmed2ensembl,0.975213031,,0,pubmed2ensembl,0.975213031,1,,,,
40630734,2025-06-24,http://www.plabipd.de/pubplant_main.html,PubPlant,0.99490124,,0,PubPlant,0.99490124,1,,,,
38572754,2024-07-01,http://www.ncbi.nlm.nih.gov/research/pubtator3,PubTator,0.98949033,,0,PubTator,0.98949033,1,,,,
31949184,2020-01-16,http://pulmondb.liigh.unam.mx,PulmonDB,0.997862995,,0,PulmonDB,0.997862995,1,,,,
39253011,2024-08-14,http://www.pungentdb.org.cn/home,PungentDB,0.998922467,,0,PungentDB,0.998922467,1,,,,
22424087,2012-03-16,http://cwtung.kmu.edu.tw/pupdb,PupDB,0.998188615,,0,PupDB,0.998188615,1,,,,
37010519,2023-04-01,http://purificationdatabase.herokuapp.com,PurificationDB,0.997528493,,0,PurificationDB,0.997528493,1,,,,
27789703,2016-10-26,http://dmk-brain.ecn.uiowa.edu/pVOGs,pVOGs,0.934616673,Prokaryotic Virus Orthologous Groups,0.87238429,pVOGs,0.934616673,1,,,,
32542363,2020-01-01,http://www.scfbio-iitd.res.in/PvP01,PvP01,0.951967716,,0,PvP01,0.951967716,1,,,,
30307523,2018-01-01,http://www.nipgr.res.in/PVsiRNAdb,PVsiRNAdb,0.97544,,0,PVsiRNAdb,0.97544,1,,,,
27465131,2016-07-27,http://www.multiomics.in/PvTFDB,PvTFDB,0.984973252,,0,PvTFDB,0.984973252,1,,,,
33002111,2020-10-01,http://pydish.bio.info.hiroshima-cu.ac.jp,PyDISH,0.98944056,DIStortion of Heme porphyrin,0.780717987,PyDISH,0.98944056,1,,,,
25392411,2014-11-11,http://dunbrack2.fccc.edu/pyigclassify,PyIgClassify,0.995087743,,0,PyIgClassify,0.995087743,1,,,,
38862427,2024-05-01,http://yanglab.qd.sdu.edu.cn/Q-BioLiP,Q-BioLiP,0.996331525,,0,Q-BioLiP,0.996331525,1,,,,
24715219,2014-04-07,http://quail.anatomyportal.org,QAP,0.926871697,Quail Anatomy Portal,0.80078907,QAP,0.926871697,1,,,,
39448614,2024-10-24,http://qhistone.paoyang.ipmb.sinica.edu.tw,QHistone,0.997116506,,0,QHistone,0.997116506,1,,,,
21965557,2011-09-30,http://nabg.iasri.res.in:8080/qlic-rice,QlicRice,0.997935176,,0,QlicRice,0.997935176,1,,,,
30380102,2019-01-01,http://qphos.cancerbio.info,qPhos,0.993786156,,0,qPhos,0.993786156,1,,,,
31868683,2020-01-01,http://rpq-qpn.ca/en,QPN,0.877652884,Network,0.656310976,QPN,0.877652884,1,,,,
"34773623, 28977518",2022-01-01,http://biodb.swu.edu.cn/qprimerdb,qPrimerDB,0.992642581,,0,qPrimerDB,0.992642581,2,,,,
36165955,2023-01-01,http://qptm.omicsbio.info,qPTM,0.988105118,,0,qPTM,0.988105118,1,,,,
34718741,2022-01-01,http://qptmplants.omicsbio.info,qPTMplants,0.993981302,,0,qPTMplants,0.993981302,1,,,,
35933489,2022-08-04,http://www.qsdmd.lbci.net,QS-DMD,0.988350606,Sensing,0.726606905,QS-DMD,0.988350606,1,,,,
34559210,2021-09-24,http://qsdb.org,QSDB,0.994050586,Quorum Sensing Database,0.967420578,QSDB,0.994050586,1,,,,
33003203,2021-07-01,http://qsidb.lbci.net,QSIdb,0.99794662,quorum sensing interference molecules,0.608476996,QSIdb,0.99794662,1,,,,
"36330927, 31598699",2023-01-01,http://mulinlab.org/qtlbase,QTLbase,0.997860312,,0,QTLbase,0.997860312,2,,,,
21656910,2011-06-08,http://proteome.moffitt.org/QUAD,QuAD,0.991928503,The Quantitative Assay Database,0.939238191,QuAD,0.991928503,1,,,,
36124670,2023-01-01,http://rg4db.cibio.unitn.it,QUADRatlas,0.997181594,,0,QUADRatlas,0.997181594,1,,,,
22726705,2012-06-22,http://applications.bioanalysis.org/quartetsdb,QuartetS-DB,0.972562802,,0,QuartetS-DB,0.972562802,1,,,,
23180797,2012-11-24,http://quorumpeps.ugent.be,Quorumpeps,0.993253469,,0,Quorumpeps,0.993253469,1,,,,
34792163,2022-01-01,http://rloopbase.nju.edu.cn,R-loopBase,0.996768877,,0,R-loopBase,0.996768877,1,,,,
"22121227, 27899586",2016-11-28,http://rloop.bii.a-star.edu.sg,R-loopDB,0.997868508,,0,R-loopDB,0.997868508,2,,,,
36495921,2022-12-07,http://web.iitm.ac.in/bioinfo2/R_SIM/index.html,R-SIM,0.988777816,RNA-Small molecule Interaction,0.854908397,R-SIM,0.988777816,1,,,,
36243962,2023-01-01,http://www.onethird-lab.com/RABC/,RABC,0.994756977,Rheumatoid Arthritis Bioinformatics Center,0.975975275,RABC,0.994756977,1,,,,
30010730,2018-01-01,http://www.picb.ac.cn/RabGTD,RabGTD,0.996257365,,0,RabGTD,0.996257365,1,,,,
22140215,2011-12-02,http://www2.chi.unsw.edu.au/rac,RAC,0.979894936,Repository of Antibiotic resistance Cassettes,0.828436719,RAC,0.979894936,1,,,,
24163250,2013-10-25,http://RNAedit.com,RADAR--a,0.97970136,,0,RADAR--a,0.97970136,1,,,,
32338561,2020-05-12,http://biokb.ncpsb.org/radatlas,RadAtlas,0.993727684,,0,RadAtlas,0.993727684,1,,,,
25228593,2014-09-15,http://www.bioapp.org/RADB,RADB,0.987689435,Database of Rheumatoid Arthritis-related Polymorphisms,0.919500697,RADB,0.987689435,1,,,,
23239846,2012-12-13,http://bioinfo.bti.cornell.edu/radish,RadishBase,0.997795284,,0,RadishBase,0.997795284,1,,,,
40813074,2025-08-14,http://radsplicedb.com.cn,RadSpliceDB,0.997739017,,0,RadSpliceDB,0.997739017,1,,,,
"30329070, 25392410",2019-01-01,"http://lipid-raft-database.di.uq.edu.au/, http://raftprot.org",RaftProt,0.996259689,mammalian lipid raft proteome database,0.892292529,RaftProt,0.996259689,2,,,,
28077569,2017-01-10,http://rth.dk/resources/rain,RAIN,0.991763949,RNA-protein Association and Interaction Networks,0.843281314,RAIN,0.991763949,1,,,,
26478709,2015-09-30,http://ipt.biodiversity.aq/resource.do?r=rams,RAMS,0.954435706,The Register of Antarctic Marine Species,0.92820104,RAMS,0.954435706,1,,,,
37510385,2023-07-20,http://bioinfo.usu.edu/ranchSATdb,ranchSATdb,0.990529835,,0,ranchSATdb,0.990529835,1,,,,
23299411,2013-01-07,http://rapdb.dna.affrc.go.jp,RAP-DB,0.992282307,Rice Annotation Project Database,0.925042021,RAP-DB,0.992282307,1,,,,
21729256,2011-07-05,"http://202.141.47.181/rasond/, http://www.aiims.edu/RAS.html",RASOnD,0.995079184,RAS Oncogene Database,0.942642281,RASOnD,0.995079184,1,,,,
38213701,2023-12-01,http://www.sysbio.ru/RatDEGdb,RatDEGdb,0.997398853,,0,RatDEGdb,0.997398853,1,,,,
"30453895, 32009518",2020-02-12,http://www.niehs.nih.gov/ratemirs,RATEmiRs,0.978475153,Rat Atlas of Tissue-specific and Enriched miRNAs,0.862209494,RATEmiRs,0.978475153,2,,,,
41258698,2025-11-19,http://mosqit.unipv.it,RAV-IT,0.988779947,,0,RAV-IT,0.988779947,1,,,,
37831073,2024-01-01,http://www.ravar.bio,RAVAR,0.99013859,Rare Variant Association Repository,0.909177268,RAVAR,0.99013859,1,,,,
24158836,2013-10-23,http://hinv.jp/hinv/rav,RAvariome,0.715638518,,0,RAvariome,0.715638518,1,,,,
29039006,2018-01-01,"http://www.brachypodium.org, http://brachy.bmep.riken.jp/ver.1/index.pl",RBFLDB,0.992151543,RIKEN Full-length cDNA Database,0.988669369,RBFLDB,0.992151543,1,,,,
26635394,2015-12-03,http://www.rbp-var.biols.ac.cn,RBP-Var,0.991189197,,0,RBP-Var,0.991189197,1,,,,
33196814,2021-01-01,http://RBP2GO.DKFZ.de,RBP2GO,0.996937677,,0,RBP2GO,0.996937677,1,,,,
29931156,2018-01-01,http://rbpmetadb.yubiolab.org,RBPMetaDB,0.994099975,,0,RBPMetaDB,0.994099975,1,,,,
39498484,2025-01-01,http://research.gzsys.org.cn/rbpworld,RBPWorld,0.997331083,,0,RBPWorld,0.997331083,1,,,,
21586118,2011-05-17,http://rcgdb.bioinf.uni-sb.de/MutomeWeb,RCGDB,0.987567484,Roche Cancer Genome Database,0.956028092,RCGDB,0.987567484,1,,,,
37898309,2023-10-26,http://ngdc.cncb.ac.cn/ncov,RCoV19,0.996959352,Resource for Coronavirus 2019,0.875195997,RCoV19,0.996959352,1,,,,
39360609,2025-01-01,http://www.biosino.org/rdbsb,RDBSB,0.996260166,Registry and Database of Bioparts for Synthetic Biology,0.916033496,RDBSB,0.996260166,1,,,,
26912951,2015-11-30,http://rabies.mscwbif.org/home.html,RDIS,0.970782856,The Rabies Disease Information System,0.871801784,RDIS,0.970782856,1,,,,
24288368,2013-11-27,http://rdp.cme.msu.edu,RDP,0.996806602,Ribosomal Database Project,0.967247033,RDP,0.996806602,1,,,,
"37941124, 34788843, 31691815, 31802127, 32486891, 29145629, 22012987, 24243840, 26087747",2024-01-01,http://reactome.org,Reactome,0.799830675,Reactome Pathway,0.607515007,Reactome,0.799830675,9,,,,
30020436,2018-01-01,http://realdb.algaegenome.org,realDB,0.993008554,,0,realDB,0.993008554,1,,,,
25378308,2014-11-05,http://rebase.neb.com,REBASE,0.997635245,,0,REBASE,0.997635245,1,,,,
33238002,2020-11-01,http://cosylab.iiitd.edu.in/recipedb,RecipeDB,0.99755621,,0,RecipeDB,0.99755621,1,,,,
34844637,2021-11-29,http://rna.recount.bio,recount3,0.966189086,,0,recount3,0.966189086,1,,,,
22139942,2011-12-01,http://recountdb.cbrc.jp,RecountDB,0.995889306,,0,RecountDB,0.995889306,1,,,,
28529082,2017-05-04,http://expression.ic4r.org,RED,0.91165034,Rice Expression Database,0.904367864,RED,0.91165034,1,,,,
30329093,2019-01-01,http://redfly.ccr.buffalo.edu,REDfly,0.997037947,,0,REDfly,0.997037947,1,,,,
37386732,2023-06-30,http://www.redhdatabase.com,REDH,0.978171423,,0,REDH,0.978171423,1,,,,
29696033,2018-04-11,http://srv00.recas.ba.infn.it/redidb/index.html,REDIdb,0.993994772,,0,REDIdb,0.993994772,1,,,,
22833525,2012-07-25,http://biocomputer.bio.cuhk.edu.hk/RedoxDB,RedoxDB,0.996839046,,0,RedoxDB,0.996839046,1,,,,
28850115,2017-08-29,http://refex.dbcls.jp,RefEx,0.944570541,Reference Expression dataset,0.787088712,RefEx,0.944570541,1,,,,
37953341,2024-01-01,http://www.biosino.org/RefMetaDB,RefMetaPlant,0.992083251,eference Metabolome Database for Plants,0.885800877,RefMetaPlant,0.992083251,1,,,,
28438161,2017-04-24,http://p4d-info.nig.ac.jp/refolddb,REFOLDdb,0.993212402,,0,REFOLDdb,0.993212402,1,,,,
"39526381, 24259432, 26553804, 29112715, 33270901, 24316578, 25510495, 22121212",2025-01-01,http://www.ncbi.nlm.nih.gov/refseq,RefSeq,0.988386571,Prokaryotic Genome Annotation Pipeline,0.812073847,RefSeq,0.988386571,8,,,,
31075273,2019-05-08,http://reftss.clst.riken.jp,refTSS,0.954385519,,0,refTSS,0.954385519,1,,,,
35758881,2022-06-01,http://zenodo.org/record/6418451,RegEl,0.98815012,egulatory Elements,0.697288692,RegEl,0.98815012,1,,,,
26975833,2016-03-15,http://REGene.bioinfo-minzhao.org,REGene,0.984254122,REgeneration Gene database,0.634848428,REGene,0.984254122,1,,,,
35872412,2022-07-14,http://idrblab.org/regliv,REGLIV,0.993933678,System Facilitating,0.74858286,REGLIV,0.993933678,1,,,,
24912499,2014-06-09,http://mgrc.kribb.re.kr/regnet,REGNET,0.995660305,,0,REGNET,0.995660305,1,,,,
26424082,2015-09-30,http://www.regnetworkweb.org,RegNetwork,0.983025074,,0,RegNetwork,0.983025074,1,,,,
24771658,2014-04-25,http://csb.cse.yzu.edu.tw/RegPhos2,RegPhos,0.992758036,,0,RegPhos,0.992758036,1,,,,
"24060102, 24175918",2013-11-01,http://regprecise.lbl.gov,RegPrecise,0.986235499,,0,RegPrecise,0.986235499,2,,,,
23547897,2013-04-02,http://regtransbase.lbl.gov,RegTransBase,0.996879399,,0,RegTransBase,0.996879399,1,,,,
25880930,2015-04-10,http://www.bioinformatics.org/regulator,REGULATOR,0.697461545,,0,REGULATOR,0.697461545,1,,,,
26876983,2016-02-13,http://www.lerner.ccf.org/cancerbio/heemers/RAAR/search,RAAR,0.942830563,Regulators of Androgen Action Resource,0.965198304,Regulators of Androgen Action Resource,0.965198304,1,,,,
"37971353, 35584008, 26527724",2024-01-01,http://regulondb.ccg.unam.mx,RegulonDB,0.998138189,,0,RegulonDB,0.998138189,3,,,,
35414795,2022-03-14,http://bioinfo-sysu.com/reia,REIA,0.974006414,,0,REIA,0.974006414,1,,,,
"31665499, 29126285",2020-01-01,http://remap.univ-amu.fr,ReMap,0.989697456,,0,ReMap,0.989697456,2,,,,
34042771,2021-05-01,http://remedy.mssm.edu,ReMeDy,0.99511075,,0,ReMeDy,0.99511075,1,,,,
38719747,2024-05-07,http://rememprot.ciods.in,REMEMProt,0.994723082,Resource of Experimental Membrane-Enriched Mass spectrometry-derived Proteome,0.780256026,REMEMProt,0.994723082,1,,,,
28011754,2018-03-01,http://renaldb.uni-frankfurt.de,RenalDB,0.996478856,,0,RenalDB,0.996478856,1,,,,
23389821,2013-02-07,http://www.renaltube.com,RenalTube,0.996694028,,0,RenalTube,0.996694028,1,,,,
"39475178, 33237313, 24311564, 27899671",2025-01-01,http://repeatsdb.org,RepeatsDB,0.994790673,,0,RepeatsDB,0.994790673,4,,,,
32345346,2020-04-28,http://repicmod.uchicago.edu/repic,REPIC,0.998654127,RNA EPItranscriptome Collection,0.978067458,REPIC,0.998654127,1,,,,
26322066,2015-08-11,http://reprolive.eez.csic.es,ReprOlive,0.997865617,,0,ReprOlive,0.997865617,1,,,,
37207327,2023-07-01,"http://cge.food.dtu.dk/services/ResFinderFG/, http://gmgc.embl.de",ResFinderFG,0.982214451,,0,ResFinderFG,0.982214451,1,,,,
28862214,2017-07-01,http://ridb.subdic-bioinformatics-nitrr.in,RespCanDB,0.997904003,Respiratory cancer database,0.9777426,RespCanDB,0.997904003,1,,,,
30794542,2019-02-22,http://www.dsimb.inserm.fr/respire,RESPIRE,0.993819237,of Proteins Involved in the Red Blood Cell Environment,0.857962569,RESPIRE,0.993819237,1,,,,
24939193,2014-06-17,http://www.retinogenetics.org,RetinoGenetics,0.990538726,,0,RetinoGenetics,0.990538726,1,,,,
24739306,2014-04-16,http://retrogenedb.amu.edu.pl,RetrogeneDB,0.99268949,,0,RetrogeneDB,0.99268949,1,,,,
30321422,2019-01-01,http://retrorules.org,RetroRules,0.970715165,,0,RetroRules,0.970715165,1,,,,
22415763,2012-04-13,http://www.rettdatabasenetwork.org,,0,Rett Networked Database,0.598606253,Rett Networked Database,0.598606253,1,,,,
34224878,2021-07-03,http://reva.gao-lab.org,REVA,0.989323854,,0,REVA,0.989323854,1,,,,
30622655,2019-01-03,"http://repeatexplorer-elixir.cerit-sc.cz/, http://repeatexplorer.org",REXdb,0.975555122,retrotransposon,0.663883686,REXdb,0.975555122,1,,,,
"39526405, 29112718, 29927072, 33211869, 23125362",2025-01-01,http://rfam.org,Rfam,0.996679723,,0,Rfam,0.996679723,5,,,,
25252782,2014-09-24,http://rged.wall-eva.net,RGED,0.994495869,Renal Gene Expression Database,0.971099293,RGED,0.994495869,1,,,,
23193278,2012-11-28,http://rgkbase.big.ac.cn/RGKbase,RGKbase,0.996097326,Rice Genome Knowledgebase,0.938942921,RGKbase,0.996097326,1,,,,
"30272209, 27789701, 22135291, 25332395",2019-01-01,"http://www.rhea-db.org, http://sparql.rhea-db.org/sparql",Rhea,0.982805073,Entities of,0.594281514,Rhea,0.982805073,4,,,,
33994075,2021-04-20,http://www.rheference.org,RHeference,0.994272649,,0,RHeference,0.994272649,1,,,,
22965133,2012-09-10,http://www.rhesusbase.org,RhesusBase,0.997771919,,0,RhesusBase,0.997771919,1,,,,
39246685,2024-09-06,http://rhizobindingsites.ccg.unam.mx,RhizoBindingSites,0.959996104,,0,RhizoBindingSites,0.959996104,1,,,,
34022814,2021-05-22,http://bioinfor.kib.ac.cn/RPGD,RPGD,0.988055825,Rhododendron Plant Genome Database,0.988815002,Rhododendron Plant Genome Database,0.988815002,1,,,,
36440758,2023-01-01,http://rnainformatics.org.cn/RiboUORF,Ribo-uORF,0.987366825,,0,Ribo-uORF,0.987366825,1,,,,
36177882,2023-01-01,http://www.ribocentre.org,Ribocentre,0.993253291,,0,Ribocentre,0.993253291,1,,,,
37855663,2024-01-01,http://riboswitch.ribocentre.org,Ribocentre-switch,0.977531147,,0,Ribocentre-switch,0.977531147,1,,,,
33685493,2021-03-08,http://www.ribocirc.com,riboCIRC,0.996479809,,0,riboCIRC,0.996479809,1,,,,
30726866,2019-09-01,http://ribod.iiserkol.ac.in,RiboD,0.977628946,,0,RiboD,0.977628946,1,,,,
27189556,2016-05-05,http://ribodb.univ-lyon1.fr,RiboDB,0.997285545,,0,RiboDB,0.997285545,1,,,,
41082396,2025-10-13,"http://rnainformatics.org.cn/RiboMicrobe/, http://rnainformatics.cn/RiboMicrobe",RiboMicrobe,0.994797051,,0,RiboMicrobe,0.994797051,1,,,,
36305870,2023-01-01,http://ribosome.xyz,RiboXYZ,0.995915711,,0,RiboXYZ,0.995915711,1,,,,
24147765,2013-11-29,http://ricedb.plantenergy.uwa.edu.au,Rice,0.762478769,,0,Rice,0.762478769,1,,,,
39558187,2025-01-01,http://rice.uga.edu,RGAP,0.920017262,Rice Genome Annotation Project database,0.927910881,Rice Genome Annotation Project database,0.927910881,1,,,,
24279809,2012-07-19,http://www.ricearray.org,ROAD,0.928594371,Rice Oligonucleotide Array Database,0.973416291,Rice Oligonucleotide Array Database,0.973416291,1,,,,
21216747,2011-01-06,http://agri-trait.dna.affrc.go.jp,Rice TOGO Browser,0.827372536,,0,Rice TOGO Browser,0.827372536,1,,,,
28025342,2016-12-26,http://syslab3.nchu.edu.tw/rice,RiceATM,0.990825713,,0,RiceATM,0.990825713,1,,,,
27515824,2016-08-10,http://ricebase.org,Ricebase,0.991965771,,0,Ricebase,0.991965771,1,,,,
24280345,2013-05-29,http://www.gramene.org/pathway,RiceCyc,0.990686595,,0,RiceCyc,0.990686595,1,,,,
23180784,2012-11-24,http://ricefrend.dna.affrc.go.jp,RiceFREND,0.970509291,,0,RiceFREND,0.970509291,1,,,,
35762882,2022-10-01,http://cbi.njau.edu.cn/RiceNCexp,RiceNCexp,0.996530116,ncRNA,0.564787149,RiceNCexp,0.996530116,1,,,,
41250174,2025-11-17,http://ricepsp.github.io,ricePSP,0.996725142,,0,ricePSP,0.996725142,1,,,,
25489177,2014-10-30,http://nabic.rda.go.kr/gere/rice/geneticMap,RiceQTLPro,0.997575998,,0,RiceQTLPro,0.997575998,1,,,,
22645600,2012-05-14,http://www.bioinformatics2.wsu.edu/RiceRBP,RiceRBP,0.996419489,,0,RiceRBP,0.996419489,1,,,,
23660286,2013-05-09,http://www.nipgr.res.in/RiceSRTFDB.html,RiceSRTFDB,0.988805354,,0,RiceSRTFDB,0.988805354,1,,,,
24136999,2013-10-16,http://ricewiki.big.ac.cn,RiceWiki,0.996466279,,0,RiceWiki,0.996466279,1,,,,
23180765,2012-11-23,http://ricexpro.dna.affrc.go.jp,RiceXPro,0.97669971,,0,RiceXPro,0.97669971,1,,,,
29989091,2018-05-22,http://server.malab.cn/Ricyer/index.html,RicyerDB,0.99671818,Rice Yield-related Database,0.840729028,RicyerDB,0.99671818,1,,,,
27377064,2016-07-04,"http://rid.ncifcrf.gov, http://home.ncifcrf.gov/hivdrp/resources.htm",RID,0.911651358,Retrovirus Integration Database,0.863141191,RID,0.911651358,1,,,,
21938212,2011-09-06,http://115.111.90.196/ridsdb/index.php,RiDs db,0.977813244,Repeats in diseases database,0.806841683,RiDs db,0.977813244,1,,,,
32849839,2020-08-07,http://www.rigdb.cn,RIGD,0.99081533,Rosaceae Intronless Genes Database,0.965823472,RIGD,0.99081533,1,,,,
34918130,2022-03-01,http://metabobank.riken.jp/pmm/db/plantMetabolomics,RIKEN PMM,0.912697518,RIKEN Plant Metabolome MetaDatabase,0.881834341,RIKEN PMM,0.912697518,1,,,,
29040625,2018-01-01,http://rise.zhanglab.net,RISE,0.989733219,,0,RISE,0.989733219,1,,,,
23144556,2012-10-01,http://bioinformatics.towson.edu/RKN,RKN,0.919945776,,0,RKN,0.919945776,1,,,,
36039757,2023-01-01,http://gccri.bishop-lab.uthscsa.edu/shiny/rlbase,RLBase,0.989609957,,0,RLBase,0.989609957,1,,,,
36300630,2023-01-01,http://rm2target.canceromics.org,RM2Target,0.991895954,,0,RM2Target,0.991895954,1,,,,
"29040692, 26464443",2018-01-01,http://rna.sysu.edu.cn/rmbase,RMBase,0.992835402,RNA Modification Base,0.927216482,RMBase,0.992835402,2,,,,
"22976082, 30053264",2018-01-01,http://rmdb.stanford.edu,RMDB,0.97517405,Mapping DataBase,0.709348813,RMDB,0.97517405,2,,,,
39809358,2025-01-12,http://www.tmliang.cn/rnamethy,RMethyMD,0.998280764,,0,RMethyMD,0.998280764,1,,,,
36222558,2022-10-12,http://rmg.mit.edu,RMG,0.988683224,Reaction Mechanism Generator,0.903730199,RMG,0.988683224,1,,,,
21464840,2011-03-02,http://biomedinformri.org/calp,RMRIMS,0.633491713,Research,0.512701094,RMRIMS,0.633491713,1,,,,
39812795,2025-01-15,http://odsrmst.od.nih.gov,RMST,0.816390216,,0,RMST,0.816390216,1,,,,
24220091,2013-11-12,http://iimcb.genesilico.pl/rnabricks,RNA Bricks,0.949595173,,0,RNA Bricks,0.949595173,1,,,,
31950189,2020-01-01,http://rnacossmos.com,CoSSMos,0.890264094,RNA Characterization of Secondary Structure Motifs,0.966837181,RNA Characterization of Secondary Structure Motifs,0.966837181,1,,,,
22127861,2011-11-29,http://cossmos.slu.edu,RNA CoSSMos,0.782637835,RNA Characterization of Secondary Structure Motifs,0.77531596,RNA CoSSMos,0.782637835,1,,,,
29222504,2017-12-08,http://structurome.bb.iastate.edu,,0,RNA Structurome Database,0.584489805,RNA Structurome Database,0.584489805,1,,,,
37221043,2023-04-01,"http://rnachrom2.bioinf.fbb.msu.ru/, http://genome.ucsc.edu",RNA-Chrom,0.947365433,,0,RNA-Chrom,0.947365433,1,,,,
22345621,2012-02-17,http://medicalgenomics.org/rna_seq_atlas,RNA-Seq Atlas,0.958900797,,0,RNA-Seq Atlas,0.958900797,1,,,,
35595213,2022-05-17,http://bio-bigdata.hrbmu.edu.cn/rna2immune/home.jsp,RNA2Immune,0.987332165,,0,RNA2Immune,0.987332165,1,,,,
31799597,2020-12-01,http://bio-bigdata.hrbmu.edu.cn/RNAactDrug,RNAactDrug,0.996623337,,0,RNAactDrug,0.996623337,1,,,,
36146935,2022-09-22,http://rnaapt3d.medals.jp,RNAapt3D,0.897166689,,0,RNAapt3D,0.897166689,1,,,,
"25352543, 27794554, 30395267, 33106848",2021-01-01,http://rnacentral.org,RNAcentral,0.993771434,,0,RNAcentral,0.993771434,4,,,,
36134718,2023-01-01,"http://www.rnadisease.org/, http://www.rna-society.org/mndr",RNADisease,0.934658051,,0,RNADisease,0.934658051,1,,,,
22700939,2012-06-14,http://www.rnaiatlas.ethz.ch,RNAiAtlas,0.844358683,,0,RNAiAtlas,0.844358683,1,,,,
22411954,2012-03-12,http://rnaimmuno.ibch.poznan.pl,RNAimmuno,0.986062527,,0,RNAimmuno,0.986062527,1,,,,
"34718726, 31906603",2022-01-01,"http://www.rnainter.org, http://www.rna-society.org/rnainter",RNAInter,0.994603395,RNA Interactome Database,0.805327773,RNAInter,0.994603395,2,,,,
38518981,2024-03-20,http://www.rnairport.com/leader5P,RNAirport,0.697971165,,0,RNAirport,0.697971165,1,,,,
37415294,2023-01-01,http://biomed.nscc-gz.cn/RNALID/html/index.html,RNALID,0.995752573,,0,RNALID,0.995752573,1,,,,
"39404071, 34551440, 27543076",2025-01-01,"http://www.rnalocate.org/, http://www.rna-society.org/rnalocate",RNALocate,0.997115135,,0,RNALocate,0.997115135,3,,,,
35809063,2022-09-01,http://rnaloops.cs.put.poznan.pl,RNAloops,0.939764977,,0,RNAloops,0.939764977,1,,,,
36420165,2022-11-11,http://chenweilab.cn/rname,RNAME,0.991551518,,0,RNAME,0.991551518,1,,,,
23155061,2012-11-15,http://iimcb.genesilico.pl/rnapathwaysdb,RNApathwaysDB,0.971205235,,0,RNApathwaysDB,0.971205235,1,,,,
34718740,2022-01-01,http://www.rnaphasep.cn,RNAPhaSep,0.996838629,,0,RNAPhaSep,0.996838629,1,,,,
40126909,2025-02-15,http://rnaprodb.usc.edu,RNAproDB,0.997364342,,0,RNAproDB,0.997364342,1,,,,
29069520,2018-01-01,http://iimcb.genesilico.pl/RNArchitecture,RNArchitecture,0.993474245,,0,RNArchitecture,0.993474245,1,,,,
26323714,2015-08-30,http://rnaseqmetadb.ece.tamu.edu,RNASeqMetaDB,0.962606609,,0,RNASeqMetaDB,0.962606609,1,,,,
"41320116, 35674373",2025-11-28,http://rnasolo.cs.put.poznan.pl,RNAsolo,0.990219414,,0,RNAsolo,0.990219414,2,,,,
32608478,2020-01-01,http://rnawre.bio2db.com,RNAWRE,0.990312815,,0,RNAWRE,0.990312815,1,,,,
38736683,2024-05-08,http://www.rnmpid.org,rNMPID,0.996360779,,0,rNMPID,0.996360779,1,,,,
39724366,2024-12-26,http://roadv2.khu.ac.kr,ROADv2,0.992331445,Rice Online expression profiles Array Database version 2,0.915352412,ROADv2,0.992331445,1,,,,
39657135,2025-01-01,http://rodentgpomics.njau.edu.cn:8888/Rodent/index/homePage,RodentGPOmics,0.976971053,Rodent Genome and Pathogen,0.903684718,RodentGPOmics,0.976971053,1,,,,
35844834,2022-01-21,http://roma.univ-lyon1.fr,ROMA,0.948326111,ROck reflectance for,0.666053057,ROMA,0.948326111,1,,,,
41171287,2025-01-01,http://rosbase.bits-hyderabad.ac.in,ROSBASE1,0.739495337,,0,ROSBASE1,0.739495337,1,,,,
27940610,2016-12-10,"http://cgm.sjtu.edu.cn/3kricedb/, http://www.rmbreeding.cn/pan3k",RPAN,0.977469802,Rice Pan-genome Browser,0.900623749,RPAN,0.977469802,1,,,,
26026167,2015-05-29,http://bioinformatics.ustc.edu.cn/rpdb,RPdb,0.979530334,reprogramming database,0.584708124,RPdb,0.979530334,1,,,,
34496744,2021-09-08,http://zhaoserver.com.cn/RPocket/RPocket.html,RPocket,0.952259183,,0,RPocket,0.952259183,1,,,,
29028888,2018-02-01,http://huanglab.phys.hust.edu.cn/RRDbenchmark,RRDB,0.973243475,RNA-RNA docking benchmark,0.873065448,RRDB,0.973243475,1,,,,
39788736,2025-03-18,http://grigoriev-lab.camden.rutgers.edu/tardb,rRFtargetDB,0.997955203,,0,rRFtargetDB,0.997955203,1,,,,
25414355,2014-11-20,http://rrndb.umms.med.umich.edu,rrnDB,0.994640529,ribosomal RNA operon copy number database,0.776851568,rrnDB,0.994640529,1,,,,
36028515,2022-08-26,http://rsdb.cmdm.tw,RSDB,0.985043983,rare skin disease database,0.974061564,RSDB,0.985043983,1,,,,
"29140525, 24285297",2018-01-01,http://rsnp3.psych.ac.cn,rSNPBase,0.998359084,,0,rSNPBase,0.998359084,2,,,,
31872320,2019-12-23,http://bioinformatics.fafu.edu.cn/RSRS,RSRS,0.890815914,Rice Stress-Resistant SNP database,0.872037998,RSRS,0.890815914,1,,,,
32382747,2021-05-01,http://taolab.nwafu.edu.cn/rsvdb,RSVdb,0.997209489,,0,RSVdb,0.997209489,1,,,,
29155231,2017-11-17,http://tools.ibg.deu.edu.tr/rtfa,RTFAdb,0.981455028,,0,RTFAdb,0.981455028,1,,,,
39498263,2024-09-14,http://ruseq.ru,RUSeq,0.994083881,,0,RUSeq,0.994083881,1,,,,
26503253,2015-10-25,http://rv.psych.ac.cn,rVarBase,0.998465121,,0,rVarBase,0.998465121,1,,,,
37930838,2024-01-01,http://rvdb.mgc.ac.cn,RVdb,0.997104943,,0,RVdb,0.997104943,1,,,,
26746786,2016-01-08,http://rvs.u.hpc.mssm.edu,RVS,0.919026732,,0,RVS,0.919026732,1,,,,
38157777,2023-12-20,http://idrblab.org/rvvictor,RVvictor,0.91258496,,0,RVvictor,0.91258496,1,,,,
22099701,2011-11-17,http://bioinfo.cis.nctu.edu.tw/samotifbase,SA-Motifbase,0.899282444,,0,SA-Motifbase,0.899282444,1,,,,
24214988,2013-11-08,http://opig.stats.ox.ac.uk/webapps/sabdab,SAbDab,0.997705543,Structural antibody database,0.975666851,SAbDab,0.997705543,1,,,,
"29092055, 22102587",2018-01-01,http://sabiork.h-its.org,SABIO-RK,0.997967561,,0,SABIO-RK,0.997967561,2,,,,
24323624,2013-12-09,http://sabre.epd.brc.riken.jp/SABRE2.html,SABRE,0.995861411,Systematic consolidation of Arabidopsis and,0.888674723,SABRE,0.995861411,1,,,,
29774137,2018-01-01,http://teeqrani1.wixsite.com/sapd,SACPD,0.991069496,Saudi anti-human cancer plants database,0.969169753,SACPD,0.991069496,1,,,,
39640530,2024-11-10,http://sadb.biownmcli.info,SAdb,0.952341676,,0,SAdb,0.952341676,1,,,,
30380119,2019-01-01,http://bioinfo.life.hust.edu.cn/SAGD,SAGD,0.992830694,,0,SAGD,0.992830694,1,,,,
32621601,2020-01-01,http://sampgr.org.cn,SAGER,0.995087028,Symbiodiniaceae and Algal Genomic Resource Database,0.986229761,SAGER,0.995087028,1,,,,
25881271,2015-03-17,http://me.lzu.edu.cn/stpd,STPD,0.778577745,Salinity Tolerant Poplar Database,0.957052559,Salinity Tolerant Poplar Database,0.957052559,1,,,,
36747479,2023-02-01,http://webs.iiitd.edu.in/raghava/salivadb,SalivaDB,0.997264326,,0,SalivaDB,0.997264326,1,,,,
28651544,2017-06-26,http://www.salmobase.org,SalmoBase,0.996645689,,0,SalmoBase,0.996645689,1,,,,
22120661,2011-11-26,http://genomicasalmones.dim.uchile.cl,SalmonDB,0.996498466,,0,SalmonDB,0.996498466,1,,,,
23055621,2012-08-03,http://www.salmonellabase.com,SalmonellaBase,0.992680967,,0,SalmonellaBase,0.992680967,1,,,,
"29057095, 35913188",2017-10-18,http://salmonet.org,SalmoNet,0.995892107,,0,SalmoNet,0.995892107,2,,,,
"26097510, 33952332",2021-05-05,http://sancdb.rubi.ru.ac.za,SANCDB,0.994873464,South African Natural Compounds Database,0.975358397,SANCDB,0.994873464,2,,,,
32096105,2020-10-01,http://psico.fcep.urv.cat/exp/files/SANDchild.xlsx,SANDchild,0.992918432,,0,SANDchild,0.992918432,1,,,,
33892308,2021-04-10,http://webs.iiitd.edu.in/raghava/sapdb,SAPdb,0.994092166,,0,SAPdb,0.994092166,1,,,,
32709339,2020-06-03,"http://47.92.73.208:8082/, http://cpu-smsd.com",SMSD,0.893061325,saponin mass spectrometry database,0.897874147,saponin mass spectrometry database,0.897874147,1,,,,
38868205,2024-04-18,http://discover.nci.nih.gov/SarcomaCellMinerCDB,Sarcoma_CellMinerCDB,0.877056632,,0,Sarcoma_CellMinerCDB,0.877056632,1,,,,
29625201,2018-04-03,http://bioinfo.imtech.res.in/manojk/sarna,saRNAdb,0.994530654,,0,saRNAdb,0.994530654,1,,,,
33416848,2021-03-01,http://sars3d.com,SARS CoV-2,0.557417756,,0,SARS CoV-2,0.557417756,1,,,,
37101659,2023-04-24,http://sars2mutant.com,SARS2Mutant,0.904046452,,0,SARS2Mutant,0.904046452,1,,,,
33553941,2021-01-21,http://sarscovidb.org,SARSCOVIDB,0.995992124,infection database,0.97165823,SARSCOVIDB,0.995992124,1,,,,
26527728,2015-11-02,http://crdd.osdd.net/raghava/satpdb,SATPdb,0.998526931,,0,SATPdb,0.998526931,1,,,,
24504151,2014-02-06,http://www.bioafrica.net/regadb,SATuRN,0.765131068,African Treatment Resistance Network,0.749985605,SATuRN,0.765131068,1,,,,
33177514,2020-11-11,http://doi.org/10.35115/37n9-5738,SAVI,0.993400097,Synthetically Accessible Virtual Inventory,0.951206068,SAVI,0.993400097,1,,,,
29059366,2018-01-01,http://sbcddb.moffitt.org,SBCDDB,0.994983792,Sleeping Beauty Cancer Driver Database,0.762524348,SBCDDB,0.994983792,1,,,,
36929933,2023-03-01,http://www.wzubio.com/sbgc,sBGC-hm,0.968011379,,0,sBGC-hm,0.968011379,1,,,,
21472436,2011-04-07,http://sbkb.org,SBKB,0.985803445,Structural Biology Knowledgebase,0.919640875,SBKB,0.985803445,1,,,,
26647370,2015-12-08,http://webapp.cabgrid.res.in/sbmdb,SBMDb,0.995680153,,0,SBMDb,0.995680153,1,,,,
26590403,2015-11-20,http://sbrblood.nhgri.nih.gov,SBR-Blood,0.985119432,hematopoietic Systems Biology Repository,0.887098688,SBR-Blood,0.985119432,1,,,,
"21398668, 25300483",2014-10-09,http://bioinfo-pharma.u-strasbg.fr/scPDB,sc-PDB,0.996898383,,0,sc-PDB,0.996898383,2,,,,
24991975,2014-07-17,http://bioinfo-pharma.u-strasbg.fr/scPDBFrag,sc-PDB-Frag,0.918389161,,0,sc-PDB-Frag,0.918389161,1,,,,
33010177,2021-01-01,http://easybioai.com/sc2disease,SC2disease,0.997551847,,0,SC2disease,0.997551847,1,,,,
35980286,2022-08-01,http://www.rjh-sc2sepsis.com,SC2sepsis,0.993837833,Sepsis Single-cell Whole Gene Expression Database Website,0.889476347,SC2sepsis,0.993837833,1,,,,
37930842,2024-01-01,"http://47.98.139.124:8799, http://scanatlas.net",SCAN,0.975404441,Spatiotemporal Cloud Atlas for Neural cells,0.948454195,SCAN,0.975404441,1,,,,
39341795,2024-09-01,http://www.scancerrna.com/BioMarker,SCancerRNA,0.995970249,,0,SCancerRNA,0.995970249,1,,,,
34643729,2022-01-01,http://www.bioailab.com:3838/scAPAatlas,scAPAatlas,0.99283725,,0,scAPAatlas,0.99283725,1,,,,
34508354,2022-01-01,http://www.bmibig.cn/scAPAdb,scAPAdb,0.995790362,,0,scAPAdb,0.995790362,1,,,,
28984188,2017-10-03,http://bioinfo.wilmer.jhu.edu/ScaPD,ScaPD,0.998022795,,0,ScaPD,0.998022795,1,,,,
37739405,2024-01-01,"http://8.142.154.29/SCAR2023, http://scaratlas.com",SCAR,0.991210759,Single-cell and Spatially-resolved Cancer Resources,0.963206982,SCAR,0.991210759,1,,,,
37897340,2024-01-01,http://bio.liclab.net/scATAC-Ref,scATAC-Ref,0.995208287,,0,scATAC-Ref,0.995208287,1,,,,
39050785,2024-06-20,http://bio.liclab.net/scBlood,scBlood,0.996929109,,0,scBlood,0.996929109,1,,,,
37195696,2023-05-01,http://scbrainmap.sysneuro.net,scBrainMap,0.996493042,,0,scBrainMap,0.996493042,1,,,,
39558175,2025-01-01,http://bianlab.cn/scCancerExplorer,scCancerExplorer,0.993011892,,0,scCancerExplorer,0.993011892,1,,,,
40317650,2025-05-02,http://www.bdbe.cn/kun,scCompass,0.997046649,,0,scCompass,0.997046649,1,,,,
32487193,2020-06-02,http://www.stomachcancerdb.org,SCDb,0.972417712,,0,SCDb,0.972417712,1,,,,
31611909,2019-09-26,http://scdevdb.deepomics.org,SCDevDB,0.997864783,,0,SCDevDB,0.997864783,1,,,,
35363306,2022-04-01,http://scdontology.h3abionet.org,SCDO,0.984821141,Ontology,0.9033885,SCDO,0.984821141,1,,,,
39526387,2025-01-01,http://bio-bigdata.hrbmu.edu.cn/scDrugAct,ScDrugAct,0.997929811,,0,ScDrugAct,0.997929811,1,,,,
39693568,2024-12-01,http://lcbb.swjtu.edu.cn/scEccDNAdb,scEccDNAdb,0.993380368,,0,scEccDNAdb,0.993380368,1,,,,
27800578,2017-10-01,http://www.scenegrammarlab.com/research/scegram-database,SCEGRAM,0.992693186,,0,SCEGRAM,0.992693186,1,,,,
34761274,2022-01-01,http://enhanceratlas.net/scenhancer,scEnhancer,0.996709287,,0,scEnhancer,0.996709287,1,,,,
40343630,2025-05-09,http://cb.imsc.res.in/scentindb,sCentInDB,0.995662689,,0,sCentInDB,0.995662689,1,,,,
22140105,2011-12-02,http://ural.wustl.edu/ScerTF,ScerTF,0.989538968,,0,ScerTF,0.989538968,1,,,,
37889053,2024-01-01,http://bio.liclab.net/scGRN,scGRN,0.997262836,,0,scGRN,0.997262836,1,,,,
23161692,2012-11-17,http://SchistoDB.net,SchistoDB,0.998987973,,0,SchistoDB,0.998987973,1,,,,
39780046,2025-01-08,http://galaxy.sciensano.be,Sciensano,0.991084874,,0,Sciensano,0.991084874,1,,,,
39494524,2025-01-01,http://bio.liclab.net/scImmOmics/home,scImmOmics,0.996922851,,0,scImmOmics,0.996922851,1,,,,
38125297,2023-11-15,http://bio.liclab.net/SCInter/index.php,SCInter,0.994511127,comprehensive Single-Cell transcriptome integration database for human and mouse,0.956705987,SCInter,0.994511127,1,,,,
37824297,2023-10-12,http://www.nipgr.ac.in/scipdb.php,SCIPDb,0.998294741,Stress Combinations and their Interactions in Plants Database,0.98637678,SCIPDb,0.998294741,1,,,,
34514416,2021-09-09,http://thecailab.com/scissor,SCISSOR,0.996242762,,0,SCISSOR,0.996242762,1,,,,
40996711,2025-01-01,http://www.scladb.geneis.org.cn,ScLineageAtlas,0.99172915,Single Cell Lineage Atlas,0.878868711,ScLineageAtlas,0.99172915,1,,,,
39470724,2025-01-01,http://scltdb.com,scLTdb,0.997252285,,0,scLTdb,0.997252285,1,,,,
34570235,2022-01-01,http://ngdc.cncb.ac.cn/methbank/scm,scMethBank,0.997844517,,0,scMethBank,0.997844517,1,,,,
39315707,2025-01-01,http://www.biosino.org/scMMO-atlas,scMMO-atlas,0.955179413,,0,scMMO-atlas,0.955179413,1,,,,
25097385,2014-06-30,http://bioinformatics.towson.edu/Soybean_SCN_proteins_2D_Gel_DB/Gel1.aspx,SCNProDB,0.972986102,,0,SCNProDB,0.972986102,1,,,,
31724711,2020-01-01,http://scop.mrc-lmb.cam.ac.uk,SCOP,0.993221243,Structural Classification of Proteins,0.824369984,SCOP,0.993221243,1,,,,
32508104,2020-06-18,http://iomics.ugent.be/scop3p,Scop3P,0.996602729,,0,Scop3P,0.996602729,1,,,,
"24304899, 27914894",2016-11-30,http://scop.berkeley.edu,SCOPe,0.985311985,Structural Classification of Proteins-extended,0.87680452,SCOPe,0.985311985,2,,,,
39591252,2024-11-18,http://www.scorpdb.com,ScorpDb,0.996932626,,0,ScorpDb,0.996932626,1,,,,
37638765,2024-01-01,http://biobigdata.nju.edu.cn/scplantdb,scPlantDB,0.996792853,,0,scPlantDB,0.996792853,1,,,,
29045713,2018-01-01,http://single-cell.clst.riken.jp,SCPortalen,0.995376956,,0,SCPortalen,0.995376956,1,,,,
39526396,2025-01-01,http://relab.xidian.edu.cn/scProAtlas,scProAtlas,0.995207071,,0,scProAtlas,0.995207071,1,,,,
37791879,2024-01-01,http://bioinfo.szbl.ac.cn/scQTLbase,scQTLbase,0.997750819,,0,scQTLbase,0.997750819,1,,,,
39470715,2025-01-01,http://www.evomicslab.org/db/ScRAPdb,ScRAPdb,0.997124195,,0,ScRAPdb,0.997124195,1,,,,
22067445,2011-11-08,http://dcv.uhnres.utoronto.ca/SCRIPDB,SCRIPDB,0.997730494,,0,SCRIPDB,0.997730494,1,,,,
29617941,2018-08-01,http://www.firmiana.org/responders,SCRIPT-MAP,0.988087222,,0,SCRIPT-MAP,0.988087222,1,,,,
39420637,2025-01-01,http://sctml.xglab.tech,scTML,0.997170508,,0,scTML,0.997170508,1,,,,
39420631,2025-01-01,http://ngdc.cncb.ac.cn/sctwas,scTWAS Atlas,0.953077227,,0,scTWAS Atlas,0.953077227,1,,,,
29961821,2018-01-01,http://sda.denglab.org,SDADB,0.996021926,,0,SDADB,0.996021926,1,,,,
35284049,2022-02-26,http://sdc.anticancer.xyz,SDC,0.980104685,Sex Differences in Cancer,0.908493519,SDC,0.980104685,1,,,,
30714194,2019-02-25,http://sdred.biocatnet.de,SDRED,0.985853091,Short-chain Dehydrogenases/Reductases Engineering Database,0.874342166,SDRED,0.985853091,1,,,,
24907201,2014-06-06,http://seabase.core.cli.mbl.edu,SeaBase,0.991243899,,0,SeaBase,0.991243899,1,,,,
23193298,2012-11-28,http://db-mml.sjtu.edu.cn/SecReT4,SecReT4,0.996587932,,0,SecReT4,0.996587932,1,,,,
"36346548, 25640659",2022-11-04,http://bioinfo-mml.sjtu.edu.cn/SecReT6,SecReT6,0.997667551,,0,SecReT6,0.997667551,2,,,,
37429152,2023-07-06,http://secretomyc.cbs.cnrs.fr,SecretoMyc,0.933894992,,0,SecretoMyc,0.933894992,1,,,,
"36318264, 30371817",2023-01-01,http://www.licpathway.net/sedb,SEdb,0.99522537,comprehensive human super-enhancer database,0.846477594,SEdb,0.99522537,2,,,,
29069402,2018-01-01,http://biocc.hrbmu.edu.cn/SEECancer,SEECancer,0.996404111,,0,SEECancer,0.996404111,1,,,,
"24293654, 23110173",2013-11-29,"http://pubseed.theseed.org/, http://rast.nmpdr.org",SEED,0.908952594,,0,SEED,0.908952594,2,,,,
29228298,2018-01-01,http://www.seedstor.ac.uk,SeedStor,0.993587971,,0,SeedStor,0.993587971,1,,,,
22171328,2011-12-13,http://www.bios.unc.edu/research/genomic_software/seeQTL,seeQTL,0.995602727,,0,seeQTL,0.995602727,1,,,,
29309507,2019-07-01,http://bioinfo.life.hust.edu.cn/SEGreg,SEGreg,0.997626861,SEG regulation database,0.98023203,SEGreg,0.997626861,1,,,,
32785571,2020-08-10,http://intranet.fm.usp.br/sela,SELAdb,0.976938367,das,0.545053124,SELAdb,0.976938367,1,,,,
24225318,2013-11-12,http://selectome.unil.ch,Selectome,0.979073048,,0,Selectome,0.979073048,1,,,,
24194593,2013-11-04,http://www.selenodb.org,SelenoDB,0.994665325,,0,SelenoDB,0.994665325,1,,,,
23044550,2012-10-08,http://skr3.nlm.nih.gov/SemMedDB,SemMedDB,0.998119652,,0,SemMedDB,0.998119652,1,,,,
38345567,2024-02-01,http://sysomics.com/SEPDB,SEPDB,0.99432689,secreted protein database,0.793419525,SEPDB,0.99432689,1,,,,
22419780,2012-03-13,http://SEQanswers.com,SEQanswers,0.993383706,,0,SEQanswers,0.993383706,1,,,,
30202870,2019-04-01,http://education.knoweng.org/sequenceng,SequencEnG,0.989631832,Sequencing Techniques Engine for Genomics,0.744912343,SequencEnG,0.989631832,1,,,,
22086956,2011-11-15,"http://SEQanswers.com/, http://wiki.SEQanswers.com",SEQwiki,0.989065051,SEQanswers,0.585303307,SEQwiki,0.989065051,1,,,,
27307138,2016-06-15,http://www.seriport.in,SeriPort,0.92696017,,0,SeriPort,0.92696017,1,,,,
28539606,2017-05-24,http://ncgr.ac.cn/SesameFG,SesameFG,0.989373446,,0,SesameFG,0.989373446,1,,,,
38832682,2024-12-01,http://backlin.cabgrid.res.in/sesameGWR,SesameGWR,0.986760557,Sesame Genomic Web Resource,0.984902034,SesameGWR,0.986760557,1,,,,
39425944,2024-10-01,http://www.sgbdb.com/sgdb,SesamumGDB,0.992166303,Sesamum Genomics Database,0.974102088,SesamumGDB,0.992166303,1,,,,
36420904,2023-01-01,http://seva-plasmids.com,SEVA,0.912925601,,0,SEVA,0.912925601,1,,,,
"23180763, 25392407, 31740968",2020-01-01,http://seva.cnb.csic.es,SEVA-DB,0.994396701,Standard European Vector Architecture,0.724981114,SEVA-DB,0.994396701,3,,,,
29892516,2018-04-27,"http://sevens.cbrc.jp, http://sevens.chem.aoyama.ac.jp",SEVENS,0.997551143,,0,SEVENS,0.997551143,1,,,,
39175079,2024-08-22,http://ccsm.uth.edu/SexAnnoDB,SexAnnoDB,0.998759925,,0,SexAnnoDB,0.998759925,1,,,,
24712981,2014-04-08,http://bioinformatics.cau.edu.cn/SFGD,SFGD,0.987578392,Soybean Functional Genomics Database,0.935117344,SFGD,0.987578392,1,,,,
"24271399, 25501940",2014-12-12,http://sfld.rbvi.ucsf.edu,SFLD,0.998137712,Structure-Function Linkage Database,0.984608392,SFLD,0.998137712,2,,,,
"22110037, 23487186, 24265222, 27252399, 29140510, 32128557, 26631132",2020-01-01,http://www.yeastgenome.org,SGD,0.98170195,Saccharomyces Genome Database,0.977382439,SGD,0.98170195,7,,,,
25428362,2014-11-26,http://solgenomics.net,SGN,0.983287116,Sol Genomics Network,0.855045378,SGN,0.983287116,1,,,,
23724943,2013-06-01,http://www.sgwhc.org,SGWHC,0.941945419,Sex and Gender Women's Health Collaborative,0.814800464,SGWHC,0.941945419,1,,,,
37207333,2023-07-01,http://sh2db.ttk.hu,SH2db,0.996554494,,0,SH2db,0.996554494,1,,,,
40108206,2025-03-19,http://physionet.org/content/shdb-af,SHDB-AF,0.966464087,Saitama Heart Database Atrial Fibrillation,0.846766812,SHDB-AF,0.966464087,1,,,,
28361715,2017-03-14,http://bal.ym.edu.tw/SheddomeDB,SheddomeDB,0.996616364,,0,SheddomeDB,0.996616364,1,,,,
24952385,2014-06-21,http://shrimpgpat.sc.mahidol.ac.th,ShrimpGPAT,0.997447491,Shrimp Gene and Protein Annotation Tool,0.836638801,ShrimpGPAT,0.997447491,1,,,,
27297221,2016-06-13,http://forge.info.univ-angers.fr,sHSPdb,0.981707454,Heat Shock Proteins database,0.912849665,sHSPdb,0.981707454,1,,,,
24146757,2013-10-11,http://mlg.hit.edu.cn/SIDD,SIDD,0.992121279,,0,SIDD,0.992121279,1,,,,
23203869,2012-11-29,http://pdbe.org/sifts,SIFTS,0.997229233,Structure Integration with Function,0.943572327,SIFTS,0.997229233,1,,,,
22784567,2011-12-14,http://sysbio.kribb.re.kr/sigcs,SigCS base,0.819766919,,0,SigCS base,0.819766919,1,,,,
26490957,2015-10-20,http://bioinfo.imtech.res.in/manojk/sigmol,SigMol,0.986595631,,0,SigMol,0.986595631,1,,,,
27097230,2016-04-20,http://signafish.org,SignaFish,0.99351877,Pathway,0.51736623,SignaFish,0.99351877,1,,,,
"23331499, 23715991",2013-01-18,http://SignaLink.org,SignaLink,0.985477149,,0,SignaLink,0.985477149,2,,,,
34634810,2022-01-01,http://signalink.org,SignaLink3,0.9973768,,0,SignaLink3,0.9973768,1,,,,
"36243968, 26467481, 28654729, 31665520",2023-01-01,http://signor.uniroma2.it,SIGNOR,0.967104197,SIGnaling Network Open Resource,0.931980938,SIGNOR,0.967104197,4,,,,
33045745,2021-01-01,http://health.tsinghua.edu.cn/silencerdb,SilencerDB,0.997530401,,0,SilencerDB,0.997530401,1,,,,
35670730,2022-06-01,http://silkbase.ab.a.u-tokyo.ac.jp,SilkBase,0.995370626,,0,SilkBase,0.995370626,1,,,,
31642484,2020-01-01,http://silkdb.bioinfotoolkits.net,SilkDB,0.996998668,,0,SilkDB,0.996998668,1,,,,
37941143,2024-01-01,http://silkmeta.org.cn,SilkMeta,0.997322798,,0,SilkMeta,0.997322798,1,,,,
28365723,2017-01-01,http://silkpathdb.swu.edu.cn,SilkPathDB,0.989426136,Pathogen,0.592897296,SilkPathDB,0.989426136,1,,,,
"23193283, 24293649",2013-11-28,http://www.arb-silva.de,SILVA,0.996267796,,0,SILVA,0.996267796,2,,,,
24165881,2013-10-27,http://mips.gsf.de/simap,SIMAP,0.967703819,Similarity Matrix of Proteins,0.952235826,SIMAP,0.967703819,1,,,,
22080561,2011-11-12,http://www.GABI-Kat.de,SimpleSearch,0.99120003,,0,SimpleSearch,0.99120003,1,,,,
30721533,2019-03-12,http://fornerislab.unipv.it/SiMPLOD,SiMPLOD,0.995890737,Structurally-integrated database for Mutations of PLOD genes,0.912969387,SiMPLOD,0.995890737,1,,,,
25480115,2014-12-04,http://ocri-genomics.org/Sinbase,Sinbase,0.989667535,,0,Sinbase,0.989667535,1,,,,
23203982,2012-11-30,http://sines.eimb.ru,SINEBase,0.997263968,,0,SINEBase,0.997263968,1,,,,
33507271,2021-01-01,http://v2.sinex.cl,SinEx,0.876471639,,0,SinEx,0.876471639,1,,,,
38062357,2023-12-07,http://cailab.labshare.cn/SingleScan,SingleScan,0.982607126,,0,SingleScan,0.982607126,1,,,,
37819028,2024-01-01,http://idrblab.org/singpro,SingPro,0.981682837,,0,SingPro,0.981682837,1,,,,
37042720,2023-04-01,http://sinterbase.cs.bgu.ac.il,sInterBase,0.992366672,,0,sInterBase,0.992366672,1,,,,
39541343,2024-11-14,http://cellknowledge.com.cn/siRNAEfficacy,siRNAEfficacyDB,0.995903373,,0,siRNAEfficacyDB,0.995903373,1,,,,
26818131,2016-01-28,http://crdd.osdd.net/servers/sirnamod,siRNAmod,0.993242323,,0,siRNAmod,0.993242323,1,,,,
34014674,2021-05-20,http://sistematx.ufpb.br,SistematX,0.941165566,,0,SistematX,0.941165566,1,,,,
26800248,2016-01-22,http://lfz.corefacility.ca/sistr-app,SISTR,0.992295837,Salmonella In Silico Typing Resource,0.952685045,SISTR,0.992295837,1,,,,
"22139920, 28110602",2017-01-23,http://www-bionet.sscc.ru/sitex,SitEx,0.971261322,,0,SitEx,0.971261322,2,,,,
30593925,2018-12-26,http://www.pasteur-guadeloupe.fr:8081/SITVIT2,SITVIT2,0.996629322,,0,SITVIT2,0.996629322,1,,,,
35028657,2022-01-01,http://www.pasteur-guadeloupe.fr:8081/SITVIT_Bovis,SITVITBovis,0.968080401,,0,SITVITBovis,0.968080401,1,,,,
22365971,2012-02-17,http://www.pasteur-guadeloupe.fr:8081/SITVIT_ONLINE,SITVITWEB,0.995786428,,0,SITVITWEB,0.995786428,1,,,,
25309735,2014-08-12,http://skatebase.org,SkateBase,0.982891858,,0,SkateBase,0.982891858,1,,,,
30481257,2019-07-01,http://phenome.manchester.ac.uk,SkeletalVis,0.980601847,,0,SkeletalVis,0.980601847,1,,,,
27580923,2016-08-31,http://101.200.211.232/skeletongenetics,SkeletonGenetics,0.990358194,,0,SkeletonGenetics,0.990358194,1,,,,
"30020414, 22859501",2019-02-01,http://life.bsc.es/pid/skempi2,SKEMPI,0.998165965,,0,SKEMPI,0.998165965,2,,,,
35318332,2022-03-22,http://skewdb.org,SkewDB,0.987615168,,0,SkewDB,0.987615168,1,,,,
28194231,2017-01-31,http://cwtung.kmu.edu.tw/skinsensdb,SkinSensDB,0.995361865,,0,SkinSensDB,0.995361865,1,,,,
38616489,2024-04-15,http://skm.nib.si,SKM,0.995241066,Stress Knowledge Map,0.921390235,SKM,0.995241066,1,,,,
30165538,2019-03-01,http://sunlab.cpy.cuhk.edu.hk/SKmDB,SKmDB,0.996431947,,0,SKmDB,0.996431947,1,,,,
31494246,2019-09-05,http://sliceit.soic.iupui.edu,SliceIt,0.996555865,,0,SliceIt,0.996555865,1,,,,
37889037,2024-01-01,"http://slkb.osubmi.org, http://slkb.docs.osubmi.org",SLKB,0.995010316,synthetic lethality knowledge base,0.810586548,SLKB,0.995010316,1,,,,
36029479,2022-08-01,"http://www.tmliang.cn/SLOAD, http://www.tmliang.cn/SLOAD",SLOAD,0.983679116,,0,SLOAD,0.983679116,1,,,,
41266748,2025-11-20,http://slogenvar.si,SloGenVar,0.975352645,,0,SloGenVar,0.975352645,1,,,,
27010673,2016-03-24,http://zoulab.dalton.missouri.edu/SM-TF,SM-TF,0.909217815,,0,SM-TF,0.909217815,1,,,,
23220571,2012-12-05,http://bioinfo.hrbmu.edu.cn/SM2miR,SM2miR,0.988238767,,0,SM2miR,0.988238767,1,,,,
24531082,2014-02-14,http://cefg.uestc.edu.cn/smal,SMAL,0.99170814,Spontaneous Mutation Accumulation Lines,0.987832281,SMAL,0.99170814,1,,,,
39380204,2024-09-01,http://smart-db.cn,SMARTdb,0.998011649,single-cell multi-omics atlas of reproduction,0.902668732,SMARTdb,0.998011649,1,,,,
37178209,2023-05-01,http://hdl.handle.net/20.500.12624/SmartWoodID_first_edition,SmartWoodID,0.976852596,,0,SmartWoodID,0.976852596,1,,,,
"29062930, 29156309",2017-10-01,http://www.secondarymetabolites.org,SMBP,0.996750757,Secondary Metabolite Bioinformatics Portal,0.986019856,SMBP,0.996750757,2,,,,
39540430,2025-01-01,http://smc.jgi.doe.gov,SMC,0.987734377,secondary metabolism collaboratory,0.837428927,SMC,0.987734377,1,,,,
39423320,2024-10-01,http://smcvdb.rcb.ac.in:4321,SMCVdb,0.996085942,Small Molecule Cell Viability Database,0.947628464,SMCVdb,0.996085942,1,,,,
37208450,2023-05-19,http://smdb.gxu.edu.cn,SMDB,0.983671188,,0,SMDB,0.983671188,1,,,,
26138588,2015-07-17,http://smedgd.stowers.org,SmedGD,0.994868353,Schmidtea mediterranea Genome Database,0.978626414,SmedGD,0.994868353,1,,,,
35460467,2022-04-23,http://8.140.162.85,SmGDB,0.992405713,miltiorrhiza genome database,0.969273005,SmGDB,0.992405713,1,,,,
40464010,2025-05-20,http://www.isage.top:56789,SmilODB,0.997055113,miltiorrhiza Multi-omics Database,0.965675076,SmilODB,0.997055113,1,,,,
24163098,2013-10-24,http://www.smmrna.org,SMMRNA,0.997671962,,0,SMMRNA,0.997671962,1,,,,
38912260,2024-06-07,http://chatgptmodel.shinyapps.io/sdcd,,0,Smoking-diseases correlation database,0.764420986,Smoking-diseases correlation database,0.764420986,1,,,,
30674925,2019-01-23,http://med.unr.edu/physio/transcriptome,SMTB,0.983972132,Smooth Muscle Transcriptome Browser,0.98817302,Smooth Muscle Transcriptome Browser,0.98817302,1,,,,
24203708,2013-11-06,http://www.smpdb.ca,SMPDB,0.997425482,Small Molecule Pathway Database,0.985691021,SMPDB,0.997425482,1,,,,
36724634,2023-01-27,http://cheminfolab.in/databases/prodrug,smProdrugs,0.989433408,,0,smProdrugs,0.989433408,1,,,,
"34536568, 28137767",2021-08-01,http://bigdata.ibp.ac.cn/SmProt,SmProt,0.989004731,small proteins database,0.90862302,SmProt,0.989004731,2,,,,
27899672,2016-11-29,http://swissmodel.expasy.org/repository,SMR,0.991144598,SWISS-MODEL Repository,0.87782962,SMR,0.991144598,1,,,,
41092484,2025-10-01,http://bio-bigdata.hrbmu.edu.cn/SMTdb,SMTdb,0.997442663,spatial meta-transcriptome database,0.83319108,SMTdb,0.997442663,1,,,,
23129220,2012-11-06,http://www.nitrosation.org,SNObase,0.997782171,,0,SNObase,0.997782171,1,,,,
36165892,2023-01-01,http://bioinfo-scottgroup.med.usherbrooke.ca/snoDB,snoDB,0.99795717,,0,snoDB,0.99795717,1,,,,
24148649,2013-10-23,http://snoopy.med.miyazaki-u.ac.jp,snOPY,0.990186676,snoRNA orthological gene database,0.855695571,snOPY,0.990186676,1,,,,
25075616,2014-07-30,http://bioinfo.hrbmu.edu.cn/SNP_lincTFBS,SNP@lincTFBS,0.949685822,,0,SNP@lincTFBS,0.949685822,1,,,,
31511885,2020-01-01,http://gong_lab.hzau.edu.cn/SNP2APA,SNP2APA,0.91174376,,0,SNP2APA,0.91174376,1,,,,
26949480,2015-09-30,http://apps.icbi.georgetown.edu/snp2structure,SNP2Structure,0.994531825,,0,SNP2Structure,0.994531825,1,,,,
27899579,2016-11-28,http://ccg.vital-it.ch/snp2tfbs,SNP2TFBS,0.997906208,,0,SNP2TFBS,0.997906208,1,,,,
22210871,2011-12-30,http://www.rostlab.org/services/snpdbe,SNPdbe,0.988785923,,0,SNPdbe,0.988785923,1,,,,
22140107,2011-12-02,http://www.SNPedia.com,SNPedia,0.99539566,,0,SNPedia,0.99539566,1,,,,
22075996,2011-11-10,http://snpeffect.switchlab.org,SNPeffect,0.994509757,,0,SNPeffect,0.994509757,1,,,,
22544707,2012-04-28,http://www.snp-nexus.org,SNPnexus,0.9974401,,0,SNPnexus,0.9974401,1,,,,
36797409,2023-02-16,"http://gene.ai.tencent.com/SpatialOmics/, http://pysodb.readthedocs.io/en/latest",SODB,0.996113539,Spatial Omics DataBase,0.881995668,SODB,0.996113539,1,,,,
39126203,2024-08-01,http://fujisawagroup.github.io/SoDCoDweb,SoDCoD,0.99643749,,0,SoDCoD,0.99643749,1,,,,
39526372,2025-01-01,http://soir.bio2db.com,SoIR,0.994069954,Solanaceae Information Resource,0.960445833,SoIR,0.994069954,1,,,,
"23180788, 26578591",2015-11-17,http://compbio.uthsc.edu/SomamiR,SomamiR,0.985346377,,0,SomamiR,0.985346377,2,,,,
34634815,2022-01-01,http://vijglab.einsteinmed.org/SomaMutDB,SomaMutDB,0.997293532,,0,SomaMutDB,0.997293532,1,,,,
37811897,2024-01-01,http://bio-bigdata.hrbmu.edu.cn/SORC,SORC,0.997594297,patial omics resource in cancer,0.82338122,SORC,0.997594297,1,,,,
39910485,2025-02-05,http://sorfdb.computational.bio,sORFdb,0.996978283,,0,sORFdb,0.996978283,1,,,,
"26527729, 29140531, 30485709",2018-11-28,http://www.sorfs.org,sORFs.org,0.976624405,,0,sORFs.org,0.976624405,3,,,,
35015132,2022-01-11,http://www.sorghumbase.org,SorghumBase,0.997485578,,0,SorghumBase,0.997485578,1,,,,
27352859,2016-06-26,http://structuralbiology.cau.edu.cn/sorghum/index.html,SorghumFDB,0.993632734,,0,SorghumFDB,0.993632734,1,,,,
21575179,2011-05-16,http://sorgo.genouest.org/index.php,SORGOdb,0.995990634,Superoxide Reductase Gene,0.695761979,SORGOdb,0.995990634,1,,,,
"34344425, 34344425, 34344425, 34344425, 34344425, 34344425, 34344425, 34344425, 34344425, 34344425, 34344425, 34344425, 34344425, 34344425, 34344425, 34344425, 34344425, 34344425, 34344425, 34344425, 34344425, 34344425, 34344425, 34344425, 34344425, 34344425, 34344425, 34344425, 34344425, 34344425, 34344425, 34344425, 34344425, 34344425, 34344425, 34344425, 34344425, 34344425, 34344425, 34344425, 34344425, 34344425, 34344425, 34344425, 34344425, 34344425, 34344425, 34344425, 34344425, 34344425, 34344425, 34344425, 34344425, 34344425, 34344425, 34344425, 34344425, 34344425, 34344425, 34344425, 34344425, 34344425, 34344425, 34344425, 34344425, 34344425, 34344425, 34344425, 34344425, 34344425, 34344425, 34344425, 34344425, 34344425, 34344425, 34344425, 34344425, 34344425, 34344425, 34344425, 34344425, 34344425, 34344425, 34344425, 34344425, 34344425, 34344425, 34344425, 34344425, 34344425, 34344425, 34344425, 34344425, 34344425, 34344425, 34344425, 34344425, 34344425, 34344425, 34344425, 34344425, 34344425, 34344425, 34344425, 34344425, 34344425, 34344425, 34344425, 34344425, 34344425, 34344425, 34344425, 34344425, 34344425, 34344425, 34344425, 34344425, 34344425, 34344425, 34344425, 34344425, 34344425, 34344425, 34344425, 34344425, 34344425, 34344425, 34344425, 34344425, 34344425, 34344425, 34344425, 34344425, 34344425, 34344425, 34344425, 34344425, 34344425, 34344425, 34344425, 34344425, 34344425, 34344425, 34344425, 34344425, 34344425, 34344425, 34344425, 34344425, 34344425, 34344425, 34344425, 34344425, 34344425, 34344425, 34344425, 26744602",2021-08-03,http://ngdc.cncb.ac.cn/sorgsd,SorGSD,0.9974702,Sorghum Genome SNP Database,0.930164422,SorGSD,0.9974702,157,,,,
33264401,2021-01-01,http://soybase.org,SoyBase,0.984504819,,0,SoyBase,0.984504819,1,,,,
"22661982, 28499913",2012-05-30,http://proteome.dc.affrc.go.jp/Soybean,SPD,0.971009135,Soybean Proteome Database,0.979806413,Soybean Proteome Database,0.979806413,2,,,,
31337332,2019-07-24,http://pgl.gnu.ac.kr/soy_vcf2genome,Soybean-VCF2Genomes,0.917709383,,0,Soybean-VCF2Genomes,0.917709383,1,,,,
38213885,2023-06-12,http://venyao.xyz/SoybeanGDB,SoybeanGDB,0.997602046,,0,SoybeanGDB,0.997602046,1,,,,
37735613,2023-09-21,http://soydbean.plantprofile.net,SoyDBean,0.97441268,,0,SoyDBean,0.97441268,1,,,,
24618044,2014-03-10,http://nclab.hit.edu.cn/SoyFN,SoyFN,0.997227907,,0,SoyFN,0.997227907,1,,,,
"24136998, 27987168",2017-01-01,http://soykb.org,SoyKB,0.996702418,Soybean Knowledge Base,0.942847088,SoyKB,0.996702418,2,,,,
37811889,2024-01-01,http://yanglab.hzau.edu.cn/SoyMD,SoyMD,0.98381412,,0,SoyMD,0.98381412,1,,,,
39535874,2025-01-01,http://bis.zju.edu.cn/soyod,SoyOD,0.987567186,Soybean Omics Database,0.724913919,SoyOD,0.987567186,1,,,,
23423175,2013-02-06,http://bioinformatics.towson.edu/Soybean_Seed_Proteins_2D_Gel_DB/Home.aspx,SoyProDB,0.943566799,soybean protein database,0.737450778,SoyProDB,0.943566799,1,,,,
33231322,2020-12-14,http://artemis.cyverse.org/soykb_dev/SoyTD,SoyTD,0.986389339,Soybean transporter database,0.780514371,SoyTD,0.986389339,1,,,,
37399251,2023-09-01,http://biotec.njau.edu.cn/soytipdb,SoyTIPdb,0.997909665,Soybean Transposon Insertion Polymorphisms Database,0.809414159,SoyTIPdb,0.997909665,1,,,,
"37833498, 37528331, 36406421",2023-10-13,http://bidd.group/spacelid,SpaceLID,0.988763779,Space Life Investigation Database,0.949578717,SpaceLID,0.988763779,3,,,,
36894999,2023-03-09,http://csvs.clinbioinfosspa.es/spacnacs,SPACNACS,0.996763706,SPAnish Copy Number Alterations Collaborative Server,0.867113304,SPACNACS,0.996763706,1,,,,
38965703,2024-07-01,http://spadahc.ciberisciii.es,SpadaHC,0.99747628,,0,SpadaHC,0.99747628,1,,,,
29733404,2018-07-01,http://www.lisanwanglab.org/SPAR,SPAR,0.965488374,Small RNA-seq Portal for Analysis of sequencing,0.857351972,SPAR,0.965488374,1,,,,
36243975,2023-01-01,http://ccsm.uth.edu/SPASCER,SPASCER,0.996733069,,0,SPASCER,0.996733069,1,,,,
39546631,2025-01-01,http://bio-bigdata.hrbmu.edu.cn/SPathDB,SPathDB,0.997518837,,0,SPathDB,0.997518837,1,,,,
31713629,2020-01-01,http://www.spatialomics.org/SpatialDB,SpatialDB,0.995859206,,0,SpatialDB,0.995859206,1,,,,
39417483,2025-01-01,http://bio.liclab.net/spatialref,SpatialRef,0.997635067,,0,SpatialRef,0.997635067,1,,,,
38315776,2024-04-01,http://www.spatialtme.yelab.site,SpatialTME,0.993097425,,0,SpatialTME,0.993097425,1,,,,
26005672,2015-05-08,http://alpha.dmi.unict.it/spectra,SPECTRA,0.996715844,,0,SPECTRA,0.996715844,1,,,,
22821489,2012-07-01,"http://www.spectrabank.org, http://bioinfo.thep.lu.se/speclust.html",SpectraBank,0.972535014,,0,SpectraBank,0.972535014,1,,,,
36305818,2023-01-01,"http://8.142.154.29, http://speedatlas.net",SPEED,0.992461562,,0,SPEED,0.992461562,1,,,,
34570216,2022-01-01,http://spencer.renlab.org,SPENCER,0.984088242,,0,SPENCER,0.984088242,1,,,,
23193286,2012-11-28,http://mcg.ustc.edu.cn/sdap1/spermgenes,SpermatogenesisOnline,0.914023519,,0,SpermatogenesisOnline,0.914023519,1,,,,
38233783,2024-01-17,http://bio-add.org/SperMD,SperMD,0.996752203,Sperm Maturation Database,0.973420691,SperMD,0.996752203,1,,,,
25269378,2014-09-28,http://pranag.physics.iisc.ernet.in/SPGDB,SPGDB,0.997126877,Streptococcus pneumoniae Genome Database,0.974226971,SPGDB,0.997126877,1,,,,
34747477,2022-01-01,http://spica.unil.ch,SPICA,0.976895928,for,0.617631137,SPICA,0.976895928,1,,,,
31211398,2019-01-01,http://spinachbase.org,SpinachBase,0.997433722,,0,SpinachBase,0.997433722,1,,,,
27148975,2016-05-05,http://222.73.98.124/spinachdb,SpinachDB,0.997738004,,0,SpinachDB,0.997738004,1,,,,
22397686,2012-03-08,http://pathod.cdc.go.kr/spiroestdb,SpiroESTdb,0.997175336,,0,SpiroESTdb,0.997175336,1,,,,
26220682,2015-07-29,http://spirpro.sbi.kmutt.ac.th,SpirPro,0.993724525,,0,SpirPro,0.993724525,1,,,,
23118479,2012-10-30,http://www.caspur.it/SpliceAidF,SpliceAid-F,0.996136576,,0,SpliceAid-F,0.996136576,1,,,,
22139928,2011-12-01,http://cmbi.bjmu.edu.cn/sdisease,SpliceDisease,0.996948481,,0,SpliceDisease,0.996948481,1,,,,
23118483,2012-10-30,http://spliceosomedb.ucsc.edu,,0,Spliceosome,0.603129983,Spliceosome,0.603129983,1,,,,
24273012,2014-02-01,http://lbbc.inca.gov.br/spliceprot,SpliceProt,0.991778851,,0,SpliceProt,0.991778851,1,,,,
39226898,2024-09-02,http://splicevardb.org,SpliceVarDB,0.996931612,,0,SpliceVarDB,0.996931612,1,,,,
38128543,2023-12-01,http://splicinglore.ens-lyon.fr,SplicingLore,0.994114161,,0,SplicingLore,0.994114161,1,,,,
25405079,2014-11-13,http://www.bioinformatics-brazil.org/splooce,Splooce,0.992536426,,0,Splooce,0.992536426,1,,,,
31672983,2019-10-31,http://www.signalingpathways.org,SPP,0.947210044,The Signaling Pathways Project,0.80841283,SPP,0.947210044,1,,,,
22701460,2012-06-11,http://www.seed-proteome.com,SPWP,0.99272126,Seed Proteome Web Portal,0.962555528,SPWP,0.99272126,1,,,,
34850094,2022-01-01,http://www.ncbi.nlm.nih.gov/sra,SRA,0.989669263,Sequence Read Archive,0.885313829,SRA,0.989669263,1,,,,
25805861,2015-03-24,http://srd.genouest.org,SRD,0.972883582,Staphylococcal Regulatory RNA Database,0.963276863,SRD,0.972883582,1,,,,
30306862,2018-01-01,http://science.cmb.ac.lk/tools/slflora,Sri Lankan Flora,0.628779441,,0,Sri Lankan Flora,0.628779441,1,,,,
26503244,2015-10-25,http://ccb1.bmi.ac.cn/srnatarbase,sRNATarBase,0.988428116,,0,sRNATarBase,0.988428116,1,,,,
36944655,2023-03-21,http://srp.pnnl.gov,SRP,0.748007456,,0,SRP,0.748007456,1,,,,
22493538,2012-03-31,http://www.molgenv.com/ssa_mirnas_db_home.php,Ssa miRNAs DB,0.706260227,miRNAs,0.592867792,Ssa miRNAs DB,0.706260227,1,,,,
39788962,2025-01-09,http://sscvdb.io,SSCV,0.900699377,,0,SSCV,0.900699377,1,,,,
28420402,2017-04-19,http://cefg.uestc.edu.cn/sser,SSER,0.930679306,Species specific essential reactions database,0.902112281,SSER,0.930679306,1,,,,
21292827,2011-02-03,http://www.ssfa-gphr.de,SSFA-GPHR,0.962571482,Structure-Function-Analysis of Glycoprotein Hormone Receptors,0.797694047,SSFA-GPHR,0.962571482,1,,,,
22759918,2012-07-03,http://sskb.umn.edu,SSKB,0.872170428,ren's Syndrome Knowledge Base,0.860038102,SSKB,0.872170428,1,,,,
38844475,2024-06-06,http://bmblx.bmi.osumc.edu/ssread,ssREAD,0.9913131,for,0.731678009,ssREAD,0.9913131,1,,,,
27402679,2016-07-09,http://fantom.gsc.riken.jp/5/sstar,SSTAR,0.966379583,Functional Annotation of the Mammalian Genome project,0.852594042,SSTAR,0.966379583,1,,,,
32976581,2021-01-01,http://stab.comp-sysbio.org,STAB,0.990528941,Spatio-Temporal cell Atlas of the human Brain,0.935739333,STAB,0.990528941,1,,,,
37904591,2024-01-01,http://mai.fudan.edu.cn/stab2,STAB2,0.994549692,,0,STAB2,0.994549692,1,,,,
30602089,2018-12-28,http://stadium.pmrc.re.kr,STADIUM,0.983587086,Specific tRNA Adaptive Index Compendium,0.638744718,STADIUM,0.983587086,1,,,,
32719467,2020-07-27,http://coralsnp.science.psu.edu/galaxy,STAGdb,0.743933082,,0,STAGdb,0.743933082,1,,,,
35199146,2022-04-01,http://stamp.switchlab.org,StAmP-DB,0.994801748,,0,StAmP-DB,0.994801748,1,,,,
24578355,2014-02-26,http://staphylococcus.um.edu.my,StaphyloBase,0.997347653,,0,StaphyloBase,0.997347653,1,,,,
30994884,2019-11-01,http://mobiosd-hub.com/starpep,starPepDB,0.923639512,,0,starPepDB,0.923639512,1,,,,
26582925,2015-11-17,http://start2fold.eu,Start2Fold,0.996267363,,0,Start2Fold,0.996267363,1,,,,
25157689,2014-08-26,http://statdb.bic.nus.edu.sg,STATdb,0.997418284,,0,STATdb,0.997418284,1,,,,
40315246,2025-05-01,http://bis.zju.edu.cn/STCDB,STCDB,0.997263134,,0,STCDB,0.997263134,1,,,,
38622429,2024-04-15,http://stcoexpnet.julius-kuehn.de,StCoExpNet,0.886165996,,0,StCoExpNet,0.886165996,1,,,,
29087479,2018-01-01,http://opig.stats.ox.ac.uk/webapps/stcrdab,STCRDab,0.99811368,Structural T-cell Receptor Database,0.990144104,STCRDab,0.99811368,1,,,,
22121217,2011-11-24,http://discovery.hsci.harvard.edu,SCDE,0.878304124,Stem Cell Discovery Engine,0.896048009,Stem Cell Discovery Engine,0.896048009,1,,,,
27643925,2016-10-07,http://www.cbligand.org/StemCellCKB,StemCellCKB,0.995615423,,0,StemCellCKB,0.995615423,1,,,,
37953308,2024-01-01,http://biomedbdc.wchscu.cn/StemDriver,StemDriver,0.997403562,,0,StemDriver,0.997403562,1,,,,
29045725,2018-01-01,http://stemmapper.sysbiolab.eu,StemMapper,0.99310112,,0,StemMapper,0.99310112,1,,,,
23314754,2013-01-10,http://caps.ncbs.res.in/stifdb2,STIFDB2,0.995890498,,0,STIFDB2,0.995890498,1,,,,
29218589,2018-12-01,http://stimul.cognitivestudies.ru,StimulStat,0.99712956,,0,StimulStat,0.99712956,1,,,,
"22075997, 24293645, 26590256",2015-11-20,http://stitch.embl.de,STITCH,0.979809999,Tool for Interacting Chemicals,0.714140986,STITCH,0.979809999,3,,,,
37953328,2024-01-01,http://db.cngb.org/stomics,STOmicsDB,0.996185005,Spatial TranscriptOmics DataBase,0.833399139,STOmicsDB,0.996185005,1,,,,
"38309384, 32934277",2024-02-02,http://www.stonemod.org,StoneMod,0.996549025,kidney stone modulator database,0.977263463,StoneMod,0.996549025,2,,,,
39395187,2024-10-01,http://lbgi.fr/stopkb,StopKB,0.998215437,,0,StopKB,0.998215437,1,,,,
40996712,2025-01-01,http://straininfo.dsmz.de,StrainInfo,0.993214726,,0,StrainInfo,0.993214726,1,,,,
36814618,2023-02-04,http://strainselect.secondgenome.com,StrainSelect,0.982145548,,0,StrainSelect,0.982145548,1,,,,
23284744,2012-12-17,http://strap.nci.nih.gov,StRAP,0.99467355,Stress Response Array Profiler,0.947469604,StRAP,0.99467355,1,,,,
40140942,2025-03-26,http://strchive.org,STRchive,0.996320248,,0,STRchive,0.996320248,1,,,,
27138013,2016-05-03,http://streptococcus.um.edu.my,StreptoBase,0.997655153,,0,StreptoBase,0.997655153,1,,,,
"39498494, 33051671, 26615197, 23193280",2025-01-01,http://www.pharmbioinf.uni-freiburg.de/streptomedb,StreptomeDB,0.996224344,,0,StreptomeDB,0.996224344,4,,,,
28974472,2017-09-30,http://csgenomics.ahau.edu.cn/Stress2TF,Stress2TF,0.992926578,,0,Stress2TF,0.992926578,1,,,,
38602506,2024-04-01,http://stridedb.igib.res.in,STRIDE-DB,0.992867246,,0,STRIDE-DB,0.992867246,1,,,,
"39558183, 36370105, 23203871, 25352553, 27924014, 30476243, 33237311",2025-01-01,http://string-db.org,STRING,0.995607018,,0,STRING,0.995607018,7,,,,
28888135,2017-09-01,"http://www.ncbi.nlm.nih.gov/bioproject/380127, http://strider.online",STRSeq,0.99774313,Sequencing Project,0.543064018,STRSeq,0.99774313,1,,,,
41439023,2025-12-02,http://www.rnamd.org/StructRMDB/index.html,StructRMDB,0.997463644,,0,StructRMDB,0.997463644,1,,,,
27188311,2016-05-17,http://tesla.pcbi.upenn.edu/strucuturesurfer,Structure Surfer,0.915590485,,0,Structure Surfer,0.915590485,1,,,,
39470702,2025-01-01,http://bio-bigdata.hrbmu.edu.cn/stSNV/index.jsp,stSNV,0.996121168,,0,stSNV,0.996121168,1,,,,
"27779618, 27779621",2016-10-25,http://studyforrest.org,studyforrest,0.994259179,,0,studyforrest,0.994259179,2,,,,
"23180787, 25161662",2014-08-12,http://suba.plantenergy.uwa.edu.au,SUBA3,0.984873056,subcellular location database for Arabidopsis proteins,0.961620086,SUBA3,0.984873056,2,,,,
27899614,2016-11-28,http://suba.live,SUBA4,0.997400373,SUBcellular location database for Arabidopsis proteins,0.988059592,SUBA4,0.997400373,1,,,,
39373488,2025-01-01,http://idrblab.org/subcell,SubCELL,0.981325626,,0,SubCELL,0.981325626,1,,,,
35113396,2021-01-01,"http://suba.live/, http://crop-pal.org",,0,Subcellular Location of Proteins in Arabidopsis,0.81757238,Subcellular Location of Proteins in Arabidopsis,0.81757238,1,,,,
40011321,2025-02-26,http://subtlexar.uaeu.ac.ae,SUBTLEX-AR,0.994041661,,0,SUBTLEX-AR,0.994041661,1,,,,
38707541,2024-04-12,http://sudarna.website,SUDAZFLNC,0.99089843,,0,SUDAZFLNC,0.99089843,1,,,,
26578555,2015-11-17,http://sugarbind.expasy.org,SugarBindDB,0.997786748,,0,SugarBindDB,0.997786748,1,,,,
"36318251, 27749924",2023-01-01,http://sulfatlas.sb-roscoff.fr,SulfAtlas,0.992132127,sulfatase database,0.750914559,SulfAtlas,0.992132127,2,,,,
35222846,2022-01-31,http://supepmem.com,SuPepMem,0.996227562,,0,SuPepMem,0.996227562,1,,,,
25300487,2014-10-09,http://bioinformatics.charite.de/supernatural,Super Natural II,0.813094119,,0,Super Natural II,0.813094119,1,,,,
26578594,2015-11-17,http://sea.edbc.org,SEA,0.812459141,Super-Enhancer Archive,0.932689333,Super-Enhancer Archive,0.932689333,1,,,,
30094004,2017-06-28,http://www.krill.le.ac.uk,SuperbaSE,0.992503345,,0,SuperbaSE,0.992503345,1,,,,
29140469,2018-01-01,http://cheminfo.charite.de/superdrug2,SuperDRUG2,0.978730261,,0,SuperDRUG2,0.978730261,1,,,,
"25414345, 30445555",2019-01-01,http://supfam.org,SUPERFAMILY,0.993269384,,0,SUPERFAMILY,0.993269384,2,,,,
25404137,2014-11-17,http://superfly.crg.eu,SuperFly,0.996205926,,0,SuperFly,0.996205926,1,,,,
24271391,2013-11-22,http://bioinformatics.charite.de/superpain,SuperPain,0.974839449,,0,SuperPain,0.974839449,1,,,,
34656056,2021-10-15,http://tcm.charite.de/supertcm,SuperTCM,0.990243733,,0,SuperTCM,0.990243733,1,,,,
26582922,2015-11-17,http://www.surechembl.org,SureChEMBL,0.998425841,,0,SureChEMBL,0.998425841,1,,,,
26249811,2015-08-06,http://www.ebi.ac.uk/thornton-srv/databases/SurvCurv,SurvCurv,0.998165548,,0,SurvCurv,0.998165548,1,,,,
24066126,2013-09-16,http://bioinformatica.mty.itesm.mx/SurvExpress,SurvExpress,0.972360611,,0,SurvExpress,0.972360611,1,,,,
39526399,2025-01-01,http://bio-computing.hrbmu.edu.cn/SV4GD,SV4GD,0.988175511,Structural Variation for Genetic Diseases,0.980160505,SV4GD,0.988175511,1,,,,
32813752,2020-08-19,http://svad.mbc.nctu.edu.tw,SVAD,0.986849755,SCD-associated Variants Annotation Database,0.878880084,SVAD,0.986849755,1,,,,
24223973,2013-11-01,http://simtk.org/home/sweetlead,SWEETLEAD,0.981075227,,0,SWEETLEAD,0.981075227,1,,,,
28832569,2017-08-23,http://swefreq.nbis.se,SweGen,0.992595315,,0,SweGen,0.992595315,1,,,,
28961249,2017-09-29,http://scbt.sastra.edu/swisnfdb/index.php,SWI/SNF Infobase,0.784500964,,0,SWI/SNF Infobase,0.784500964,1,,,,
23161688,2012-11-17,http://www.swissbioisostere.ch,SwissBioisostere,0.985951066,,0,SwissBioisostere,0.985951066,1,,,,
35411389,2022-04-01,"http://www.uniprot.org/locations/, http://www.ncbi.nlm.nih.gov/taxonomy",SwissBioPics,0.992233276,,0,SwissBioPics,0.992233276,1,,,,
25943471,2015-05-05,http://www.swisslipids.org,SwissLipids,0.992622912,,0,SwissLipids,0.992622912,1,,,,
26339475,2015-07-16,http://swisspalm.epfl.ch,SwissPalm,0.997897446,Protein Palmitoylation database,0.7939366,SwissPalm,0.997897446,1,,,,
23180783,2012-11-24,http://swissregulon.unibas.ch,SwissRegulon,0.99072659,,0,SwissRegulon,0.99072659,1,,,,
23104376,2012-10-26,http://www.swisssidechain.ch,SwissSidechain,0.996189356,,0,SwissSidechain,0.996189356,1,,,,
33459764,2021-01-18,http://switches.ncbs.res.in,SWITCHES,0.99647893,for topologies of,0.699981242,SWITCHES,0.99647893,1,,,,
23550212,2013-04-02,http://switches.elm.eu.org,switches.ELM,0.973136947,,0,switches.ELM,0.973136947,1,,,,
21423723,2011-01-22,http://www.swmd.co.in,SWMD,0.968675633,Seaweed metabolite database,0.964039514,SWMD,0.968675633,1,,,,
23497177,2013-03-13,http://www.SymbioGBR.org,SymbioGBR,0.994127393,,0,SymbioGBR,0.994127393,1,,,,
"32055857, 26607947",2020-01-01,http://symbiogenomesdb.uv.es,SymGenDB,0.998103142,Symbiotic Genomes Database,0.95245223,SymGenDB,0.998103142,2,,,,
30380087,2019-01-01,"http://www.symmap.org/, http://www.bioinfo.org/symmap",SymMap,0.99069941,,0,SymMap,0.99069941,1,,,,
29316788,2018-01-30,http://synbiohub.org,SynBioHub,0.997284293,,0,SynBioHub,0.997284293,1,,,,
25627341,2015-01-28,http://bioinformatics.ac.cn/synbiolgdb,SynBioLGDB,0.994347095,,0,SynBioLGDB,0.994347095,1,,,,
35568950,2022-05-14,http://design.rxnfinder.org/biosynstrain,SynBioStrainFinder,0.993154347,,0,SynBioStrainFinder,0.993154347,1,,,,
39413165,2025-01-01,http://idrblab.org/synbip,SYNBIP,0.99620223,,0,SYNBIP,0.99620223,1,,,,
32442307,2020-07-01,http://SYNERGxDB.ca,SYNERGxDB,0.997662961,,0,SYNERGxDB,0.997662961,1,,,,
"31171447, 31171447, 31171447, 31171447",2019-06-03,"http://syngoportal.org, http://geneontology.org",SynGO,0.996233463,,0,SynGO,0.996233463,4,,,,
"35562840, 26516187",2022-05-01,http://synlethdb.sist.shanghaitech.edu.cn/v2,SynLethDB,0.998530388,Regularly,0.577645183,SynLethDB,0.998530388,2,,,,
31728519,2020-01-01,http://syntdb.amu.edu.pl,SyntDB,0.997279763,,0,SyntDB,0.997279763,1,,,,
34515387,2021-09-20,http://synwiki.uni-goettingen.de,SynWiki,0.996189475,,0,SynWiki,0.996189475,1,,,,
38022524,2023-11-01,http://syscid.elixir-luxembourg.org,SYSCID,0.977180064,,0,SYSCID,0.977180064,1,,,,
34663591,2021-11-01,http://sepsis.gxbsidra.org/dm3/geneBrowser/list,SysInflam HuDB,0.983198355,,0,SysInflam HuDB,0.983198355,1,,,,
24705204,2014-04-03,http://lifecenter.sgst.cn/SysPTM,SysPTM,0.994190574,,0,SysPTM,0.994190574,1,,,,
22807998,2012-07-13,http://lifecenter.sgst.cn/SyStemCell,SyStemCell,0.995095372,,0,SyStemCell,0.995095372,1,,,,
27451428,2017-03-01,http://www.szdb.org,SZDB,0.994548321,,0,SZDB,0.994548321,1,,,,
27733502,2016-10-12,http://bioinfo.uth.edu/SZGR,SZGR,0.997519851,,0,SZGR,0.997519851,1,,,,
34679164,2021-10-01,http://www.bioinsilico.org/T-ARDIS,T-ARDIS,0.996051848,Target-Adverse Reaction Database Integrated Search,0.962873194,T-ARDIS,0.996051848,1,,,,
34396391,2022-01-01,http://t-cov.hse.ru,T-CoV,0.997746384,T-cell COVID-19 Atlas,0.767939195,T-CoV,0.997746384,1,,,,
23406793,2013-02-12,http://bws.iis.sinica.edu.tw/THOD,T-HOD,0.995550072,Text-mined Hypertension,0.958812918,T-HOD,0.995550072,1,,,,
31624839,2020-01-01,http://tpsic.igcz.poznan.pl,T-psi-C,0.996630514,,0,T-psi-C,0.996630514,1,,,,
28807036,2017-08-15,http://ttime.mlatlab.org,T-Time,0.980422139,,0,T-Time,0.980422139,1,,,,
34531327,2021-09-16,http://d-lab.arna.cnrs.fr/t1tadb,T1TAdb,0.98944664,,0,T1TAdb,0.98944664,1,,,,
23846596,2013-07-11,http://tcm.zju.edu.cn/t2d,T2D@ZJU,0.931308525,,0,T2D@ZJU,0.931308525,1,,,,
38556919,2024-03-31,http://ta2viewer.openanatomy.org,TA2Viewer,0.992769867,,0,TA2Viewer,0.992769867,1,,,,
36254161,2022-10-13,http://taca.lerner.ccf.org,TACA,0.990255117,The Alzheimer's Cell Atlas,0.84118911,TACA,0.990255117,1,,,,
30846808,2019-03-07,http://tacco.life.nctu.edu.tw,TACCO,0.997243583,Transcriptome Alterations in CanCer Omnibus,0.932588655,TACCO,0.997243583,1,,,,
37897352,2024-01-01,http://bioinfo-mml.sjtu.edu.cn/TADB3,TADB,0.987214088,,0,TADB,0.987214088,1,,,,
29106666,2018-01-01,http://bioinfo-mml.sjtu.edu.cn/TADB2,TADB2.0,0.957761908,,0,TADB2.0,0.957761908,1,,,,
30871473,2019-03-14,http://dna.cs.miami.edu/TADKB,TADKB,0.996571302,,0,TADKB,0.996571302,1,,,,
"36200836, 22140109, 29220077",2022-10-01,http://arabidopsis.org,TAIR,0.991281509,Arabidopsis Information Resource,0.796741247,TAIR,0.991281509,3,,,,
36031487,2022-08-26,http://cs2search.cmdm.tw,TCSD,0.986133397,Taiwan Controlled Substances Database,0.98918581,Taiwan Controlled Substances Database,0.98918581,1,,,,
21383924,2011-01-22,http://antibiotics.toku-e.com,TAMI,0.986702323,The Antimicrobial Index,0.871445251,TAMI,0.986702323,1,,,,
26208906,2015-07-24,http://bioinformatics.mdanderson.org/main/TANRIC:Overview,TANRIC,0.997347057,he Atlas of Noncoding RNAs in Cancer,0.930311513,TANRIC,0.997347057,1,,,,
"33849445, 28280852",2021-04-14,http://projects.met-hilab.org/tadb,TANTIGEN,0.998069942,adb,0.65444386,TANTIGEN,0.998069942,2,,,,
33985427,2021-05-13,http://www.biosequencing.cn/TarDB,TarDB,0.990120292,,0,TarDB,0.990120292,1,,,,
29106651,2018-01-01,http://target.sbg.qb.fcen.uba.ar/patho,Target-Pathogen,0.984828025,,0,Target-Pathogen,0.984828025,1,,,,
37870478,2024-01-01,http://ngdc.cncb.ac.cn/targetgene,TargetGene,0.996902883,,0,TargetGene,0.996902883,1,,,,
24013925,2013-09-06,http://app1.bioinformatics.mdanderson.org/tarhub/_design/basic/index.html,targetHub,0.947265625,,0,targetHub,0.947265625,1,,,,
"26989145, 21408081",2016-03-17,http://targetmine.mizuguchilab.org,TargetMine,0.979291916,,0,TargetMine,0.979291916,2,,,,
40840587,2025-08-19,http://www.targetpair.aiddlab.com,TargetPair,0.994581997,,0,TargetPair,0.994581997,1,,,,
41072145,2025-10-09,http://www.targetrx-atlas.cn,TargetRX,0.951134205,,0,TargetRX,0.951134205,1,,,,
27337171,2016-06-23,http://www.herbbol.org:8001/tarnet,TarNet,0.9843418,,0,TarNet,0.9843418,1,,,,
37427797,2023-10-30,http://tarpid.nitrkl.ac.in/tarpid_db,TarpiD,0.997893214,Targets of piRNA Database,0.954740986,TarpiD,0.997893214,1,,,,
24371150,2013-12-25,http://bioinfo.jit.edu.cn/tasiRNADatabase,tasiRNAdb,0.994892418,,0,tasiRNAdb,0.994892418,1,,,,
29234333,2017-11-28,http://webtom.cabgrid.res.in/wheatssr,TaSSRDb,0.996534109,Triticum,0.721190155,TaSSRDb,0.996534109,1,,,,
36350638,2023-01-01,http://grigoriev-lab.camden.rutgers.edu/tatdb,tatDB,0.995938003,targets of tRFs DataBase,0.912015587,tatDB,0.995938003,1,,,,
32027495,2020-03-10,http://cactus.nci.nih.gov/download/tautomer,,0,tautomeric,0.663365901,tautomeric,0.663365901,1,,,,
26131021,2015-06-28,http://bioinfo.au-kbc.org.in/taxane/Taxkb,TaxKB,0.994036555,Taxane knowledge base,0.832966849,TaxKB,0.994036555,1,,,,
31120982,2019-05-23,http://depot.tbportals.niaid.nih.gov,TB DEPOT,0.832982928,,0,TB DEPOT,0.832982928,1,,,,
27387194,2017-09-01,http://camellia.ahau.edu.cn/TBC2health,TBC2health,0.996583238,,0,TBC2health,0.996583238,1,,,,
29520288,2018-02-22,http://camellia.ahau.edu.cn/TBC2target,TBC2target,0.991942734,,0,TBC2target,0.991942734,1,,,,
32882008,2021-01-01,http://tbdb.io,TBDB,0.995206952,T-box Riboswitch Annotation Database,0.944775608,TBDB,0.995206952,1,,,,
29297316,2017-12-28,http://icg.nsc.ru/TBEVHostDB,TBEVhostDB,0.947500706,,0,TBEVhostDB,0.947500706,1,,,,
35670735,2022-08-01,http://www.tbgr.org.cn,TBGR,0.991467615,The Brassicaceae Genome Resource,0.983899653,TBGR,0.991467615,1,,,,
31838261,2019-12-12,http://TBPortals.niaid.nih.gov,TBPP,0.786532521,,0,TBPP,0.786532521,1,,,,
24408216,2014-01-09,http://genome.igib.res.in/tbvar,tbvar,0.995915771,,0,tbvar,0.995915771,1,,,,
30053266,2018-01-01,http://tc3a.org,TC3A,0.990756714,UTR Atlas,0.958735685,TC3A,0.990756714,1,,,,
27168721,2016-05-03,http://tccr.unmc.edu,TCCR,0.975648627,Thyroid Cancer and Tumor Collaborative Registry,0.948505716,TCCR,0.975648627,1,,,,
31015229,2019-04-23,http://tcea.tmu.edu.tw,TCEA,0.980338752,The Cancer Editome Atlas,0.965569031,TCEA,0.980338752,1,,,,
40036846,2025-02-01,http://guolab.wchscu.cn/TcEVdb,TcEVdb,0.99835062,,0,TcEVdb,0.99835062,1,,,,
39577557,2024-12-04,http://cbcb.cdutcm.edu.cn/TCM-ADIP,TCM-ADIP,0.994661498,,0,TCM-ADIP,0.994661498,1,,,,
34273956,2021-07-17,http://viroblast.pungentdb.org.cn/TCM-Blast/viroblast.php,TCM-Blast,0.966936181,traditional Chinese Medicine Basic,0.723005056,TCM-Blast,0.966936181,1,,,,
28588237,2017-06-06,http://mesh.tcm.microbioinformatics.org,TCM-Mesh,0.989953801,,0,TCM-Mesh,0.989953801,1,,,,
40626310,2025-06-20,http://cellknowledge.com.cn/tcmap,TCMAP,0.992057443,,0,TCMAP,0.992057443,1,,,,
37829020,2023-08-08,http://tcmbank.cn,TCMBank,0.993531764,,0,TCMBank,0.993531764,1,,,,
"23203875, 29106634",2018-01-01,http://www.megabionet.org/tcmid,TCMID,0.992202723,Traditional Chinese Medicine Integrated Database,0.9660478,TCMID,0.992202723,2,,,,
32351388,2020-04-15,http://tcmio.xielab.net,TCMIO,0.994452953,,0,TCMIO,0.994452953,1,,,,
40635974,2025-04-10,http://cbcb.cdutcm.edu.cn/TCMKD,TCMKD,0.997290432,TCM knowledge discovery,0.696811914,TCMKD,0.997290432,1,,,,
38680873,2024-04-15,http://www.tcmm.net.cn,TCMM,0.9817698,traditional Chinese medicine modernization,0.83396095,TCMM,0.9817698,1,,,,
35591924,2022-03-08,http://cbcb.cdutcm.edu.cn/TCMPG,TCMPG,0.994215667,Traditional Chinese Medicine Plant Genome database,0.986857619,TCMPG,0.994215667,1,,,,
36587232,2022-12-31,http://tcm.scbdd.com,TCMSID,0.990157604,Traditional Chinese Medicine Simplified Integrated Database,0.918575585,TCMSID,0.990157604,1,,,,
24735618,2014-04-16,http://sm.nwsuaf.edu.cn/lsp/tcmsp.php,TCMSP,0.992832065,traditional Chinese medicine systems pharmacology database,0.870840984,TCMSP,0.992832065,1,,,,
38471316,2024-02-27,http://tcmssd.ratcm.cn,TCMSSD,0.996276307,Traditional Chinese Medical Syndrome Standardization Database,0.959662957,TCMSSD,0.996276307,1,,,,
37843152,2024-01-01,http://ngdc.cncb.ac.cn/tcod,TCOD,0.994676848,Tropical Crop Omics Database,0.977519562,TCOD,0.994676848,1,,,,
27789689,2016-10-26,http://tcofdb.org,TcoF-DB,0.943981087,,0,TcoF-DB,0.943981087,1,,,,
34718747,2022-01-01,http://tcof.liclab.net/TcoFbase,TcoFBase,0.99745667,,0,TcoFBase,0.99745667,1,,,,
29092939,2017-11-01,http://tcpaportal.org,TCPA,0.990851581,The Cancer Proteome Atlas,0.966235052,TCPA,0.990851581,1,,,,
"39329260, 31240309",2025-01-01,http://tcr3d.ibbr.umd.edu,TCR3d,0.996341427,T cell receptor structural repertoire database,0.668063611,TCR3d,0.996341427,2,,,,
32990749,2021-01-01,http://bioinfo.life.hust.edu.cn/TCRdb,TCRdb,0.997715533,,0,TCRdb,0.997715533,1,,,,
"22116064, 31680154",2020-01-01,http://tdrtargets.org,TDR Targets,0.930215985,,0,TDR Targets,0.930215985,2,,,,
34154643,2021-06-21,http://tehub.org,TE Hub,0.932434916,,0,TE Hub,0.932434916,1,,,,
37956335,2024-01-01,http://xozhanglab.com/TETSS,TE-TSS,0.993216857,,0,TE-TSS,0.993216857,1,,,,
32248093,2021-09-02,http://daooshee.github.io/TE141K,TE141K1,0.987350821,Text Benchmark for,0.68329291,TE141K1,0.987350821,1,,,,
25224438,2014-09-16,http://pcsb.ahau.edu.cn:8080/TCDB/index.jsp,TMDB,0.973765627,Tea Metabolome database,0.978793991,Tea Metabolome database,0.978793991,1,,,,
34154536,2021-06-21,http://www.teaas.cn/index.php,TeaAS,0.994054417,plants,0.769802034,TeaAS,0.994054417,1,,,,
32620074,2020-07-03,http://teacon.wchoda.com,TeaCoN,0.997057378,,0,TeaCoN,0.997057378,1,,,,
32159215,2020-01-01,http://indianteagenome.in:8080/teamid,TeaMiD,0.993912682,,0,TeaMiD,0.993912682,1,,,,
36324064,2022-11-03,"http://47.106.184.91:8025/, http://liushang.top:8025",TeaPVs,0.988950193,,0,TeaPVs,0.988950193,1,,,,
"41324881, 36350663",2025-11-26,http://tedd.obg.cuhk.edu.hk,TEDD,0.995027542,Temporal Expression during Development Database,0.931889944,TEDD,0.995027542,2,,,,
34000890,2021-05-18,http://telemedicine.cimt.dk,TELEMED,0.973653436,telemedicine TELEMED,0.615303091,TELEMED,0.973653436,1,,,,
29776332,2018-05-18,http://www.cancertelsys.org/telnet,TelNet,0.987919092,,0,TelNet,0.987919092,1,,,,
37602392,2024-01-01,http://cfb.ceitec.muni.cz/telobase,TeloBase,0.989272892,,0,TeloBase,0.989272892,1,,,,
25792605,2015-03-18,http://songyanglab.sysu.edu.cn/telopin,TeloPIN,0.992713809,Telomeric Proteins Interaction Network,0.977430391,TeloPIN,0.992713809,1,,,,
37646936,2023-01-01,http://bioinformatics.um6p.ma/TEMM,TEMM,0.986207843,,0,TEMM,0.986207843,1,,,,
32727974,2020-01-01,http://togodb.org/db/tempura,TEMPURA,0.997982502,growth TEMPeratures of Usual and RAre prokaryotes,0.942272703,TEMPURA,0.997982502,1,,,,
26578693,2015-11-16,http://tenor.dna.affrc.go.jp,TENOR,0.997442484,Transcriptome ENcyclopedia Of Rice,0.994375892,TENOR,0.997442484,1,,,,
33311384,2020-10-29,http://www.tenuipalpidae.ibilce.unesp.br,Tenuipalpidae,0.925811052,,0,Tenuipalpidae,0.925811052,1,,,,
30052772,2019-02-01,http://tse.idies.jhu.edu,Terabase,0.869710565,,0,Terabase,0.869710565,1,,,,
41536788,2025-12-01,http://www.sysbio.ru/ThermoReg_Human,Termo_Reg_Human,0.842841854,,0,Termo_Reg_Human,0.842841854,1,,,,
41909737,2025-12-28,http://terokit.qmclab.com/teroact,TeroACT,0.997112095,,0,TeroACT,0.997112095,1,,,,
32286817,2020-04-20,http://terokit.qmclab.com,TeroKit,0.997192562,,0,TeroKit,0.997192562,1,,,,
31728526,2020-01-01,http://webapp.ufz.de/tmdb,TerrestrialMetagenomeDB,0.959326208,,0,TerrestrialMetagenomeDB,0.959326208,1,,,,
23482072,2013-03-12,http://tfgd.ihb.ac.cn,TetraFGD,0.996410549,Tetrahymena functional genomics database,0.951898682,TetraFGD,0.996410549,1,,,,
30810209,2019-01-01,http://ciliate.ihb.ac.cn,TCGD,0.902827978,Tetrahymena Comparative Genomics Database,0.969320416,Tetrahymena Comparative Genomics Database,0.969320416,1,,,,
34534667,2021-09-15,http://cb.imsc.res.in/texas,TExAs,0.994255507,Human Tissue-specific Exposome Atlas,0.91863317,TExAs,0.994255507,1,,,,
34986601,2022-01-01,http://bio.liclab.net/TF-Marker,TF-Marker,0.987078094,Marker database,0.678124115,TF-Marker,0.987078094,1,,,,
27899608,2016-11-28,http://tfbsbank.co.uk,TFBSbank,0.99741137,,0,TFBSbank,0.99741137,1,,,,
"31665425, 24214955",2020-01-01,http://tfbsshape.usc.edu,TFBSshape,0.972820997,,0,TFBSshape,0.972820997,2,,,,
"34037703, 34113986",2021-05-26,http://lcbb.swjtu.edu.cn/tfcancer,TFcancer,0.99685061,,0,TFcancer,0.99685061,2,,,,
37992291,2024-01-01,http://www.tfcheckpoint.org/index.php,TFCheckpoint,0.997525752,,0,TFCheckpoint,0.997525752,1,,,,
"23180794, 29087517",2018-01-01,http://tfclass.bioinf.med.uni-goettingen.de,TFClass,0.997942924,,0,TFClass,0.997942924,2,,,,
36124642,2022-09-01,http://tflink.net,TFLink,0.998159528,,0,TFLink,0.998159528,1,,,,
36200824,2023-01-01,http://tfsyntax.zhaopage.com,TFSyntax,0.998109281,,0,TFSyntax,0.998109281,1,,,,
38707542,2024-04-16,http://tf.liclab.net/TFTG,TFTG,0.997801721,Transcription Factor and Target Genes,0.982798271,TFTG,0.997801721,1,,,,
22434841,2012-03-20,http://ciliate.org,TGD,0.996270736,Tetrahymena Genome Database,0.989497207,TGD,0.996270736,1,,,,
21253873,2011-01-21,http://tged.ihb.ac.cn,TGED,0.988756279,Tetrahymena Gene Expression Database,0.987045392,TGED,0.988756279,1,,,,
24466070,2014-01-21,http://59.163.192.91/tomato2,TGRD,0.996569216,Tomato Genomic Resources Database,0.988132167,TGRD,0.996569216,1,,,,
32829394,2020-12-01,http://psd.uohyd.ac.in/tgv,TGV,0.91157198,Genomic,0.657844663,TGV,0.91157198,1,,,,
28013278,2017-01-01,"http://apps.araport.org/thalemine/, http://www.araport.org",ThaleMine,0.986150086,,0,ThaleMine,0.986150086,1,,,,
21520336,2011-06-23,http://ccg.murdoch.edu.au/thalind,ThalInd,0.982127786,,0,ThalInd,0.982127786,1,,,,
29157087,2018-01-01,http://thanatos.biocuckoo.org,THANATOS,0.99623239,Necrosis,0.979467452,THANATOS,0.99623239,1,,,,
38204360,2024-01-01,http://microbiome.h3abionet.org,AHMP,0.51055599,The African Human Microbiome Portal,0.871233753,The African Human Microbiome Portal,0.871233753,1,,,,
39757585,2025-01-05,http://bblserver.org.in/tamrsar,TAMRSAR,0.818027234,The Anti-MRSA Resource,0.865970663,The Anti-MRSA Resource,0.865970663,1,,,,
36370112,2023-01-01,http://antibodyregistry.org,,0,The Antibody Registry,0.810391712,The Antibody Registry,0.810391712,1,,,,
39441075,2025-01-01,http://bar.utoronto.ca,he,0.726995885,The Bio-Analytic Resource for Plant Biology,0.902831684,The Bio-Analytic Resource for Plant Biology,0.902831684,1,,,,
37337218,2023-06-19,http://bovinepangenome.github.io,BPC,0.879714052,The Bovine Pangenome Consortium,0.898233023,The Bovine Pangenome Consortium,0.898233023,1,,,,
27173523,2016-05-12,http://crrd.mcw.edu,CRRD,0.799337149,The Chinchilla Research Resource Database,0.876183919,The Chinchilla Research Resource Database,0.876183919,1,,,,
21265623,2011-01-25,http://era.bfs.de,,0,The European Radiobiological Archives,0.877208258,The European Radiobiological Archives,0.877208258,1,,,,
26896848,2016-02-20,http://mgfd.ahau.edu.cn,MGFD,0.702373147,the maize gene families database,0.861386001,the maize gene families database,0.861386001,1,,,,
26123534,2015-06-30,http://www.sanger.ac.uk/resources/mouse/genomes,,0,The Mouse Genomes Project,0.571499872,The Mouse Genomes Project,0.571499872,1,,,,
32427908,2020-05-19,http://yorku.ca/ocdp,,0,The Ontario Climate Data Portal,0.631285894,The Ontario Climate Data Portal,0.631285894,1,,,,
26852673,2016-02-08,http://thebadb.bioinfo-minzhao.org,ThebaDB,0.965065837,,0,ThebaDB,0.965065837,1,,,,
37850638,2024-01-01,http://idrblab.org/themarker,TheMarker,0.959549606,,0,TheMarker,0.959549606,1,,,,
35536846,2022-05-10,"http://ahed.nasa.gov, http://togodb.org/db/thermobase",ThermoBase,0.997331083,Astrobiology Habitable Environments Database,0.932266704,ThermoBase,0.997331083,1,,,,
35322441,2022-03-24,http://data.nist.gov/od/id/mds2-2422,ThermoML,0.979102075,,0,ThermoML,0.979102075,1,,,,
33095862,2021-01-01,http://biosig.unimelb.edu.au/thermomutdb,ThermoMutDB,0.998117328,,0,ThermoMutDB,0.998117328,1,,,,
40494646,2025-06-10,http://protein.org.cn/thermoseek,ThermoSeek,0.996817827,,0,ThermoSeek,0.996817827,1,,,,
35950764,2022-08-11,http://thincr.ca,THInCR,0.995705485,The HPV Induced Cancer Resource,0.916564643,THInCR,0.995705485,1,,,,
28759605,2017-07-31,http://crdd.osdd.net/raghava/thpdb,THPdb,0.998677254,,0,THPdb,0.998677254,1,,,,
33258964,2020-12-01,http://thairicestarch.kku.ac.th,ThRSDB,0.989187896,Thai Rice Starch Database,0.958283556,ThRSDB,0.989187896,1,,,,
23515433,2013-03-20,http://tiara.gmi.ac.kr,TIARA,0.992577295,Total Integrated Archive of short-Read and Array,0.969094998,TIARA,0.992577295,1,,,,
24675620,2014-03-24,http://www.chengfeng.info/tibs_database.html,TIBS,0.980226338,Transcriptome of Irritable Bowel Syndrome,0.862030645,TIBS,0.980226338,1,,,,
37657924,2023-09-12,http://transportal.compbio.ucsf.edu,TICBase,0.979234576,,0,TICBase,0.979234576,1,,,,
34244719,2021-07-01,http://www.ieom-tm.com/tidb,TIDB,0.992214262,Trained Immunity DataBase,0.935802007,TIDB,0.992214262,1,,,,
33729437,2021-03-17,http://isomir.ccr.cancer.gov,TIE,0.982593015,Tumor IsomiR Encyclopedia,0.978378109,TIE,0.982593015,1,,,,
36049666,2022-08-29,http://tiger.canceromics.org,TIGER,0.991007805,Tumor Immunotherapy Gene Expression Resource,0.573391005,TIGER,0.991007805,1,,,,
23197656,2012-11-28,"http://www.jcvi.org/tigrfams, http://www.jcvi.org/genome-properties",TIGRFAMs,0.994315922,,0,TIGRFAMs,0.994315922,1,,,,
23766369,2013-06-13,http://www-cryst.bioc.cam.ac.uk/timbal,TIMBAL,0.996844351,,0,TIMBAL,0.996844351,1,,,,
36399488,2023-01-01,http://timedb.deepomics.org,TIMEDB,0.997730494,tumor immune micro-environment cell composition database,0.762524731,TIMEDB,0.997730494,1,,,,
40337924,2025-07-01,http://compbio.cn/timer3,TIMER3,0.995664477,,0,TIMER3,0.995664477,1,,,,
28387841,2017-07-01,http://www.timetree.org,TimeTree,0.989791155,,0,TimeTree,0.989791155,1,,,,
21495663,2011-04-15,http://mmg.rcsi.ie:8080/tin,TIN,0.984829128,,0,TIN,0.984829128,1,,,,
24930145,2014-06-13,http://cwtung.kmu.edu.tw/tipdb,TIPdb,0.994740725,,0,TIPdb,0.994740725,1,,,,
23698860,2013-05-21,http://biocomputing.it/tips,TiPs,0.989953816,,0,TiPs,0.989953816,1,,,,
"36321662, 33179754",2023-01-01,http://tisch.comp-genomics.org,TISCH2,0.997439182,Tumor Immune Single Cell Hub,0.991766587,TISCH2,0.997439182,2,,,,
24203712,2013-11-06,http://tisdb.human.cornell.edu,TISdb,0.993791044,,0,TISdb,0.993791044,1,,,,
34534350,2022-01-01,http://tismo.cistrome.org,TISMO,0.995861292,Tumor Immune Syngeneic MOuse,0.985521387,TISMO,0.995861292,1,,,,
29036590,2018-01-01,http://zhaobioinfo.org/TissGDB,TissGDB,0.99716121,Tissue specific Gene DataBase in cancer,0.886347724,TissGDB,0.99716121,1,,,,
31982380,2020-01-23,http://hive.biochemistry.gwu.edu/review/tissue_codon,TissueCoCoPUTs,0.951715197,,0,TissueCoCoPUTs,0.951715197,1,,,,
"35662455, 23193266, 27899616",2022-03-12,http://netbio.bgu.ac.il/tissuenet3,TissueNet,0.973481178,,0,TissueNet,0.973481178,3,,,,
34850130,2022-01-01,http://www.diseaselinks.com/TissueNexus,TissueNexus,0.995516598,,0,TissueNexus,0.995516598,1,,,,
29617745,2018-01-01,http://tissues.jensenlab.org,TISSUES,0.994719326,,0,TISSUES,0.994719326,1,,,,
32696292,2020-08-01,http://tlpdb.cftri.com,TLPdb,0.996521711,,0,TLPdb,0.996521711,1,,,,
38229051,2024-01-16,http://tm-mc.kr,TM-MC,0.987089356,,0,TM-MC,0.987089356,1,,,,
36318239,2023-01-01,http://tmalphafold.ttk.hu,TmAlphaFold,0.857106904,Transmembrane AlphaFold database,0.822041601,TmAlphaFold,0.857106904,1,,,,
31490686,2019-09-24,http://dna.engr.latech.edu,TMB,0.958310604,,0,TMB,0.958310604,1,,,,
35551364,2022-05-01,http://www.actrec.gov.in/pi-webpages/AmitDutt/TMCSNPdb2/TMCSNPdb2.html,TMC-SNPdb,0.961110532,,0,TMC-SNPdb,0.961110532,1,,,,
36408909,2023-01-01,http://www.tmodbase.com,tModBase,0.996370792,,0,tModBase,0.996370792,1,,,,
21177659,2011-01-01,http://bio-cluster.iis.sinica.edu.tw/TMPad,TMPad,0.989770174,TransMembrane Protein Helix-Packing Database,0.981935009,TMPad,0.989770174,1,,,,
28365741,2017-01-01,http://www.dsimb.inserm.fr/TMPL,TMPL,0.995930076,,0,TMPL,0.995930076,1,,,,
25932650,2015-05-01,http://bioinfo.hrbmu.edu.cn/TMREC,TMREC,0.997089624,,0,TMREC,0.997089624,1,,,,
25378311,2014-11-05,http://bioinformatics.sandia.gov/tmrna,tmRNA Website,0.91520524,,0,tmRNA Website,0.91520524,1,,,,
33655207,2021-02-23,http://lmc.uab.es/tmsnp,TMSNP,0.996496975,,0,TMSNP,0.996496975,1,,,,
34517763,2021-09-14,"http://tncentral.proteininformationresource.org/, http://tncentral.ncc.unesp.br",TnCentral,0.997506559,,0,TnCentral,0.997506559,1,,,,
32265943,2020-03-04,http://astrobiology.botany.wisc.edu/astrobotany-toast,TOAST,0.984416008,Test Of Arabidopsis Space Transcriptome,0.949631318,TOAST,0.984416008,1,,,,
37317043,2023-06-14,http://cadd.zju.edu.cn/tocodecoy,ToCoDDB,0.995572805,,0,ToCoDDB,0.995572805,1,,,,
36509753,2022-12-12,http://togovar.org,TogoVar,0.996348023,,0,TogoVar,0.996348023,1,,,,
"26719120, 21258066",2015-12-30,http://tomatoma.nbrp.jp,TOMATOMA,0.9822613,,0,TOMATOMA,0.9822613,2,,,,
33969254,2021-04-29,http://metabolites.in/tomato-fruits,TOMATOMET,0.975067317,,0,TOMATOMET,0.975067317,1,,,,
28111364,2017-01-01,http://bioinf.mind.meiji.ac.jp/tomatomics,TOMATOMICS,0.993693531,,0,TOMATOMICS,0.993693531,1,,,,
41019257,2025-09-26,http://microplastics.sccwrp.org,ToMEx,0.995420992,Toxicity of Microplastics Explorer,0.977265162,ToMEx,0.995420992,1,,,,
40348330,2025-05-08,http://topcysteinedb.hhu.de,TopCysteineDB,0.977015316,,0,TopCysteineDB,0.977015316,1,,,,
25392424,2014-11-11,http://topdb.enzim.ttk.mta.hu,TOPDB,0.997721473,Topology Data Bank of Transmembrane Proteins,0.98918283,TOPDB,0.997721473,1,,,,
27153630,2016-04-12,http://topdom.enzim.hu,TOPDOM,0.992206335,,0,TOPDOM,0.992206335,1,,,,
36883717,2023-03-01,http://cpclab.uni-duesseldorf.de/topenzyme,TopEnzyme,0.992150426,,0,TopEnzyme,0.992150426,1,,,,
25332401,2014-10-20,http://clipserve.clip.ubc.ca/topfind,TopFIND,0.99184984,,0,TopFIND,0.99184984,1,,,,
29432422,2018-02-12,http://crdd.osdd.net/raghava/topicalpdb,TopicalPdb,0.998002231,,0,TopicalPdb,0.998002231,1,,,,
34522848,2021-09-10,http://toppcell.cchmc.org,ToppCell,0.97753334,,0,ToppCell,0.97753334,1,,,,
23093603,2012-10-23,http://iomics.ugent.be/toppr,TOPPR,0.997798244,The Online Protein Processing Resource,0.95862323,TOPPR,0.997798244,1,,,,
40845850,2025-08-21,http://toti.zju.edu.cn,Toti,0.995990694,,0,Toti,0.995990694,1,,,,
33360695,2020-12-11,http://www.rxnfinder.org/toxindb,ToxinDB,0.996215522,,0,ToxinDB,0.996215522,1,,,,
36400569,2023-01-01,http://toxric.bioinforai.tech,TOXRIC,0.998045743,,0,TOXRIC,0.998045743,1,,,,
29385404,2018-06-01,http://toxsign.genouest.org,TOXsIgN,0.996063232,,0,TOXsIgN,0.996063232,1,,,,
35013238,2022-01-10,http://dyn.life.nthu.edu.tw/design,TP-DB,0.901891847,Therapeutic Peptide Design database,0.878898892,TP-DB,0.901891848,1,,,,
21546359,2011-05-04,http://tparvadb.ilri.cgiar.org,TparvaDB,0.998618424,,0,TparvaDB,0.998618424,1,,,,
38776380,2024-05-01,http://www.tpcn.pro,TPCN,0.960939407,,0,TPCN,0.960939407,1,,,,
30913342,2019-04-11,http://tpia.teaplant.org,TPIA,0.981803596,Tea Plant Information Archive,0.938457757,TPIA,0.981803596,1,,,,
37650644,2024-01-01,http://tpia.teaplants.cn,TPIA2,0.995158553,tea plant information archive for Camellia genomics,0.851930827,TPIA2,0.995158553,1,,,,
38582080,2024-04-05,http://wlcb.oit.uci.edu/TRgnomAD,TR-gnomAD,0.992132914,Genome Aggregation Database,0.782381237,TR-gnomAD,0.992132914,1,,,,
39533428,2024-11-12,http://tredis.shinyapps.io/TraceEyeDisease,TraceEyeDiseas,0.93457973,,0,TraceEyeDiseas,0.93457973,1,,,,
23547943,2013-04-02,http://tracerdatabase.embl.de,TRACER,0.993061364,,0,TRACER,0.993061364,1,,,,
38969708,2024-07-05,http://www.tracerdb.org,tracerDB,0.994886875,,0,tracerDB,0.994886875,1,,,,
34407614,2021-08-18,http://tapdata.org.cn,TAP,0.955015858,Tracking Air Pollution in China,0.963049769,Tracking Air Pollution in China,0.963049769,1,,,,
38323044,2022-06-01,http://training.incf.org,TrainingSpace,0.991692662,,0,TrainingSpace,0.991692662,1,,,,
40257421,2025-07-01,http://pgx.zju.edu.cn/traitdb,TRAIT,0.99754436,T-cell receptor-antigen interaction database,0.921296312,TRAIT,0.99754436,1,,,,
30165582,2019-03-01,http://cbdm-01.zdv.uni-mainz.de,Traitpedia,0.997839808,,0,Traitpedia,0.997839808,1,,,,
33074314,2021-01-01,http://www.biosino.org/transcirc,TransCirc,0.997567892,,0,TransCirc,0.997567892,1,,,,
39530236,2025-01-01,http://transcriptdb.cobius.usherbrooke.ca,TranscriptDB,0.993518472,,0,TranscriptDB,0.993518472,1,,,,
22292669,2012-01-31,http://tagc.univ-mrs.fr/tbrowser,TranscriptomeBrowser,0.988476872,,0,TranscriptomeBrowser,0.988476872,1,,,,
22786849,2012-07-10,http://www.nursa.org/transcriptomine,Transcriptomine,0.981516123,,0,Transcriptomine,0.981516123,1,,,,
24334957,2013-12-10,http://bioinformatics.charite.de/transformer,Transformer,0.906411409,,0,Transformer,0.906411409,1,,,,
32277449,2020-01-01,http://wwwmgs.bionet.nsc.ru/mgs/dbases/tgp/home.html,TGP,0.893220305,TransGene Promoters,0.957293236,TransGene Promoters,0.957293236,1,,,,
29106630,2018-01-01,http://www.translatomedb.net,TranslatomeDB,0.996909559,,0,TranslatomeDB,0.996909559,1,,,,
34570220,2022-01-01,http://bio-bigdata.hrbmu.edu.cn/TransLnc,TransLnc,0.996770263,,0,TransLnc,0.996770263,1,,,,
30380112,2019-01-01,"http://translocatome.linkgroup.hu, http://comppi.linkgroup.hu",Translocatome,0.997318149,,0,Translocatome,0.997318149,1,,,,
"39530226, 30371815",2025-01-01,http://www.cuilab.cn/transmir,TransmiR,0.97742933,,0,TransmiR,0.97742933,2,,,,
31831861,2019-12-12,http://plantomics.mind.meiji.ac.jp/nashi,TRANSNAP,0.997132599,,0,TRANSNAP,0.997132599,1,,,,
27899676,2016-11-28,http://www.membranetransport.org/transportDB2,TransportDB,0.979824901,,0,TransportDB,0.979824901,1,,,,
35451498,2022-05-19,"http://cell-innovation.nig.ac.jp/Tree/, http://cell-innovation.nig.ac.jp/WPAC",TrBase,0.979477525,Western Pacific Sea Urchin Genome Database,0.830165401,TrBase,0.979477525,1,,,,
30184150,2019-11-01,http://www.licpathway.net/TRCirc,TRCirc,0.998382151,,0,TRCirc,0.998382151,1,,,,
30119164,2018-08-16,http://www.trials-network.org/treasure,TReasure,0.990983844,,0,TReasure,0.990983844,1,,,,
24194607,2013-11-04,http://www.treefam.org,TreeFam,0.990964532,,0,TreeFam,0.990964532,1,,,,
25413576,2014-11-21,http://www.treeshrewdb.org,TreeshrewDB,0.991575599,Tree shrew database,0.932710469,TreeshrewDB,0.991575599,1,,,,
23284086,2013-01-02,http://treetfdb.bmep.riken.jp/index.pl,TreeTFDB,0.998396933,,0,TreeTFDB,0.998396933,1,,,,
32976578,2021-01-01,http://shiny.imbei.uni-mainz.de:3838/trend-db,TREND-DB,0.993754983,,0,TREND-DB,0.993754983,1,,,,
29145635,2018-01-01,http://combio.pl/trex)-the,tRex,0.994673848,,0,tRex,0.994673848,1,,,,
25392422,2014-11-11,http://genome.bioch.virginia.edu/trfdb,tRFdb,0.998105168,,0,tRFdb,0.998105168,1,,,,
33035346,2021-01-01,http://trftarget.net,tRFtarget,0.997647464,,0,tRFtarget,0.997647464,1,,,,
31432762,2019-08-25,"http://hanlab.uth.edu/tRic/, http://bioinfo.life.hust.edu.cn/tRic",tRic,0.994563282,,0,tRic,0.994563282,1,,,,
29045755,2018-01-01,http://bioinformatics.psb.ugent.be/triforc,TriForC,0.973249376,,0,TriForC,0.973249376,1,,,,
23071747,2012-10-11,http://www.trpchannel.org,TRIP,0.917790532,TRansient receptor potential,0.710879376,TRIP,0.917790532,1,,,,
25187689,2014-07-22,http://www.gbpuat-cbsh.ac.in/departments/bi/database/tripath,TRIPATH,0.990485728,of,0.707948923,TRIPATH,0.990485728,1,,,,
37223317,2023-05-22,http://tripbase.iis.sinica.edu.tw,TRIPBASE,0.983363926,,0,TRIPBASE,0.983363926,1,,,,
38841284,2024-05-22,http://triticeaessrdb.com,TriticeaeSSRdb,0.986291707,,0,TriticeaeSSRdb,0.986291707,1,,,,
35806459,2022-07-05,http://bioinfo.usu.edu/tritikbdb,TritiKBdb,0.998271704,,0,TritiKBdb,0.998271704,1,,,,
32047897,2021-03-01,http://bio.licpathway.net/TRlnc,TRlnc,0.99749732,for human regulatory information of lncRNAs,0.931201637,TRlnc,0.99749732,1,,,,
35186035,2022-02-04,http://bio.liclab.net/trmir/index.html,TRmir,0.995415807,human transcriptional regulation of miRNAs,0.951509044,TRmir,0.995415807,1,,,,
24822057,2014-05-01,http://trna.ie.niigata-u.ac.jp,tRNADB-CE,0.994249242,,0,tRNADB-CE,0.994249242,1,,,,
"27987169, 23161680",2017-01-01,http://tropgenedb.cirad.fr,TropGeneDB,0.997986138,,0,TropGeneDB,0.997986138,2,,,,
25025376,2014-07-15,http://bioinf.hutton.ac.uk/tropiTree,tropiTree,0.987223446,,0,tropiTree,0.987223446,1,,,,
26066708,2015-06-12,http://www.grnpedia.org/trrust,TRRUST,0.997621059,regulatory relationships,0.536692739,TRRUST,0.997621059,1,,,,
37159240,2023-05-01,http://trsrd.wpengxs.cn,TRSRD,0.876958489,,0,TRSRD,0.876958489,1,,,,
36394420,2022-11-01,http://bioinfo.usu.edu/trustdb,TRustDB,0.995865583,,0,TRustDB,0.995865583,1,,,,
25300491,2014-10-09,http://www.metexplore.fr/trypanocyc,TrypanoCyc,0.996331513,,0,TrypanoCyc,0.996331513,1,,,,
32380213,2020-05-05,http://trypindb.biomedinformri.com,TrypInDB,0.996800661,,0,TrypInDB,0.996800661,1,,,,
28158179,2017-02-03,http://trypsNetDB.org,TrypsNetDB,0.998068571,,0,TrypsNetDB,0.998068571,1,,,,
27543790,2017-11-01,http://gb.whu.edu.cn/TSCD,TSCD,0.990743339,Tissue-Specific CircRNA Database,0.976619937,TSCD,0.990743339,1,,,,
38213995,2024-01-11,http://tscre.zsqylab.com,TSCRE,0.997327864,,0,TSCRE,0.997327864,1,,,,
21253872,2011-01-21,http://tsdb.cbi.pku.edu.cn,TSdb,0.996435046,,0,TSdb,0.996435046,1,,,,
31680168,2020-01-01,http://bioinfo.uth.edu/TSEADB,TSEA-DB,0.995504111,Tissue-Specific Enrichment Analysis DataBase,0.810658699,TSEA-DB,0.995504111,1,,,,
"23066107, 26590405",2015-11-20,http://bioinfo.mc.vanderbilt.edu/TSGene,TSGene,0.985564858,Tumor Suppressor Gene database,0.982487644,TSGene,0.985564858,2,,,,
24889152,2014-06-03,http://bioeng.swjtu.edu.cn/TSmiR,TSmiR,0.990324497,,0,TSmiR,0.990324497,1,,,,
"36209954, 30223042",2022-10-06,http://pgx.zju.edu.cn/tsnadb,TSNAdb,0.982816732,tumor-specific neoantigen database,0.929707067,TSNAdb,0.982816732,2,,,,
33068436,2021-01-01,http://www.tsrbase.org,tsRBase,0.994211316,,0,tsRBase,0.994211316,1,,,,
40812678,2025-08-12,http://www.compgenelab.info/tsRNADisease,tsRNADisease,0.901355386,,0,tsRNADisease,0.901355386,1,,,,
27924015,2016-10-18,http://tstmp.enzim.ttk.mta.hu,TSTMP,0.996672034,,0,TSTMP,0.996672034,1,,,,
32512488,2020-05-25,http://vit.ac.in/ttrmdb,TTRMDB,0.990589499,Transthyretin mutant database,0.962966555,TTRMDB,0.990589499,1,,,,
25324314,2014-10-16,http://ttsmi.bii.a-star.edu.sg,TTSMI,0.997173548,TTS Mapping and,0.7016765,TTSMI,0.997173548,1,,,,
24816183,2014-05-08,http://tuberq.proteinq.com.ar,TuberQ,0.99642241,,0,TuberQ,0.99642241,1,,,,
23594715,2013-04-17,http://www.ncrnalab.com/TUMIR,TUMIR,0.997981846,,0,TUMIR,0.997981846,1,,,,
39968950,2025-02-01,http://tumoragdb.com.cn,TumorAgDB1.0,0.973987707,,0,TumorAgDB1.0,0.973987707,1,,,,
22523575,2012-04-16,http://crdd.osdd.net/raghava/tumorhope,TumorHoPe,0.990183711,,0,TumorHoPe,0.990183711,1,,,,
41029863,2025-09-30,http://www.tumor-xdb.com,TumorXDB,0.981628776,,0,TumorXDB,0.981628776,1,,,,
33993461,2021-05-16,http://i.uestc.edu.cn/tupdb,TUPDB,0.994650185,Target-Unrelated Peptide Data Bank,0.885041343,TUPDB,0.994650185,1,,,,
40118046,2025-03-20,http://yslproteomics.shinyapps.io/tissuePPT,Turnover-PPT,0.997300673,,0,Turnover-PPT,0.997300673,1,,,,
36243959,2023-01-01,http://ngdc.cncb.ac.cn/twas,TWAS Atlas,0.979735613,,0,TWAS Atlas,0.979735613,1,,,,
31931895,2019-12-01,http://twinsmxofficial.unam.mx,TwinsMX,0.978481114,,0,TwinsMX,0.978481114,1,,,,
38097965,2023-12-14,http://twnbiome.cgm.ntu.edu.tw,Twnbiome,0.995265067,,0,Twnbiome,0.995265067,1,,,,
40346656,2025-05-09,http://www.typhi.net,TyphiNET,0.993913233,,0,TyphiNET,0.993913233,1,,,,
25935546,2015-05-02,http://www.e-bioinformatics.net/ucare,u-CARE,0.98301971,Comprehensive Antibiotic resistance Repository of Escherichia coli,0.747757421,u-CARE,0.98301971,1,,,,
39044065,2024-07-24,http://uaaprd.onrender.com/user,UAAPRD,0.99648869,Unified Aedes aegypti Protein Resource Database,0.977576754,UAAPRD,0.99648869,1,,,,
35078134,2022-01-22,http://ualcan.path.uab.edu,UALCAN,0.996470153,,0,UALCAN,0.996470153,1,,,,
34669962,2022-01-01,http://ubibrowser.ncpsb.org.cn,UbiBrowser,0.994302034,,0,UbiBrowser,0.994302034,1,,,,
30601939,2019-08-01,http://ubihub.thesgc.org,UbiHub,0.998238921,,0,UbiHub,0.998238921,1,,,,
"33693667, 27114492",2021-03-01,http://awi.cuhk.edu.cn,UbiNet,0.996777952,,0,UbiNet,0.996777952,2,,,,
26199991,2015-08-01,http://seiwertlab.uchicago.edu/UCDB,UCDB,0.994101167,Ulcerative Colitis Database,0.981074442,UCDB,0.994101167,1,,,,
22881376,2012-09-01,http://grenada.lumc.nl/LOVD2/UCL-Heart/home.php?select_db=LDLR,UCL LDLR,0.977101341,lipoprotein receptor gene familial hypercholesterolemia variant database,0.635834286,UCL LDLR,0.977101341,1,,,,
"23226127, 26311606",2012-11-28,http://umcd.humanconnectomeproject.org,UMCD,0.88225615,UCLA Multimodal Connectivity Database,0.900062852,UCLA Multimodal Connectivity Database,0.900062852,2,,,,
23193254,2012-11-27,http://ccg.vital-it.ch/UCNEbase,UCNEbase,0.997873008,,0,UCNEbase,0.997873008,1,,,,
22080555,2011-11-12,http://archaea.ucsc.edu,arCOG,0.772361755,UCSC Archaeal Genome Browser,0.798626341,UCSC Archaeal Genome Browser,0.798626341,1,,,,
36993970,2023-03-13,http://uctcrdb.cn,UcTCRdb,0.997708917,,0,UcTCRdb,0.997708917,1,,,,
26590254,2015-11-20,http://mammoth.bcm.tmc.edu/uet,UET,0.958269477,,0,UET,0.958269477,1,,,,
36271795,2023-01-01,http://ufcg.steineggerlab.com,UFCG,0.960642219,Universal Fungal Core Genes,0.94289594,UFCG,0.960642219,1,,,,
32548865,2020-07-29,http://www.immunologicaltoolbox.co.uk,UK Immunological Toolbox,0.771031559,,0,UK Immunological Toolbox,0.771031559,1,,,,
36213257,2022-09-06,http://umabs.com,Umabs-DB,0.99108274,,0,Umabs-DB,0.99108274,1,,,,
35664224,2022-05-17,http://miaome.idrblab.net/ttd,MIAOME,0.904732585,uman Microbiome Affect The Host Epigenome,0.90857206,uman Microbiome Affect The Host Epigenome,0.90857206,1,,,,
24599579,2014-04-07,http://www.umd.be/APC,UMD-APC,0.840977097,,0,UMD-APC,0.840977097,1,,,,
32454857,2020-05-13,http://jafarilab.com/unaprod,UNaProd,0.996470153,,0,UNaProd,0.996470153,1,,,,
27813701,2016-11-04,http://barley.gambrinus.ueb.cas.cz,UNcleProt,0.993122756,Universal Nuclear Protein database of barley,0.863325749,UNcleProt,0.993122756,1,,,,
21398669,2011-03-12,http://www.unicarb-db.org,UniCarb,0.640729487,,0,UniCarb,0.640729487,1,,,,
"28150237, 24234447, 21898825",2017-01-01,"http://unicarbkb.org, http://confluence.unicarbkb.org",UniCarbKB,0.998428583,,0,UniCarbKB,0.998428583,3,,,,
"22218860, 24214987",2013-11-08,http://www.unihi.org,UniHI,0.993736625,Unified Human Interactome,0.957470024,UniHI,0.993736625,2,,,,
30239928,2019-01-01,http://www.unilectin.eu/unilectin3D,UniLectin3D,0.978693748,,0,UniLectin3D,0.978693748,1,,,,
22102589,2011-11-18,http://www.unipathway.org,UniPathway,0.997355998,,0,UniPathway,0.997355998,1,,,,
25378322,2014-11-05,http://uniprobe.org,UniPROBE,0.997834285,Universal PBM Resource for Oligonucleotide Binding Evaluation,0.908042654,UniPROBE,0.997834285,1,,,,
27899622,2016-11-29,"http://sparql.uniprot.org/, http://www.uniprot.org",UniProt,0.995713353,,0,UniProt,0.995713353,1,,,,
"39552041, 36408920, 21447597, 33237286, 22102590, 23161681, 24253303, 25348405, 26519399, 30395287, 33724838",2025-01-01,http://www.uniprot.org,UniProtKB,0.99742651,Universal Protein Resource,0.747594476,UniProtKB,0.99742651,11,,,,
"37953409, 30371820",2024-01-01,http://unite.ut.ee,UNITE,0.997397006,,0,UNITE,0.997397006,2,,,,
37870462,2024-01-01,http://www.unitmp.org,UniTmp,0.995800722,database of TransMembrane Proteins,0.986711986,UniTmp,0.995800722,1,,,,
23314752,2013-01-10,http://univio.psc.riken.jp,UniVIO,0.993773353,Uniformed Viewer for Integrated Omics,0.9183596,UniVIO,0.993773353,1,,,,
"36305828, 24163100",2023-01-01,http://www.bioinformatics.uni-muenster.de/tools/uorfdb,uORFdb,0.997731447,,0,uORFdb,0.997731447,2,,,,
32168374,2020-01-01,http://uorflight.whu.edu.cn,uORFlight,0.997313261,,0,uORFlight,0.997313261,1,,,,
21876203,2011-08-29,http://122.70.220.102/biomarker,UPB,0.950364868,Urinary Protein Biomarker,0.927442985,UPB,0.950364868,1,,,,
35875835,2022-07-20,http://uprome.tamu.edu,UPRome,0.990565896,endoplasmic reticulum,0.593199585,UPRome,0.990565896,1,,,,
24843289,2014-03-25,http://www.gbif.es:8080/ipt/resource.do?r=germoplasma-urjc,URJC GB,0.922845423,,0,URJC GB,0.922845423,1,,,,
35759515,2022-06-27,http://tea.coffeeprot.com,urPTMdb,0.992466986,database,0.530092418,urPTMdb,0.992466986,1,,,,
27242032,2016-05-30,http://server3.lpm.org.ru/urs,URSDB,0.997525334,Universe of RNA Structures DataBase,0.987289786,URSDB,0.997525334,1,,,,
37904593,2024-01-01,http://sites.utexas.edu/aptamerdatabase,UTexas Aptamer,0.723462546,,0,UTexas Aptamer,0.723462546,1,,,,
36399486,2023-01-01,http://utrdb.cloud.ba.infn.it/utrdb,UTRdb,0.995562613,,0,UTRdb,0.995562613,1,,,,
23172288,2012-11-20,http://uucd.biocuckoo.org,UUCD,0.997053325,,0,UUCD,0.997053325,1,,,,
30614601,2019-01-16,"http://databases.lovd.nl/shared/genes, http://www.uvogene.com",UVEOGENE,0.992076588,,0,UVEOGENE,0.992076588,1,,,,
31021279,2019-05-13,http://biokb.ncpsb.org/UVGD,UVGD,0.993201971,,0,UVGD,0.993201971,1,,,,
39866619,2025-01-08,http://cb.imsc.res.in/uvrek,UVREK,0.995595336,UltraViolet Radiation Expression Knowledgebase,0.820050882,UVREK,0.995595336,1,,,,
25361969,2014-10-31,http://bmi-tokai.jp/VaDE,VaDE,0.989877224,,0,VaDE,0.989877224,1,,,,
37484460,2023-06-26,http://viscumalbum.pflanzenproteomik.de,VaGs,0.849863688,album Gene Space database,0.827408105,VaGs,0.849863688,1,,,,
25392418,2014-11-11,http://ncbr.muni.cz/ValidatorDB,ValidatorDB,0.997314692,,0,ValidatorDB,0.997314692,1,,,,
23093589,2012-10-22,http://validness.ym.edu.tw,ValidNESs,0.977603436,,0,ValidNESs,0.977603436,1,,,,
31263870,2019-12-01,http://ncbr.muni.cz/ValTrendsDB,ValTrendsDB,0.964570105,,0,ValTrendsDB,0.964570105,1,,,,
34570217,2022-01-01,http://mulinlab.org/vportal,VannoPortal,0.991704762,,0,VannoPortal,0.991704762,1,,,,
33095866,2021-01-01,http://www.licpathway.net/VARAdb,VARAdb,0.997256637,comprehensive variation annotation database for human,0.841432224,VARAdb,0.997256637,1,,,,
29112736,2018-01-01,http://varcards.biols.ac.cn,VarCards,0.997416556,,0,VarCards,0.997416556,1,,,,
37956311,2024-01-01,http://www.genemed.tech/varcards2,VarCards2,0.995516345,,0,VarCards2,0.995516345,1,,,,
37889020,2024-01-01,http://nmdc.cn/influvar,VarEPS-Influ,0.983434876,,0,VarEPS-Influ,0.983434876,1,,,,
"32016318, 22903802",2020-01-01,"http://structure.bmc.lu.se/VariBench/, http://structure.bmc.lu.se/VariBench",VariBench,0.997050226,,0,VariBench,0.997050226,2,,,,
31705629,2019-11-09,http://varicarta.msl.ubc.ca,VariCarta,0.995876968,,0,VariCarta,0.995876968,1,,,,
24198712,2013-07-24,http://data.canadensys.net/vascan,VASCAN,0.996923745,Database of Vascular Plants of Canada,0.964604948,VASCAN,0.996923745,1,,,,
27053566,2016-04-01,http://www.violinet.org/vaxar,Vaxar,0.983407974,,0,Vaxar,0.983407974,1,,,,
30887928,2019-01-01,http://www.ddg-pharmfac.net/vaxi,VaxiJen,0.989937842,,0,VaxiJen,0.989937842,1,,,,
30465539,2018-11-01,"http://bigd.big.ac.cn/vcg/, http://bigd.big.ac.cn/gvm",VCGDB,0.950244635,Virtual Chinese Genome Database,0.920584655,VCGDB,0.950244635,1,,,,
40747889,2025-08-01,http://ys.yuhoutech.com/vp,VDB,0.991235435,Veterinary DrugBank,0.544355969,VDB,0.991235435,1,,,,
39470732,2025-01-01,http://ngdc.cncb.ac.cn/vdge,VDGE,0.99743557,Variation Database of Gene-Edited animals,0.986273527,VDGE,0.99743557,1,,,,
31588507,2020-01-01,http://vdjdb.cdr3.net,VDJdb,0.996914685,,0,VDJdb,0.996914685,1,,,,
"22135296, 25510499",2014-12-15,http://www.vectorbase.org,VectorBase,0.996112347,,0,VectorBase,0.996112347,2,,,,
35339630,2022-03-23,http://www.vegsnpdb.cn,VegSNPDB,0.994841218,database,0.514509082,VegSNPDB,0.994841218,1,,,,
27634949,2016-09-14,http://verdant.iplantcollaborative.org/plastidDB,Verdant,0.98544848,,0,Verdant,0.98544848,1,,,,
28365718,2017-01-01,http://genomics.cicbiogune.es/VerSeDa/index.php,VerSeDa,0.998133659,vertebrate secretome database,0.940622234,VerSeDa,0.998133659,1,,,,
21245417,2011-01-18,http://www.verygene.com,VeryGene,0.988496959,,0,VeryGene,0.988496959,1,,,,
"37953359, 30395310",2024-01-01,http://www.microvesicles.org,Vesiclepedia,0.996926308,,0,Vesiclepedia,0.996926308,2,,,,
"35283898, 27242836",2022-02-24,http://vespucci.readthedocs.io,VESPUCCI,0.992614388,Vitis Expression Studies Platform Using COLOMBOS Compendia Instances,0.96687065,VESPUCCI,0.992614388,2,,,,
26581408,2015-11-18,http://vetbiobase.igbb.msstate.edu,VetBioBase,0.985843897,,0,VetBioBase,0.985843897,1,,,,
31837751,2019-09-25,"http://vetcot.org/index.php/home/identification-and-verification-process/, http://vetcot.org/index.php/home/registry-use-materials",VetCOT,0.961757398,Trauma Registry,0.660841862,VetCOT,0.961757398,1,,,,
"37953350, 34718728",2024-01-01,http://veupathdb.org,VEuPathDB,0.997615755,Eukaryotic Pathogen,0.976202269,VEuPathDB,0.997615755,2,,,,
37531635,2023-09-01,http://vexd.cchmc.org,VExD,0.995135903,Expression Database,0.914788365,VExD,0.995135903,1,,,,
"39470738, 34850947, 22067448, 26578559",2025-01-01,http://www.mgc.ac.cn/VFs,VFDB,0.998255268,virulence factor database,0.889513955,VFDB,0.998255268,4,,,,
36320030,2022-11-01,http://cadd.zju.edu.cn/vgsc,VGSC-DB,0.984007269,Voltage-gated Sodium Channels Database,0.868036933,VGSC-DB,0.984007269,1,,,,
27511743,2016-08-11,http://vhldb.bio.unipd.it,VHLdb,0.995007813,,0,VHLdb,0.995007813,1,,,,
22160653,2011-12-08,http://dna.korea.ac.kr/vhot,vHoT,0.990057766,viral microRNA host target,0.892197204,vHoT,0.990057766,1,,,,
35723975,2022-06-20,http://doi.org/10.7910/DVN/VLVNU7,VIBFREQ1295,0.992600228,,0,VIBFREQ1295,0.992600228,1,,,,
30371824,2019-01-01,http://vibrism.neuroinf.jp,ViBrism,0.936161578,,0,ViBrism,0.936161578,1,,,,
38160837,2023-12-29,http://cb.imsc.res.in/vicekb,ViCEKb,0.993827701,Vitiligo-linked Chemical Exposome Knowledgebase,0.6851235,ViCEKb,0.993827701,1,,,,
30365026,2019-01-01,http://www.phidias.us/victors,Victors,0.988581896,,0,Victors,0.988581896,1,,,,
30407009,2018-12-03,http://vietherb.com.vn,VIETHERB,0.988221526,,0,VIETHERB,0.988221526,1,,,,
26644460,2015-12-07,http://viggs.dna.affrc.go.jp,VigGS,0.995423436,Vigna Genome Server,0.905400942,VigGS,0.995423436,1,,,,
34500462,2022-01-01,http://bmtongji.cn/ViMIC/index.php,ViMIC,0.982252717,human disease-related Virus Mutations,0.762390741,ViMIC,0.982252717,1,,,,
41014096,2025-01-01,http://cornell-tree-fruit-physiology.shinyapps.io/VineColD,VineColD,0.994434655,,0,VineColD,0.994434655,1,,,,
"23568467, 24259431",2013-11-19,http://www.violinet.org,VIOLIN,0.977441937,Vaccine Investigation and,0.620449245,VIOLIN,0.977441937,2,,,,
22735743,2012-06-24,http://vipdb.cgu.edu.tw,VIP DB,0.981878147,Protein domain DataBase,0.806038454,VIP DB,0.981878147,1,,,,
"39198917, 31283070",2024-08-28,http://genomeinterpretation.org/vipdb,VIPdb,0.984589517,genetic Variant Impact Predictor Database,0.94663018,VIPdb,0.984589517,2,,,,
"30265627, 33313778",2021-01-01,http://viperdb.scripps.edu,VIPERdb,0.994908571,Particle ExploreR data base,0.844930937,VIPERdb,0.994908571,2,,,,
30593617,2019-01-01,http://www.viprbrc.org/brc/home.spg?decorator=flavi_hcv,ViPR,0.996145308,Virus Pathogen Resource,0.91619873,ViPR,0.996145308,1,,,,
33594411,2021-02-17,"http://viralhostrangedb.pasteur.cloud, http://gitlab.pasteur.fr/hub/viralhostrangedb",ViralHostRangeDB,0.884413302,Viral Host Range database,0.955648327,Viral Host Range database,0.955648327,1,,,,
34601118,2021-09-30,http://jsjds.hzau.edu.cn/MBPC/ViPGD/index.php/home/index,,0,Viral Putative G-quadruplex,0.673970756,Viral Putative G-quadruplex,0.673970756,1,,,,
35731570,2022-06-01,http://www.hywanglab.cn/vcRNAdb,Viral-circRNA,0.849468362,,0,Viral-circRNA,0.849468362,1,,,,
37897348,2024-01-01,http://viralzone.expasy.org,ViralZone,0.99604708,,0,ViralZone,0.99604708,1,,,,
"34723320, 25274736",2022-01-01,"http://www.virbase.org/, http://www.rna-society.org/virbase",ViRBase,0.998200536,,0,ViRBase,0.998200536,2,,,,
32509450,2020-05-21,http://www.vitiligoinfores.com,VIRdb,0.994836926,Vitiligo Information Resource,0.84693079,VIRdb,0.994836926,1,,,,
37572440,2023-07-17,http://ciods.in/VirhostlncR,VirhostlncR,0.984462917,,0,VirhostlncR,0.984462917,1,,,,
25392406,2014-11-11,http://virhostnet.prabi.fr,VirHostNet,0.99125731,,0,VirHostNet,0.99125731,1,,,,
23219434,2012-12-06,http://www.violinet.org/virmugendb,VirmugenDB,0.994162917,,0,VirmugenDB,0.994162917,1,,,,
40958060,2025-09-16,http://viro3d.cvr.gla.ac.uk,Viro3D,0.982184728,,0,Viro3D,0.982184728,1,,,,
34751403,2022-01-01,http://viroids.org,ViroidDB,0.997853398,,0,ViroidDB,0.997853398,1,,,,
36200469,2022-12-01,http://lmicresearch.org,Virtual Library,0.533037702,,0,Virtual Library,0.533037702,1,,,,
23734609,2013-06-18,http://vammpire.pharmchem.uni-frankfurt.de,VAMMPIRE,0.947511351,Virtually Aligned Matched Molecular Pairs Including Receptor Environment,0.959377536,Virtually Aligned Matched Molecular Pairs Including Receptor Environment,0.959377536,1,,,,
24304891,2013-12-04,http://www.ncbi.nlm.nih.gov/genomes/VirusVariation,Virus Variation,0.927988728,Variation Resource,0.64340649,Virus Variation,0.927988728,1,,,,
32349124,2021-03-01,http://www.computationalbiology.cn/ViruscircBase/home.html,VirusCircBase,0.996753037,,0,VirusCircBase,0.996753037,1,,,,
29308007,2017-12-17,http://yaulab.math.tsinghua.edu.cn/VirusDB,VirusDB,0.994696617,,0,VirusDB,0.994696617,1,,,,
28025349,2016-12-26,http://www.virusite.org,viruSITE,0.993772805,,0,viruSITE,0.993772805,1,,,,
25217587,2014-09-12,http://virusmentha.uniroma2.it,VirusMentha,0.996016741,,0,VirusMentha,0.996016741,1,,,,
33811468,2021-04-14,http://virusms.erc.monash.edu,virusMS,0.953528702,,0,virusMS,0.953528702,1,,,,
33045721,2021-01-01,"http://gmql.eu/virusurf/, http://gmql.eu/virusurf_gisaid",ViruSurf,0.998281777,,0,ViruSurf,0.998281777,1,,,,
33367605,2020-12-26,http://virxicon.cs.put.poznan.pl,Virxicon,0.996595085,,0,Virxicon,0.996595085,1,,,,
31598702,2020-01-01,http://bioinfo.uth.edu/VISDB,VISDB,0.994756818,Viral,0.535345972,VISDB,0.994756818,1,,,,
39470740,2025-01-01,http://enhancer.lbl.gov,VISTA Enhancer Browser,0.778895652,,0,VISTA Enhancer Browser,0.778895652,1,,,,
40063348,2025-03-01,http://compbio.iitr.ac.in/vitaldb,VITALdb,0.996914685,VIroinformatics Tools and ALgorithms database,0.919745699,VITALdb,0.996914685,1,,,,
"32550548, 34530999",2019-05-11,http://vitivar.igib.res.in,VitiVar,0.99736613,,0,VitiVar,0.99736613,2,,,,
41324603,2025-11-01,http://computationalbiology.cn/vlncRNAbase,vlncRNAbase,0.991874218,,0,vlncRNAbase,0.991874218,1,,,,
31274965,2019-01-01,http://vmsshare.nist.gov,vMS-Share,0.993173659,Visual Mass-Spec Share,0.818651617,vMS-Share,0.993173659,1,,,,
23161674,2012-11-17,http://proteinformatics.charite.de/voronoia4rna,Voronoia4RNA,0.995378757,,0,Voronoia4RNA,0.995378757,1,,,,
21769196,2011-07-06,http://www.vpdb.bicpu.edu.in,VPDB,0.997562647,Viral Protein Structural Database,0.964751055,VPDB,0.997562647,1,,,,
31245720,2018-04-23,http://vigs.noble.org,VPGD,0.986272037,and,0.526194394,VPGD,0.986272037,1,,,,
22715306,2012-05-31,http://www/vptd.in,VPTD,0.991008282,vegetable phytochemicals and their target database,0.914648957,VPTD,0.991008282,1,,,,
33094321,2021-07-01,http://vptmdb.com:8787/VPTMdb,VPTMdb,0.996834993,viral posttranslational modification database,0.67337137,VPTMdb,0.996834993,1,,,,
36840404,2023-03-01,http://www.computationalbiology.cn/vsRNAdb,vsRNAdb,0.97789824,,0,vsRNAdb,0.97789824,1,,,,
24341535,2013-12-16,http://vtcdb.adelaide.edu.au/Home.aspx,VTCdb,0.994380951,,0,VTCdb,0.994380951,1,,,,
34634807,2022-01-01,http://db.cngb.org/VThunter,VThunter,0.991462588,,0,VThunter,0.991462588,1,,,,
24267744,2013-11-22,http://phenoscape.org,VTO,0.888742566,Vertebrate Taxonomy Ontology,0.715373244,VTO,0.888742566,1,,,,
25614757,2015-01-16,http://www.polebio.lrsv.ups-tlse.fr/WallProtDB,WallProtDB,0.996273875,,0,WallProtDB,0.996273875,1,,,,
31504823,2020-01-01,http://waltzdb.switchlab.org,WALTZ-DB,0.969778025,,0,WALTZ-DB,0.969778025,1,,,,
36852842,2023-02-01,http://wasp-project.net,WASP,0.975745678,the World Archives of Species Perception,0.82513837,WASP,0.975745678,1,,,,
26452372,2015-10-09,http://waspatlas.com,WaspAtlas,0.996073008,,0,WaspAtlas,0.996073008,1,,,,
34848704,2021-12-01,http://apiaceae.njau.edu.cn/waterdropwortdb,Water dropwortDB,0.96038208,,0,Water dropwortDB,0.96038208,1,,,,
25466819,2014-12-03,http://bioclaims.uib.es,WATRefNet,0.994038701,White Adipose Tissue Health Reference Network,0.908846239,WATRefNet,0.994038701,1,,,,
33756618,2021-01-15,http://wcolite.com,WCO-Lite,0.967464912,orld Catalogue of Opiliones,0.777871438,WCO-Lite,0.967464912,1,,,,
33216899,2020-11-01,http://publish.plantnet-project.org/project/wildcofdb_en,WCSdb,0.997819245,Wild Coffee Species database,0.988351196,WCSdb,0.997819245,1,,,,
"31161214, 25348404",2019-11-01,"http://www.wdspdb.com/wdsp/, http://wu.scbb.pkusz.edu.cn/wdsp",WDSPdb,0.994846165,,0,WDSPdb,0.994846165,2,,,,
37678708,2023-09-07,http://webstr.ucsd.edu,WebSTR,0.996458888,,0,WebSTR,0.996458888,1,,,,
"39526380, 34669946",2025-01-01,http://www.webtwas.net,webTWAS,0.975254953,,0,webTWAS,0.975254953,2,,,,
35658913,2022-06-03,http://bioinfo.usu.edu/weconet,WeCoNET,0.997436166,,0,WeCoNET,0.997436166,1,,,,
32221380,2020-03-27,http://weislab.com/WeiDOCK/?page=PKPD,WeiBI,0.996359855,WeiBiologicalInteractions,0.583205014,WeiBI,0.996359855,1,,,,
32392583,2021-05-01,http://m6a2target.canceromics.org,M6A2Target,0.923408449,WER target gene database,0.948100317,WER target gene database,0.948100317,1,,,,
27789692,2016-10-26,http://weram.biocuckoo.org,WERAM,0.997139871,,0,WERAM,0.997139871,1,,,,
26078228,2015-06-16,http://me.lzu.edu.cn/woodformation,WFRGdb,0.997528315,Wood-Formation Related Genes database,0.967793643,WFRGdb,0.997528315,1,,,,
41070935,2025-10-10,http://www.wur.nl/en/show/food-safety-mass-spectral-library.htm,WFSR,0.986423731,Safety,0.583499253,WFSR,0.986423731,1,,,,
38444537,2024-02-20,http://cosbi7.ee.ncku.edu.tw/Wolfberry,WGDB,0.995564282,Wolfberry Genome Database,0.798043919,WGDB,0.995564282,1,,,,
28018331,2016-12-15,http://wgmlst.imst.nsysu.edu.tw,wgMLST,0.924707353,,0,wgMLST,0.924707353,1,,,,
33181826,2020-01-01,http://animal.nwsuaf.edu.cn/code/index.php/Wheat,WGVD,0.993578374,Wheat Genome Variation Database,0.973856658,WGVD,0.993578374,1,,,,
35660007,2022-06-01,"http://bioinformatics.cpolar.cn/WheatCENet, http://bioinformatics.cau.edu.cn/WheatCENet",WheatCENet,0.977695763,,0,WheatCENet,0.977695763,1,,,,
26705106,2015-12-24,http://wheat.pw.usda.gov/WheatExp,WheatExp,0.978051126,,0,WheatExp,0.978051126,1,,,,
"22009731, 26519407",2016-01-01,http://www.wheatgenome.info,WheatGenome.info,0.941735923,,0,WheatGenome.info,0.941735923,2,,,,
23175606,2012-11-21,http://wholecellkb.stanford.edu,WholeCellKB,0.995857,,0,WholeCellKB,0.995857,1,,,,
26573482,2015-11-14,http://widde.toulouse.inra.fr,WIDDE,0.997149587,,0,WIDDE,0.997149587,1,,,,
23209562,2012-11-28,http://severus.dbmi.pitt.edu/wiki-pi,Wiki-Pi,0.983535866,,0,Wiki-Pi,0.983535866,1,,,,
22702248,2012-06-01,http://www.wikicell.org,WikiCell,0.997400999,,0,WikiCell,0.997400999,1,,,,
26989148,2016-03-17,http://www.wikidata.org,Wikidata,0.992722154,,0,Wikidata,0.992722154,1,,,,
33211851,2021-01-01,http://www.wikipathways.org,WikiPathways,0.994370461,,0,WikiPathways,0.994370461,1,,,,
30208844,2018-09-12,http://webofmicrobes.org,WoM,0.97369504,,0,WoM,0.97369504,1,,,,
32431267,2020-05-07,http://www.wwarn.org/tools-resources/literature-reviews/wwarn-clinical-trials-publication-library,WWARN,0.904815594,WorldWide Antimalarial Resistance Network,0.951693782,WorldWide Antimalarial Resistance Network,0.951693782,1,,,,
23172286,2012-11-20,http://so.qbic.riken.jp/wddd,WDDD,0.479633838,Worm Developmental Dynamics Database,0.896067631,Worm Developmental Dynamics Database,0.896067631,1,,,,
"31642470, 22067452, 24194605, 29069413",2020-01-01,http://wormbase.org,WormBase,0.99719429,,0,WormBase,0.99719429,4,,,,
27899279,2016-11-27,http://parasite.wormbase.org,WormBase ParaSite,0.946643819,,0,WormBase ParaSite,0.946643819,1,,,,
23180786,2012-11-24,"http://www.wormqtl.org, http://www.rqtl.org",WormQTL,0.998097301,,0,WormQTL,0.998097301,1,,,,
39987466,2025-02-21,http://www.woodyplant.com,WP-MOD,0.995768269,Woody Plant Multi-Omics Database,0.985254042,WP-MOD,0.995768269,1,,,,
29533231,2018-03-02,http://validate.wwpdb.org,wwPDB,0.983193755,Worldwide,0.737224817,wwPDB,0.983193755,1,,,,
24013926,2013-09-06,http://bioinformatics.snu.ac.kr/xdb,XDB,0.954009195,Xeno-glycomics database,0.933108858,XDB,0.954009195,1,,,,
"36755307, 23125366, 25313157",2023-05-01,http://www.xenbase.org,Xenbase,0.995507419,Xenopus model organism,0.689142883,Xenbase,0.995507419,3,,,,
35482537,2022-04-01,http://www.xephir.org,XePhIR,0.995121086,Xenograft Phenotype Interactive Repository,0.942416251,XePhIR,0.995121086,1,,,,
39351883,2025-01-01,http://www.hitxqtl.org.cn,xQTLatlas,0.996393681,,0,xQTLatlas,0.996393681,1,,,,
27899583,2016-11-28,http://www.xtalkdb.org,XTalkDB,0.99725914,,0,XTalkDB,0.99725914,1,,,,
22481888,2012-01-01,http://www.xylella.lncc.br,Xylella,0.679942429,,0,Xylella,0.679942429,1,,,,
38234122,2024-01-17,http://y2md.ucad.sn,Y2MD,0.99375999,Yam Microsatellite Markers Database,0.974321425,Y2MD,0.99375999,1,,,,
40013403,2025-02-27,http://db.antibodysociety.org,YAbS,0.995678842,The Antibody Society's antibody therapeutics database,0.712230045,YAbS,0.995678842,1,,,,
22325123,2012-02-09,http://www.yadamp.unisa.it,YADAMP,0.996951342,antimicrobial peptide database,0.960818076,YADAMP,0.996951342,1,,,,
24082050,2013-09-29,http://www.ycelldeath.com/yapoptosis,yApoptosis,0.986070871,,0,yApoptosis,0.986070871,1,,,,
30048518,2018-07-26,http://cosbi4.ee.ncku.edu.tw/YARG,YARG,0.993278623,Yeast Arsenic-Related Genes,0.992494863,YARG,0.993278623,1,,,,
30546860,2018-11-23,http://cadd.pharmacy.nankai.edu.cn/yatcm/home,YaTCM,0.994157434,,0,YaTCM,0.994157434,1,,,,
27392072,2016-07-08,"http://cosbi.ee.ncku.edu.tw/YCRD/, http://cosbi2.ee.ncku.edu.tw/YCRD",YCRD,0.992400229,Yeast Combinatorial Regulation Database,0.966890701,YCRD,0.992400229,1,,,,
26061870,2015-06-10,http://www.semanticgen.net/ydhs,YDHS,0.994329572,,0,YDHS,0.994329572,1,,,,
37183478,2023-07-01,http://compbio.fmph.uniba.sk/y-mtptm,y-mtPTM,0.740211775,yeast mitochondrial posttranslational modification,0.851016862,yeast mitochondrial posttranslational modification,0.851016862,1,,,,
34285772,2021-06-24,http://cosbi7.ee.ncku.edu.tw/YPIBP,YPIBP,0.980853081,Yeast Phosphoinositide-Binding Proteins,0.98663541,Yeast Phosphoinositide-Binding Proteins,0.98663541,1,,,,
23110448,2012-12-17,http://genome.jouy.inra.fr/yeastip,YeastIP,0.997585833,,0,YeastIP,0.997585833,1,,,,
24165882,2013-10-27,http://www.inetbio.org/yeastnet,YeastNet,0.946244299,,0,YeastNet,0.946244299,1,,,,
24170807,2013-10-28,http://www.yeastract.com,YEASTRACT,0.997687936,,0,YEASTRACT,0.997687936,1,,,,
25591325,2015-01-16,http://yersinia.um.edu.my,YersiniaBase,0.989195168,,0,YersiniaBase,0.989195168,1,,,,
22102575,2011-11-18,http://yetfasco.ccbr.utoronto.ca,YeTFaSCo,0.996380448,The Yeast Transcription Factor Specificity Compendium,0.867617818,YeTFaSCo,0.996380448,1,,,,
23134687,2012-11-07,http://me.lzu.edu.cn/yak,YGD,0.857634743,Yak Genome Database,0.853846967,YGD,0.857634743,1,,,,
32738156,2020-08-11,http://yeast.biomedtzc.cn,YIR,0.990129635,yeast interactome resource,0.962886065,YIR,0.990129635,1,,,,
"23203880, 25398902, 27899625",2014-11-14,http://ngs.ym.edu.tw/ym500,YM500,0.994998276,,0,YM500,0.994998276,3,,,,
"22064855, 27899612",2016-11-28,http://www.ymdb.ca,YMDB,0.991479576,Yeast Metabolome Database,0.972250591,YMDB,0.991479576,2,,,,
25522035,2014-12-08,http://cosbi3.ee.ncku.edu.tw/yna,YNA,0.981317759,Yeast Nucleosome Atlas,0.915188857,YNA,0.981317759,1,,,,
25024351,2014-07-14,http://www.ystrexdb.com,yStreX,0.943920732,yeast stress expression database,0.765314773,yStreX,0.943920732,1,,,,
24608172,2014-03-07,http://cosbi3.ee.ncku.edu.tw/YTRP,YTRP,0.992604494,Yeast Transcriptional Regulatory Pathway,0.94507375,YTRP,0.992604494,1,,,,
23411719,2013-02-14,http://www.myogenesisdb.org/YY1TargetDB,YY1TargetDB,0.982896606,Target loci Database,0.670763016,YY1TargetDB,0.982896606,1,,,,
22428748,2012-03-01,http://zebase.bio.purdue.edu,ZeBase,0.995802045,,0,ZeBase,0.995802045,1,,,,
37941147,2024-01-01,http://www.ccb.uni-saarland.de/zebra,ZEBRA,0.997126341,,0,ZEBRA,0.997126341,1,,,,
24578356,2014-02-26,http://genome.igib.res.in/twiki,Zebrafish GenomeWiki,0.791018561,,0,Zebrafish GenomeWiki,0.791018561,1,,,,
32931381,2020-09-15,http://konulab.shinyapps.io/zenofishdb,ZenoFishDb,0.99299258,,0,ZenoFishDb,0.99299258,1,,,,
"23074187, 27899582, 28838067, 33170210, 30407545, 26097180",2021-01-01,http://zfin.org,ZFIN,0.994089166,Zebrafish Model Organism Database,0.985861821,ZFIN,0.994089166,6,,,,
22067444,2011-11-08,http://zfishbook.org,zfishbook,0.99548614,Zebrafish,0.59932977,zfishbook,0.99548614,1,,,,
26065909,2015-06-11,http://genome.igib.res.in/zflncRNApedia,zflncRNApedia,0.602053881,,0,zflncRNApedia,0.602053881,1,,,,
21276248,2011-01-28,"http://bindr.gdcb.iastate.edu/ZFNGenome, http://www.zincfingers.org",ZFNGenome,0.933807492,inc Finger,0.642919501,ZFNGenome,0.933807492,1,,,,
23203887,2012-11-29,http://zifdb.msi.umn.edu,ZiFDB,0.996439636,Zinc Finger Database,0.955517188,ZiFDB,0.996439636,1,,,,
29197720,2017-12-01,http://test5.bicpu.edu.in,ZikaBase,0.957984567,,0,ZikaBase,0.957984567,1,,,,
31512145,2019-09-11,http://zikavid.org,ZIKAVID,0.995752037,ZIKA Virus Infection Database,0.853707194,ZIKAVID,0.995752037,1,,,,
"30419167, 33759118, 24451008",2021-01-01,http://www.ZINClick.org,ZINClick,0.996718585,,0,ZINClick,0.996718585,3,,,,
41092271,2025-01-01,http://zoonosis.cn/zoonosis,Zoonosis,0.997462332,,0,Zoonosis,0.997462332,1,,,,
34634795,2022-01-01,http://www.mgc.ac.cn/ZOVER,ZOVER,0.996969223,,0,ZOVER,0.996969223,1,,,,
"34850139, 26450965",2022-01-01,http://awi.cuhk.edu.cn/,CircNet,0.982483149,,0,CircNet,0.982483149,2,,,,
"33270889, 25398901",2021-01-01,http://awi.cuhk.edu.cn/,MethHC,0.997448325,,0,MethHC,0.997448325,2,,,,
29351734,2018-01-19,http://ciliates.ihb.ac.cn/database/home,EOGD,0.995608449,octocarinatus Genome Database,0.981783918,EOGD,0.995608449,1,,,,
30217145,2018-09-14,http://ciliates.ihb.ac.cn/database/home,PPGD,0.992584169,persalinus genome database,0.981605089,PPGD,0.992584169,1,,,,
"32345360, 32345360, 32345360, 32345360",2020-04-28,http://circatlas.biols.ac.cn,CircAtlas,0.997903705,,0,CircAtlas,0.997903705,4,,,,
37739414,2024-01-01,"http://circatlas.biols.ac.cn, http://ngdc.cncb.ac.cn/circatlas",circAtlas,0.989849925,,0,circAtlas,0.989849925,1,,,,
30462313,2019-01-01,"http://cistrome.org/db, http://dbtoolkit.cistrome.org",Cistrome DB,0.963168994,Cistrome Data Browser,0.840564919,Cistrome DB,0.963168994,1,,,,
"26227548, 32621232, 28891124, 36281025, 41274550, 39956358",2020-01-01,http://dockground.compbio.ku.edu,DOCKGROUND,0.997901142,,0,DOCKGROUND,0.997901142,6,,,,
"34718738, 22110040, 24214962, 26615199, 31680160",2022-01-01,http://elm.eu.org,ELM,0.994939625,eukaryotic linear motif,0.945976029,ELM,0.994939625,5,,,,
31169974,2019-06-06,http://gdb.unibe.ch,GDBMedChem,0.997045815,Chemistry,0.490931183,GDBMedChem,0.997045815,1,,,,
32117874,2020-02-04,"http://gdb.unibe.ch, http://faerun.gdb.tools",GDB17,0.992214759,,0,GDB17,0.992214759,1,,,,
"26590259, 33221922, 25428374",2021-01-01,http://genome.ucsc.edu,UCSC Genome Browser,0.851264405,UCSC Genome Browser,0.851264405,UCSC Genome Browser,0.851264405,3,,,,
37129482,2023-06-01,"http://glycosmos.org, http://pubchem.ncbi.nlm.nih.gov",GlyCosmos,0.992889404,,0,GlyCosmos,0.992889404,1,,,,
36624666,2023-01-01,"http://juniper.health.unm.edu/tcrd/, http://pharos.nih.gov",IDG,0.993120909,Central Resource Database,0.89027224,IDG,0.993120909,1,,,,
33156327,2021-01-01,"http://juniper.health.unm.edu/tcrd/, http://pharos.nih.gov",TCRD,0.885566056,Central Resource Database,0.841031889,TCRD,0.885566056,1,,,,
22736877,2012-05-21,"http://kb.phenoscape.org, http://zfin.org",KB,0.750262052,,0,KB,0.750262052,1,,,,
33126250,2021-07-01,http://mlodis.phasep.pro,MloDisDB,0.996973872,,0,MloDisDB,0.996973872,1,,,,
40037809,2025-05-01,http://mlodis.phasep.pro,PhaSeDis,0.995889127,,0,PhaSeDis,0.995889127,1,,,,
"39558176, 31691819",2025-01-01,http://mulinlab.org/causaldb,CAUSALdb2,0.997295618,,0,CAUSALdb2,0.997295618,2,,,,
26973684,2016-03-04,http://pathways.cgrb.oregonstate.edu,FragariaCyc,0.99653697,,0,FragariaCyc,0.99653697,1,,,,
25538713,2014-12-09,http://pathways.cgrb.oregonstate.edu,VitisCyc,0.997620523,,0,VitisCyc,0.997620523,1,,,,
26555441,2015-11-10,"http://pharmdb-k.org, http://biomart.i-pharm.org",PharmDB-K,0.986358921,,0,PharmDB-K,0.986358921,1,,,,
"39558185, 34403192",2025-01-01,http://plantcyc.org,PMN,0.980039597,Plant Metabolic Network,0.702312887,PMN,0.980039597,2,,,,
24285306,2013-11-26,http://porteco.org,PortEco,0.997819364,,0,PortEco,0.997819364,1,,,,
22064863,2011-11-07,"http://porteco.org, http://ecoliwiki.net",EcoliWiki,0.997703433,,0,EcoliWiki,0.997703433,1,,,,
29718389,2018-07-01,http://pubchem.ncbi.nlm.nih.gov,PUG-REST,0.995439017,,0,PUG-REST,0.995439017,1,,,,
23180778,2012-11-24,"http://research.nhgri.nih.gov/ZInC/, http://zfin.org",ZInC,0.982900321,The Zebrafish Insertion Collection,0.843595777,ZInC,0.982900321,1,,,,
40316178,2025-04-30,http://smacc.mml.unc.edu,Heli-SMACC,0.99096458,Helicase-targeting SMAll Molecule Compound Collection,0.810894391,Heli-SMACC,0.99096458,1,,,,
"39840476, 37169224",2025-01-01,http://smacc.mml.unc.edu,SMACC,0.975630045,Small Molecule Antiviral Compound Collection,0.961171502,SMACC,0.975630045,2,,,,
36656904,2023-01-19,"http://tritrypdb.org, http://veupathdb.org",TriTrypDB,0.998348892,,0,TriTrypDB,0.998348892,1,,,,
"36309134, 40728624",2022-10-26,http://web.iitm.ac.in/bioinfo2/mpad,MPAD,0.991068204,Membrane Protein complex binding Affinity Database,0.993047562,Membrane Protein complex binding Affinity Database,0.993047562,2,,,,
"38907888, 25414323, 29858801, 33755549",2024-01-01,http://www.allelefrequencies.net,AFND,0.989334464,Allele Frequency Net Database,0.951628447,AFND,0.989334464,4,,,,
23584834,2013-04-12,"http://www.allelefrequencies.net, http://www.allelefrequencies.net/diseases",KDDB,0.99216032,Allele Frequency Net Database,0.929808199,KDDB,0.99216032,1,,,,
"23180796, 26602686, 30407520",2015-11-23,http://www.animalgenome.org/QTLdb,QTLdb,0.998483792,Animal QTL database,0.808126822,QTLdb,0.998483792,3,,,,
34850103,2022-01-01,"http://www.animalgenome.org/QTLdb, http://www.animalgenome.org/CorrDB",CorrDB,0.993110061,,0,CorrDB,0.993110061,1,,,,
"39565202, 36350672, 22096229, 25428371, 27899635, 30398656, 33156333",2025-01-01,http://www.ebi.ac.uk/interpro,InterPro,0.995504975,,0,InterPro,0.995504975,7,,,,
"39494541, 34723319, 21063943, 23203882, 30395289, 26527722",2025-01-01,http://www.ebi.ac.uk/pride,PRIDE,0.993364791,Proteomics Identifications Database,0.96215572,PRIDE,0.993364791,6,,,,
22701464,2012-06-11,"http://www.ebi.ac.uk/pride, http://gator.masc-proteomics.org",pep2pro,0.995340317,,0,pep2pro,0.995340317,1,,,,
"22155609, 27048349",2016-04-05,http://www.genecards.org,GeneCards,0.995489895,Human Integrated Protein Expression Database,0.944921303,GeneCards,0.995489895,2,,,,
28605766,2017-01-01,http://www.genecards.org,GeneHancer,0.987699628,,0,GeneHancer,0.987699628,1,,,,
22748168,2012-07-02,"http://www.i-pharm.org/, http://biomart.i-pharm.org",PharmDB,0.995387569,,0,PharmDB,0.995387569,1,,,,
"22075990, 23175610, 24285300, 25348401, 26578600, 27899570, 29092072, 30407599, 33231642",2021-01-01,http://www.informatics.jax.org,MGD,0.99467206,Mouse Genome Database,0.976606995,MGD,0.99467206,9,,,,
23200141,2012-09-29,http://www.isical.ac.in,miRT,0.972974837,,0,miRT,0.972974837,1,,,,
29201145,2017-11-21,http://www.isical.ac.in,OCDD,0.967281461,Obesity and Co-morbid Disease Database,0.974759728,Obesity and Co-morbid Disease Database,0.974759728,1,,,,
27603020,2016-09-07,"http://www.microrna.gr/tarbase, http://www.microrna.gr",DIANA-TarBase,0.983838618,,0,DIANA-TarBase,0.983838618,1,,,,
26340938,2015-09-04,http://www.mousephenotype.org,IKMC,0.861618261,International Knockout Mouse Consortium,0.697445065,IKMC,0.861618261,1,,,,
"36305825, 24194600",2023-01-01,http://www.mousephenotype.org,IMPC,0.863769869,International Mouse Phenotyping Consortium,0.594960988,IMPC,0.863769869,2,,,,
"25414350, 23193287, 39558184, 37889039",2014-11-20,http://www.ncbi.nlm.nih.gov/genbank,GenBank,0.843013585,,0,GenBank,0.843013585,4,,,,
"37933855, 23193258, 27008011",2024-01-01,http://www.ncbi.nlm.nih.gov/geo,GEO2R,0.986492356,,0,GEO2R,0.986492356,3,,,,
21887013,2011-04-22,http://www.research-bioinformatics.in,AnimalLectinDb,0.99539414,,0,AnimalLectinDb,0.99539414,1,,,,
22493537,2012-03-31,http://www.research-bioinformatics.in,BacterialLectinDb,0.95345632,,0,BacterialLectinDb,0.95345632,1,,,,
31410491,2020-01-01,http://web.expasy.org/abcd,ABCD,0.981157601,for AntiBodies Chemically Defined,0.948119296,ABCD,0.981157601,1,,,,
31501752,2019-09-03,http://www.bioinfoindia.org/abcd,ABCD,0.989302754,Alzheimer's disease Biomarkers Comprehensive Database,0.986439314,ABCD,0.989302754,1,,,,
37887413,2023-10-17,http://amdb.online,AMDB,0.997219721,Animal Metabolite Database,0.979104507,AMDB,0.997219721,1,,,,
34747470,2022-01-01,http://leb.snu.ac.kr/amdb,AMDB,0.997067213,atabase,0.984124243,AMDB,0.997067213,1,,,,
34755885,2022-01-01,http://appris.bioinfo.cnio.es,APPRIS,0.991514385,,0,APPRIS,0.991514385,1,,,,
"29069475, 23161672",2018-01-01,http://appris-tools.org,APPRIS,0.998272896,of,0.716509938,APPRIS,0.998272896,2,,,,
"27982098, 27982098, 27982098, 27982098, 27982098, 27982098, 27982098, 27982098, 27982098",2016-12-16,http://210.27.80.93/arn,ARN,0.983553469,Adipogenesis Regulation Network,0.879501736,ARN,0.983553469,9,,,,
25635527,2015-01-01,http://autophagy-regulation.org,ARN,0.983717382,Autophagy Regulatory Network,0.98153131,ARN,0.983717382,1,,,,
33588073,2021-02-12,http://asdb.jungleran.com,ASDB,0.989679317,sinensis omics database,0.906412411,ASDB,0.989679317,1,,,,
26822210,2016-01-28,http://www.rcdd.org.cn/asdb/with,ASDB,0.991850942,Annotated Scaffold Database,0.81746671,ASDB,0.991850942,1,,,,
28160322,2017-02-16,http://zlab.umassmed.edu/atlas/web,ATLAS,0.976716459,Altered TCR Ligand Affinities and Structures,0.972670598,ATLAS,0.976716459,1,,,,
37986215,2024-01-01,http://www.dsimb.inserm.fr/ATLAS,ATLAS,0.993874788,,0,ATLAS,0.993874788,1,,,,
"40400348, 33068435",2025-06-01,http://pro.unl.edu/AcrDB,AcrDB,0.997832954,,0,AcrDB,0.997832954,2,,,,
38557634,2024-04-01,http://proj.cse.cuhk.edu.hk/aihlab/pronet,AlphaFold2,0.989881694,,0,AlphaFold2,0.989881694,1,,,,
25352545,2014-10-28,http://swift.cmbi.ru.nl/gv/facilities,BDB,0.792936504,,0,BDB,0.792936504,1,,,,
26503249,2015-10-25,http://immunet.cn/bdb,BDB,0.991443157,Biopanning Data Bank,0.795208553,BDB,0.991443157,1,,,,
26110276,2015-06-25,http://donglab.ecnu.edu.cn/databases/BatGenome,BGD,0.959574401,Genome Database,0.728102009,BGD,0.959574401,1,,,,
"31647100, 26481361",2020-01-01,http://bovinegenome.org,BGD,0.996976018,Bovine Genome Database,0.979248871,BGD,0.996976018,2,,,,
"39656924, 33037820",2025-01-01,http://www.bgee.org,Bgee,0.995789826,,0,Bgee,0.995789826,2,,,,
"40357648, 25214827, 21672956",2025-07-01,http://bioportal.bioontology.org,BioPortal,0.977196991,,0,BioPortal,0.977196991,3,,,,
24185696,2013-10-31,http://www.med.unsw.edu.au/CRCWeb.nsf/page/BloodChIP,BloodChIP,0.998485148,,0,BloodChIP,0.998485148,1,,,,
"22064862, 24185697, 27738138",2016-10-13,http://www.candidagenome.org,CGD,0.991008719,Candida Genome Database,0.961281765,CGD,0.991008719,3,,,,
23696674,2013-05-21,http://research.nhgri.nih.gov/CGD,CGD,0.991376301,Clinical Genomic Database,0.881686285,CGD,0.991376301,1,,,,
32257241,2020-04-01,http://cgdb.bio2db.com,CGDB,0.994118055,Coriander Genomics Database,0.98100695,CGDB,0.994118055,1,,,,
27789706,2016-10-26,http://cgdb.biocuckoo.org,CGDB,0.998253147,of circadian genes in eukaryotes,0.924593337,CGDB,0.998253147,1,,,,
29934697,2018-12-01,http://www.chineselexicaldatabase.com,CLD,0.992355183,Chinese Lexical Database,0.949212909,CLD,0.992355183,1,,,,
26868053,2016-02-11,http://www.corvids.de/cld,CLD,0.986547867,Corvids Literature Database,0.931742728,CLD,0.986547867,1,,,,
"39494517, 33167031",2025-01-01,"http://www.ncbi.nlm.nih.gov/research/COG, http://ftp.ncbi.nlm.nih.gov/pub/COG",COG,0.928446889,Clusters of Orthologous Genes,0.892548233,COG,0.928446889,2,,,,
"38183204, 25355519, 27727438, 27899578, 30371878",2024-01-01,http://cancer.sanger.ac.uk/cosmic,COSMIC,0.99756813,Catalogue Of Somatic Mutations In Cancer,0.970964498,COSMIC,0.99756813,5,,,,
"37956324, 38995543, 29036719",2024-01-01,http://channelsdb2.biodata.ceitec.cz,ChannelsDB,0.998202503,,0,ChannelsDB,0.998202503,3,,,,
"39676654, 27899596, 31747015, 23143107, 25414346",2025-01-01,http://biosrv.org/chitars,ChiTaRS,0.9914096,Chimeric Transcripts and RNA-Sequencing database,0.837607004,ChiTaRS,0.9914096,5,,,,
27789702,2016-10-26,http://cistrome.org/db,Cistrome,0.987228572,Browser,0.58698076,Cistrome,0.987228572,1,,,,
27375595,2016-06-07,http://gph.niid.go.jp/geograph/dengue/content/genomemap,DGV,0.96955502,Dengue Genographic Viewer,0.616353422,DGV,0.96955502,1,,,,
24174537,2013-10-29,http://dgv.tcag.ca,DGV,0.99448659,Database of Genomic Variants,0.923672388,DGV,0.99448659,1,,,,
"37953279, 24203711",2024-01-01,http://go.drugbank.com,DrugBank,0.995137691,DrugBank Knowledgebase,0.558380052,DrugBank,0.995137691,2,,,,
40931240,2025-09-10,http://zenodo.org/records/15147817,ECBD,0.976182073,Emotional Crying Behavior Dataset,0.937450022,ECBD,0.976182073,1,,,,
39441065,2025-01-01,http://ecbd.eu,ECBD,0.996594667,European Chemical Biology Database,0.949669436,ECBD,0.996594667,1,,,,
35309132,2022-03-04,http://heomics.shinyapps.io/ecodb,ECO,0.68871665,,0,ECO,0.68871665,1,,,,
24569102,2014-02-22,http://eco.iarc.fr,ECO,0.859230498,European Cancer Observatory,0.629971464,ECO,0.859230498,1,,,,
"39968378, 30357418",2025-01-25,http://ngdc.cncb.ac.cn/edk,EDK,0.992027998,Editome-Disease Knowledgebase,0.989611737,EDK,0.992027998,2,,,,
"41168159, 32728249, 31713622, 29126249, 23193274",2025-10-30,http://www.encodeproject.org,ENCODE,0.986879021,The Encyclopedia of DNA Elements,0.854699457,ENCODE,0.986879021,5,,,,
"31680159, 23193273, 27899657, 25378343",2020-01-01,http://epd.epfl.ch,EPD,0.994761258,Eukaryotic Promoter Database,0.983197996,EPD,0.994761258,4,,,,
28981707,2018-01-01,http://peptracker.com/epd,EPD,0.979538023,Encyclopedia of Proteome Dynamics,0.85972634,EPD,0.979538023,1,,,,
"37953349, 28985416, 30945202",2024-01-01,http://www.sdklab-biophysics-dzu.net/EVLncRNAs3,EVLncRNAs,0.995015562,,0,EVLncRNAs,0.995015562,3,,,,
"37166973, 37166973, 37166973, 37166973",2023-07-01,http://maayanlab.cloud/enrichr-kg,Enrichr,0.995418251,,0,Enrichr,0.995418251,4,,,,
"27141961, 27141961, 27141961, 27141961, 27141961, 27141961, 27141961, 27141961, 27141961, 27141961, 27141961, 27141961, 27141961, 27141961, 27141961",2016-05-03,http://amp.pharm.mssm.edu/Enrichr,Enrichr,0.996474743,,0,Enrichr,0.996474743,15,,,,
"40381982, 26434508, 21989406, 24009883",2025-05-15,http://www.exocarta.org,ExoCarta,0.995963633,,0,ExoCarta,0.995963633,4,,,,
"39435987, 27924039, 22067456",2025-01-01,http://fgr.hms.harvard.edu/tools,FlyRNAi,0.996583045,Drosophila RNAi screening,0.770914784,FlyRNAi,0.996583045,3,,,,
"38529759, 22064857",2024-05-01,"http://fungidb.org, http://veupathdb.org",FungiDB,0.997218907,,0,FungiDB,0.997218907,2,,,,
"40996714, 28090394",2025-01-01,http://genome.science.sfu.ca/gexplore,GExplore,0.892829657,,0,GExplore,0.892829657,2,,,,
"25428361, 24931982",2014-11-26,http://apps.nhlbi.nih.gov/Grasp/Overview.aspx,GRASP,0.99731338,Genome-Wide Repository of Associations between SNPs and Phenotypes,0.985747047,GRASP,0.99731338,2,,,,
24007337,2013-09-04,http://www.graspdb.net,GRASP,0.996128678,Genomic Resource Access for Stoichioproteomics,0.944524201,GRASP,0.996128678,1,,,,
"39977364, 34175476",2025-05-01,http://ngdc.cncb.ac.cn/gwh,GWH,0.995265027,Genome Warehouse,0.928986808,GWH,0.995265027,2,,,,
"38886186, 30266410",2024-05-01,http://lifeome.net/database/hccdb2,HCCDB,0.998168528,Carcinoma,0.526366234,HCCDB,0.998168528,2,,,,
"39558177, 33264402",2025-01-01,"http://herb.ac.cn/v2, http://47.92.70.12",HERB,0.972203016,,0,HERB,0.972203016,2,,,,
36318261,2023-01-01,http://ngdc.cncb.ac.cn/hgd,HGD,0.993355513,Homologous Gene Database,0.964754403,HGD,0.993355513,1,,,,
"34747465, 29761469, 26578564",2022-01-01,http://hymenopteragenome.org,HGD,0.997601748,Hymenoptera Genome Database,0.993258144,HGD,0.997601748,3,,,,
37639797,2023-08-25,http://www.orgene.net/HMDB,HMDB,0.920714498,,0,HMDB,0.920714498,1,,,,
34986597,2022-01-01,http://hmdb.ca,HMDB,0.984358311,Human Metabolome Database,0.946645093,HMDB,0.984358311,1,,,,
"37870467, 22009673, 30407568",2024-01-01,http://tool2-mml.sjtu.edu.cn/ICEberg3,ICEberg,0.640117407,,0,ICEberg,0.640117407,3,,,,
"37962376, 34850907, 24194598, 26531826, 29140473, 31701148",2024-01-01,http://jaspar.elixir.no,JASPAR,0.993904173,,0,JASPAR,0.993904173,6,,,,
"33084889, 26496949",2021-01-01,http://klifs.net,KLIFS,0.998473823,inase-L,0.635523836,KLIFS,0.998473823,2,,,,
23825543,2013-06-18,http://biotechlab.fudan.edu.cn/database/lamp,LAMP,0.990910769,,0,LAMP,0.990910769,1,,,,
23193253,2012-11-27,http://www.llamp.net,LAMP,0.989832759,Library of Apicomplexan Metabolic Pathways,0.983664009,LAMP,0.989832759,1,,,,
"41510024, 23193296",2025-12-04,http://lucapedia.org,LUCApedia,0.997837782,,0,LUCApedia,0.997837782,2,,,,
"39470723, 33219686",2025-01-01,http://bio-bigdata.hrbmu.edu.cn/LnCeCell,LnCeCell,0.997025967,,0,LnCeCell,0.997025967,2,,,,
"41412488, 33125077",2025-12-16,http://www.aiddlab.com/MASI2025/index.html,MASI,0.987803578,microbiota-active substance interactions database,0.924483865,MASI,0.987803578,2,,,,
"39826711, 23118485, 25398900, 30462302",2025-01-16,http://mbgd.nibb.ac.jp,MBGD,0.990653872,microbial genome database for comparative analysis,0.900049647,MBGD,0.990653872,4,,,,
"39526403, 29036655",2025-01-01,http://mfib.pbrg.hu,MFIB,0.981060028,Mutual Folding Induced by,0.731679062,MFIB,0.981060028,2,,,,
26424083,2015-09-30,http://bioinfo.ahu.edu.cn:8080/Melanoma/index.jsp,MGDB,0.996766806,Melanoma Gene Database,0.976466978,MGDB,0.996766806,1,,,,
21904429,2011-08-02,http://mpgdb.ibioinformatics.org/mpgdb.php,MGDB,0.991700888,Unlabelled Mycobacteriophage genome database,0.943340257,MGDB,0.991700888,1,,,,
"38531069, 23110975, 29761459, 34698891",2024-05-01,http://informatics.jax.org,MGI,0.983090103,Mouse Genome Informatics,0.812098155,MGI,0.983090103,4,,,,
28293068,2016-11-29,http://14.139.229.199/home.aspx,MMDB,0.978604794,Magnaporthe oryzae Microsatellite Database,0.971214314,MMDB,0.978604794,1,,,,
"24319143, 22135289",2013-12-06,http://www.ncbi.nlm.nih.gov/Structure,MMDB,0.99548922,Molecular Modeling Database,0.961676583,MMDB,0.99548922,2,,,,
"36330959, 22102583, 29136208, 31696236",2023-01-01,http://phenome.jax.org,MPD,0.996881326,Mouse Phenome Database,0.988143757,MPD,0.996881326,4,,,,
29917040,2018-01-01,http://data.mypathogen.org,MPD,0.986540794,pathogen,0.605002284,MPD,0.986540794,1,,,,
34362451,2021-08-06,http://www.medicinalplantbd.com,MPDB,0.990668297,,0,MPDB,0.990668297,1,,,,
28104956,2016-04-10,http://pranag.physics.iisc.ernet.in/mpdb,MPDB,0.995024717,Molecular Pathways Brain Database,0.991229546,MPDB,0.995024717,1,,,,
"40900656, 33683131",2025-09-18,http://mrmassaydb2.proteomicscentre.com,MRMAssayDB,0.997641921,,0,MRMAssayDB,0.997641921,2,,,,
"40276250, 26822098",2025-04-03,http://mtd.biodesign.ac.cn,MTD,0.986400823,mammalian transcriptomic database,0.553143755,MTD,0.986400823,2,,,,
"39558161, 25378329",2025-01-01,http://matrixdb.univ-lyon1.fr,MatrixDB,0.997984529,the extracellular matrix interaction database,0.829914348,MatrixDB,0.997984529,2,,,,
"37850642, 30380113",2024-01-01,http://methmotif.org,MethMotif,0.995933473,,0,MethMotif,0.995933473,2,,,,
"39470745, 22139910",2025-01-01,"http://www.ncbi.nlm.nih.gov/taxonomy, http://www.ncbi.nlm.nih.gov/datasets",NCBI Taxonomy,0.87996386,,0,NCBI Taxonomy,0.87996386,2,,,,
33021634,2021-01-01,http://ndb.rice.edu,NDB,0.968252078,Nucleome Data Bank,0.928795207,NDB,0.968252078,1,,,,
24185695,2013-10-31,http://ndbserver.rutgers.edu,NDB,0.992138386,Nucleic Acid Database,0.922201002,NDB,0.992138386,1,,,,
"38878855, 30335176",2024-06-13,http://ngdc.cncb.ac.cn/nucmap,NucMap,0.996892318,nucleosome positioning map,0.91362164,NucMap,0.996892318,2,,,,
"39988118, 33442735",2025-02-21,http://oglcnac.org/atlas,O-GlcNAcAtlas,0.984077953,,0,O-GlcNAcAtlas,0.984077953,2,,,,
"37956315, 32780568",2024-01-01,http://www.openprot.org,OpenProt,0.995658994,,0,OpenProt,0.995658994,2,,,,
"37843103, 24723423",2024-01-01,http://orthomam.mbb.cnrs.fr,OrthoMaM,0.997223616,,0,OrthoMaM,0.997223616,2,,,,
34303324,2021-07-26,http://pitgroup.org/amyloid,PDB,0.981093069,Data Bank,0.642776877,PDB,0.981093069,1,,,,
"32558264, 28296894, 27450113",2020-06-17,http://pdb101.rcsb.org,PDB,0.993884663,Worldwide Protein Data Bank organization,0.829005563,PDB,0.993884663,3,,,,
"37904608, 33305318, 34252246",2024-01-01,http://proteinensemble.org,PED,0.985365828,Protein Ensemble Database,0.779749259,PED,0.985365828,3,,,,
30364952,2019-01-01,http://bigd.big.ac.cn/ped,PED,0.992514034,Plant Editosome Database,0.983514047,PED,0.992514034,1,,,,
"24163255, 29059374",2018-01-01,http://www.pancreasexpression.org,PED,0.995105187,Pancreatic Expression Database,0.927990806,PED,0.995105187,2,,,,
38331722,2024-02-08,http://passionfruit.com.cn,PGD,0.938601136,Passionfruit Genomic Database,0.922212452,PGD,0.938601136,1,,,,
30245835,2018-09-17,http://pineapple.angiosperms.org/pineapple/html/index.html,PGD,0.995591462,Pineapple Genomics Database,0.916814101,PGD,0.995591462,1,,,,
27616775,2016-09-11,http://pangolin-genome.um.edu.my,PGD,0.98055391,Pangolin Genome Database,0.940320601,PGD,0.98055391,1,,,,
"39565221, 34850116, 30380090",2025-01-01,http://www.ccb.uni-saarland.de/plsdb2025,PLSDB,0.992310107,,0,PLSDB,0.992310107,3,,,,
"39329270, 30244175",2025-01-01,http://ptmd.biocuckoo.cn,PTMD,0.985867262,,0,PTMD,0.985867262,2,,,,
"37870463, 29036324",2024-01-01,http://hanlaboratory.com/PancanQTLv2,PancanQTL,0.996932268,,0,PancanQTL,0.996932268,2,,,,
24939129,2014-06-17,http://www.peptideatlas.org,PeptideAtlas,0.972864509,,0,PeptideAtlas,0.972864509,1,,,,
"39540428, 26673716, 30357350, 33125078, 24288371",2025-01-01,http://www.ebi.ac.uk/interpro,Pfam,0.990840673,the protein families database,0.763704188,Pfam,0.990840673,5,,,,
34387941,2021-08-01,http://www.pharmgkb.org,PharmGKB,0.997299695,Pharmacogenomics Knowledgebase,0.730918014,PharmGKB,0.997299695,1,,,,
22564364,2012-04-30,http://bioai4core.fulton.asu.edu/snpshot,PharmGKB,0.992674232,,0,PharmGKB,0.992674232,1,,,,
"37986220, 35037224, 27799469, 31680153",2024-01-01,http://plantreactome.gramene.org,Plant Reactome,0.934845229,Plant Reactome Knowledgebase,0.714879185,Plant Reactome,0.934845229,4,,,,
"37897338, 30395277",2024-01-01,http://plantpan.itps.ncku.edu.tw,PlantPAN,0.996323383,Plant Promoter Analysis Navigator,0.927395006,PlantPAN,0.996323383,2,,,,
"40380054, 34554254, 31602478",2025-01-01,http://pmiren.com,PmiREN,0.997984946,Plant miRNA Encyclopedia,0.926905349,PmiREN,0.997984946,3,,,,
"38376816, 25361970",2024-05-01,"http://www.pombase.org, http://globalbiodata.org",PomBase,0.994939148,,0,PomBase,0.994939148,2,,,,
"39558165, 36305812, 35227770, 22140110, 24198245, 26400175, 27899599, 30371825, 33151290, 28346087",2025-01-01,http://pubchem.ncbi.nlm.nih.gov,PubChem,0.990066409,,0,PubChem,0.990066409,10,,,,
40156933,2025-03-27,http://levf.org/raid,RAID,0.933103879,The rodent aging interventions database,0.874231863,RAID,0.933103879,1,,,,
24803509,2014-05-06,http://www.rna-society.org/raid,RAID,0.7922194,,0,RAID,0.7922194,1,,,,
"39546630, 33068412",2025-01-01,http://rasp2.zhanglab.net,RASP,0.992025733,RNA Atlas of Structure Probing,0.901401392,RASP,0.992025733,2,,,,
38845051,2024-06-06,http://yu.life.sjtu.edu.cn/ChenLab/RCDB,RCDB,0.96893094,Reproductive Chemical Database,0.948652834,RCDB,0.96893094,1,,,,
22608002,2012-05-18,http://www.juit.ac.in/attachments/jsr/rcdb/homenew.html,RCDB,0.995647073,Renal Cancer Gene Database,0.962979174,RCDB,0.995647073,1,,,,
"39240653, 23457042",2024-09-01,http://www.rcpediadb.org,RCPedia,0.993256867,,0,RCPedia,0.993256867,2,,,,
"38597878, 27794042, 23193259, 25428375",2024-05-01,http://www.rcsb.org,RCSB PDB,0.994570589,Data Bank,0.701618314,RCSB PDB,0.994570589,4,,,,
"39588754, 33104797, 27587585",2025-01-01,http://srv00.recas.ba.infn.it/atlas,REDIportal,0.996106863,,0,REDIportal,0.996106863,3,,,,
34643708,2022-01-01,http://animal.nwsuaf.edu.cn/RGD,RGD,0.995982925,Ruminant Genome Database,0.989468356,RGD,0.995982925,1,,,,
"37347557, 36930729, 21296746, 21321022, 21478484, 23255149, 23603846, 23794737, 23881287, 25355511, 27602200, 27736745, 29761460, 31713623, 34741192, 27009807",2023-06-01,http://rgd.mcw.edu,RGD,0.984376073,Rat Genome Database,0.897326604,RGD,0.984376073,16,,,,
"39436017, 33021671",2025-01-01,http://rmvar.renlab.cn,RMVar,0.992782235,,0,RMVar,0.992782235,2,,,,
"39319601, 30335166, 26433228",2025-01-01,"http://www.rpfdb.org, http://sysbio.gzzoc.com/rpfdb",RPFdb,0.996379256,,0,RPFdb,0.996379256,3,,,,
"39460625, 34718734",2025-01-01,http://rps.renlab.cn,RPS,0.972729206,,0,RPS,0.972729206,2,,,,
"39167719, 28964253",2024-08-01,"http://14.139.229.201/RiceMetaSys_miRNA, http://14.139.229.201/RiceMetaSysA/Drought",RiceMetaSys,0.956623197,,0,RiceMetaSys,0.956623197,2,,,,
"39714149, 34634820",2024-12-23,"http://bio-annotation.cn/scovid, http://bio-computing.hrbmu.edu.cn/scovid",SCovid,0.99765712,,0,SCovid,0.99765712,2,,,,
24364888,2013-12-23,http://bioinformatics.towson.edu/strawberry/Default.aspx,SGR,0.919245839,,0,SGR,0.919245839,1,,,,
23730305,2013-05-20,http://systems.genetics.ucla.edu,SGR,0.993947387,Systems Genetics Resource,0.927626471,SGR,0.993947387,1,,,,
34648133,2021-10-14,http://smart.omicstudio.cloud,SMART,0.978860319,,0,SMART,0.978860319,1,,,,
29040681,2018-01-01,http://smart.embl.de,SMART,0.996265411,Simple Modular Architecture Research Tool,0.979393108,SMART,0.996265411,1,,,,
37953313,2024-01-01,http://scproteomicsdb.com,SPDB,0.995055914,Single-cell Proteomic DataBase,0.978063144,SPDB,0.995055914,1,,,,
32761141,2020-01-01,http://spdatabase.com:2080,SPDB,0.982828304,Swine Pathogen Database,0.946259499,SPDB,0.982828304,1,,,,
"39479781, 27412095",2025-01-01,http://ssbd.riken.jp,SSBD,0.980243762,Systems Science of Biological Dynamics database,0.951881438,SSBD,0.980243762,2,,,,
"39441067, 34664671, 22096228, 24178028, 26433225, 29788229",2025-01-01,http://subtiwiki.uni-goettingen.de/v5,SubtiWiki,0.997424006,,0,SubtiWiki,0.997424006,6,,,,
"38000392, 28985418",2024-01-01,http://systemhc.sjtu.edu.cn,SysteMHC,0.961411715,,0,SysteMHC,0.961411715,2,,,,
41131129,2025-10-23,http://indianteagenome.in:8080/tcdb,TCDB,0.988380611,repository,0.539407194,TCDB,0.988380611,1,,,,
"24225317, 26546518",2015-11-05,http://www.tcdb.org,TCDB,0.996765494,The Transporter Classification Database,0.959318292,TCDB,0.996765494,2,,,,
"41378136, 36483087",2025-09-17,http://tvir2.bio2db.com,TVIR,0.990314305,Vegetable Information Resource,0.844727948,TVIR,0.990314305,2,,,,
"37986224, 22135297, 29156006, 25416803",2024-01-01,http://dianalab.e-ce.uth.gr/tarbasev9,TarBase,0.995145559,,0,TarBase,0.995145559,4,,,,
"37889052, 33174598",2024-01-01,"http://unilectin.unige.ch/, http://unilectin.unige.ch/humanLectome",UniLectin,0.981569886,,0,UniLectin,0.981569886,2,,,,
"39530225, 24356117",2025-01-01,http://www.ncbi.nlm.nih.gov/snp,dbSNP,0.992551982,Single Nucleotide Polymorphism Database,0.93525891,dbSNP,0.992551982,2,,,,
27402678,2016-07-09,http://www.actrec.gov.in/pi-webpages/AmitDutt/TMCSNP/TMCSNPdp.html,dbSNP,0.988259852,,0,dbSNP,0.988259852,1,,,,
"39475181, 34500458",2025-01-01,http://bio-computing.hrbmu.edu.cn/gutmgene,gutMGene,0.995524943,,0,gutMGene,0.995524943,2,,,,
"39526388, 30371881",2025-01-01,http://ngdc.cncb.ac.cn/idog,iDog,0.997192383,,0,iDog,0.997192383,2,,,,
"39578692, 34850920, 31647101, 26590260, 29126174, 24304892",2025-01-01,http://mirtarbase.cuhk.edu.cn/,miRTarBase,0.9938097,,0,miRTarBase,0.9938097,6,,,,
"39546046, 35181599",2024-11-15,http://bioinfo.icgeb.res.in/psatdb,pSATdb,0.996476412,polymorphic microSATellites database,0.949501443,pSATdb,0.996476412,2,,,,
